State,ZipCode,TaxRegionName,EstimatedCombinedRate,StateRate,EstimatedCountyRate,EstimatedCityRate,EstimatedSpecialRate,RiskLevel
IL,60002,ANTIOCH,0.090000,0.062500,0.000000,0.010000,0.017500,0
IL,60004,ARLINGTON HEIGHTS,0.100000,0.062500,0.017500,0.010000,0.010000,0
IL,60005,ROLLING MEADOWS,0.102500,0.062500,0.017500,0.012500,0.010000,0
IL,60006,ARLINGTON HEIGHTS,0.100000,0.062500,0.017500,0.010000,0.010000,0
IL,60007,CHICAGO O'HARE INTERNATIONAL AIRPORT,0.102500,0.062500,0.017500,0.012500,0.010000,0
IL,60008,ROLLING MEADOWS,0.102500,0.062500,0.017500,0.012500,0.010000,0
IL,60009,ELK GROVE VILLAGE,0.100000,0.062500,0.017500,0.010000,0.010000,0
IL,60010,BARRINGTON,0.100000,0.062500,0.017500,0.010000,0.010000,0
IL,60011,BARRINGTON,0.100000,0.062500,0.017500,0.010000,0.010000,0
IL,60012,CRYSTAL LAKE,0.085000,0.062500,0.002500,0.012500,0.007500,0
IL,60013,CRYSTAL LAKE,0.085000,0.062500,0.002500,0.012500,0.007500,0
IL,60014,CRYSTAL LAKE,0.085000,0.062500,0.002500,0.012500,0.007500,0
IL,60015,DEERFIELD,0.100000,0.062500,0.017500,0.010000,0.010000,0
IL,60016,NILES,0.102500,0.062500,0.017500,0.012500,0.010000,0
IL,60017,DES PLAINES,0.100000,0.062500,0.017500,0.010000,0.010000,0
IL,60018,CHICAGO,0.102500,0.062500,0.017500,0.012500,0.010000,0
IL,60019,DES PLAINES,0.100000,0.062500,0.017500,0.010000,0.010000,0
IL,60020,FOX LAKE CENTRAL BD SP,0.085000,0.062500,0.000000,0.005000,0.017500,0
IL,60021,FOX RIVER GROVE,0.082500,0.062500,0.002500,0.010000,0.007500,0
IL,60022,REGIONAL TRANSPORT. AUTHORITY (RTA),0.090000,0.062500,0.017500,0.000000,0.010000,0
IL,60025,GLENVIEW CHESTNUT-WAUKEGAN BUSINESS DISTRICT SP,0.107500,0.062500,0.017500,0.007500,0.020000,0
IL,60026,NORTHBROOK,0.100000,0.062500,0.017500,0.010000,0.010000,0
IL,60029,GLENVIEW,0.097500,0.062500,0.017500,0.007500,0.010000,0
IL,60030,BARRINGTON,0.080000,0.062500,0.000000,0.010000,0.007500,0
IL,60031,GURNEE,0.085000,0.062500,0.000000,0.015000,0.007500,0
IL,60033,HARVARD,0.082500,0.062500,0.002500,0.010000,0.007500,0
IL,60034,REGIONAL TRANSPORT. AUTHORITY (RTA),0.072500,0.062500,0.002500,0.000000,0.007500,0
IL,60035,HIGHWOOD,0.090000,0.062500,0.000000,0.020000,0.007500,0
IL,60037,LAKE FOREST,0.080000,0.062500,0.000000,0.010000,0.007500,0
IL,60038,REGIONAL TRANSPORT. AUTHORITY (RTA),0.090000,0.062500,0.017500,0.000000,0.010000,0
IL,60039,CRYSTAL LAKE,0.085000,0.062500,0.002500,0.012500,0.007500,0
IL,60040,HIGHWOOD,0.090000,0.062500,0.000000,0.020000,0.007500,0
IL,60041,FOX LAKE SOUTH BD SP,0.085000,0.062500,0.000000,0.005000,0.017500,0
IL,60042,REGIONAL TRANSPORT. AUTHORITY (RTA),0.072500,0.062500,0.002500,0.000000,0.007500,0
IL,60043,KENILWORTH,0.100000,0.062500,0.017500,0.010000,0.010000,0
IL,60044,GREEN OAKS,0.080000,0.062500,0.000000,0.010000,0.007500,0
IL,60045,GREEN OAKS,0.080000,0.062500,0.000000,0.010000,0.007500,0
IL,60046,LAKE VILLA DOWNTOWN BD SP,0.090000,0.062500,0.000000,0.010000,0.017500,0
IL,60047,LONG GROVE RTE 83 BD SP,0.090000,0.062500,0.000000,0.010000,0.017500,0
IL,60048,GURNEE,0.085000,0.062500,0.000000,0.015000,0.007500,0
IL,60050,BULL VALLEY,0.082500,0.062500,0.002500,0.010000,0.007500,0
IL,60051,JOHNSBURG,0.082500,0.062500,0.002500,0.010000,0.007500,0
IL,60053,MORTON GROVE DEMPSTER WAUKEGAN BUSINESS DISTRICT,0.105000,0.062500,0.017500,0.012500,0.012500,0
IL,60055,PALATINE,0.100000,0.062500,0.017500,0.010000,0.010000,0
IL,60056,MOUNT PROSPECT BD SP,0.102500,0.062500,0.017500,0.010000,0.012500,0
IL,60060,LIBERTYVILLE,0.085000,0.062500,0.000000,0.015000,0.007500,0
IL,60061,MUNDELEIN,0.082500,0.062500,0.000000,0.012500,0.007500,0
IL,60062,DEERFIELD,0.100000,0.062500,0.017500,0.010000,0.010000,0
IL,60064,WAUKEGAN,0.085000,0.062500,0.000000,0.015000,0.007500,0
IL,60065,NORTHBROOK,0.100000,0.062500,0.017500,0.010000,0.010000,0
IL,60067,ROLLING MEADOWS,0.102500,0.062500,0.017500,0.012500,0.010000,0
IL,60068,CHICAGO,0.102500,0.062500,0.017500,0.012500,0.010000,0
IL,60069,BUFFALO GROVE,0.080000,0.062500,0.000000,0.010000,0.007500,0
IL,60070,PROSPECT HEIGHTS,0.100000,0.062500,0.017500,0.010000,0.010000,0
IL,60071,RICHMOND,0.082500,0.062500,0.002500,0.010000,0.007500,0
IL,60072,REGIONAL TRANSPORT. AUTHORITY (RTA),0.072500,0.062500,0.002500,0.000000,0.007500,0
IL,60073,LAKEMOOR,0.080000,0.062500,0.000000,0.010000,0.007500,0
IL,60074,DEER PARK,0.100000,0.062500,0.017500,0.010000,0.010000,0
IL,60075,REGIONAL TRANSPORT. AUTHORITY (RTA),0.070000,0.062500,0.000000,0.000000,0.007500,0
IL,60076,CHICAGO,0.102500,0.062500,0.017500,0.012500,0.010000,0
IL,60077,SKOKIE,0.112500,0.062500,0.017500,0.012500,0.020000,0
IL,60078,PALATINE,0.100000,0.062500,0.017500,0.010000,0.010000,0
IL,60079,WAUKEGAN,0.085000,0.062500,0.000000,0.015000,0.007500,0
IL,60081,SPRING GROVE,0.082500,0.062500,0.002500,0.010000,0.007500,0
IL,60082,NORTHBROOK,0.100000,0.062500,0.017500,0.010000,0.010000,0
IL,60083,WAUKEGAN,0.085000,0.062500,0.000000,0.015000,0.007500,0
IL,60084,HAWTHORN WOODS,0.080000,0.062500,0.000000,0.010000,0.007500,0
IL,60085,WAUKEGAN,0.085000,0.062500,0.000000,0.015000,0.007500,0
IL,60086,NORTH CHICAGO,0.080000,0.062500,0.000000,0.010000,0.007500,0
IL,60087,GURNEE,0.085000,0.062500,0.000000,0.015000,0.007500,0
IL,60088,NORTH CHICAGO,0.080000,0.062500,0.000000,0.010000,0.007500,0
IL,60089,ARLINGTON HEIGHTS,0.100000,0.062500,0.017500,0.010000,0.010000,0
IL,60090,BUFFALO GROVE,0.100000,0.062500,0.017500,0.010000,0.010000,0
IL,60091,KENILWORTH,0.100000,0.062500,0.017500,0.010000,0.010000,0
IL,60093,NORTHFIELD,0.100000,0.062500,0.017500,0.010000,0.010000,0
IL,60094,PALATINE,0.100000,0.062500,0.017500,0.010000,0.010000,0
IL,60095,PALATINE,0.100000,0.062500,0.017500,0.010000,0.010000,0
IL,60096,REGIONAL TRANSPORT. AUTHORITY (RTA),0.070000,0.062500,0.000000,0.000000,0.007500,0
IL,60097,BULL VALLEY,0.082500,0.062500,0.002500,0.010000,0.007500,0
IL,60098,CRYSTAL LAKE,0.085000,0.062500,0.002500,0.012500,0.007500,0
IL,60099,WAUKEGAN,0.085000,0.062500,0.000000,0.015000,0.007500,0
IL,60101,ADDISON,0.087500,0.062500,0.000000,0.017500,0.007500,0
IL,60102,ALGONQUIN,0.082500,0.062500,0.002500,0.010000,0.007500,0
IL,60103,BARTLETT,0.107500,0.062500,0.017500,0.017500,0.010000,0
IL,60104,REGIONAL TRANSPORT. AUTHORITY (RTA),0.105000,0.062500,0.017500,0.015000,0.010000,0
IL,60105,BENSENVILLE,0.080000,0.062500,0.000000,0.010000,0.007500,0
IL,60106,REGIONAL TRANSPORT. AUTHORITY (RTA),0.090000,0.062500,0.017500,0.000000,0.010000,0
IL,60107,BARTLETT,0.107500,0.062500,0.017500,0.017500,0.010000,0
IL,60108,BLOOMINGDALE/STRATFORD SQ BUS DIST,0.085000,0.062500,0.000000,0.005000,0.017500,0
IL,60109,REGIONAL TRANSPORT. AUTHORITY (RTA),0.070000,0.062500,0.000000,0.000000,0.007500,0
IL,60110,CARPENTERSVILLE,0.090000,0.062500,0.000000,0.020000,0.007500,0
IL,60111,DEKALB,0.062500,0.062500,0.000000,0.000000,0.000000,0
IL,60112,DEKALB,0.080000,0.062500,0.000000,0.017500,0.000000,0
IL,60113,CRESTON,0.062500,0.062500,0.000000,0.000000,0.000000,0
IL,60115,DEKALB,0.080000,0.062500,0.000000,0.017500,0.000000,0
IL,60116,CAROL STREAM,0.080000,0.062500,0.000000,0.010000,0.007500,0
IL,60117,BLOOMINGDALE,0.075000,0.062500,0.000000,0.005000,0.007500,0
IL,60118,EAST DUNDEE,0.110000,0.062500,0.017500,0.020000,0.010000,0
IL,60119,ELBURN,0.080000,0.062500,0.000000,0.010000,0.007500,0
IL,60120,BARTLETT,0.107500,0.062500,0.017500,0.017500,0.010000,0
IL,60121,ELGIN,0.085000,0.062500,0.000000,0.015000,0.007500,0
IL,60122,CAROL STREAM,0.080000,0.062500,0.000000,0.010000,0.007500,0
IL,60123,ELGIN,0.085000,0.062500,0.000000,0.015000,0.007500,0
IL,60124,ELGIN,0.085000,0.062500,0.000000,0.015000,0.007500,0
IL,60126,ELMHURST,0.105000,0.062500,0.017500,0.015000,0.010000,0
IL,60128,CAROL STREAM,0.080000,0.062500,0.000000,0.010000,0.007500,0
IL,60129,DEKALB,0.062500,0.062500,0.000000,0.000000,0.000000,0
IL,60130,BERWYN,0.107500,0.062500,0.017500,0.017500,0.010000,0
IL,60131,MELROSE PARK,0.105000,0.062500,0.017500,0.015000,0.010000,0
IL,60132,CAROL STREAM,0.080000,0.062500,0.000000,0.010000,0.007500,0
IL,60133,HANOVER PARK,0.100000,0.062500,0.017500,0.010000,0.010000,0
IL,60134,SAINT CHARLES,0.085000,0.062500,0.000000,0.015000,0.007500,0
IL,60135,BOONE,0.077500,0.062500,0.015000,0.000000,0.000000,0
IL,60136,GILBERTS,0.080000,0.062500,0.000000,0.010000,0.007500,0
IL,60137,GLENDALE HEIGHTS,0.085000,0.062500,0.000000,0.015000,0.007500,0
IL,60138,GLEN ELLYN,0.082500,0.062500,0.000000,0.012500,0.007500,0
IL,60139,GLENDALE HEIGHTS,0.085000,0.062500,0.000000,0.015000,0.007500,0
IL,60140,ELGIN,0.085000,0.062500,0.000000,0.015000,0.007500,0
IL,60141,REGIONAL TRANSPORT. AUTHORITY (RTA),0.090000,0.062500,0.017500,0.000000,0.010000,0
IL,60142,ALGONQUIN,0.082500,0.062500,0.002500,0.010000,0.007500,0
IL,60143,ADDISON,0.087500,0.062500,0.000000,0.017500,0.007500,0
IL,60144,KANEVILLE,0.070000,0.062500,0.000000,0.000000,0.007500,0
IL,60145,BOONE,0.077500,0.062500,0.015000,0.000000,0.000000,0
IL,60146,BOONE,0.077500,0.062500,0.015000,0.000000,0.000000,0
IL,60147,REGIONAL TRANSPORT. AUTHORITY (RTA),0.070000,0.062500,0.000000,0.000000,0.007500,0
IL,60148,LOMBARD,0.090000,0.062500,0.000000,0.010000,0.017500,0
IL,60150,DEKALB,0.062500,0.062500,0.000000,0.000000,0.000000,0
IL,60151,MAPLE PARK,0.080000,0.062500,0.000000,0.010000,0.007500,0
IL,60152,MARENGO,0.082500,0.062500,0.002500,0.010000,0.007500,0
IL,60153,BROADVIEW,0.100000,0.062500,0.017500,0.010000,0.010000,0
IL,60154,HILLSIDE,0.100000,0.062500,0.017500,0.010000,0.010000,0
IL,60155,BROADVIEW,0.100000,0.062500,0.017500,0.010000,0.010000,0
IL,60156,CRYSTAL LAKE,0.085000,0.062500,0.002500,0.012500,0.007500,0
IL,60157,ROSELLE,0.085000,0.062500,0.000000,0.015000,0.007500,0
IL,60159,SCHAUMBURG,0.100000,0.062500,0.017500,0.010000,0.010000,0
IL,60160,RIVER GROVE,0.110000,0.062500,0.017500,0.020000,0.010000,0
IL,60161,MELROSE PARK,0.105000,0.062500,0.017500,0.015000,0.010000,0
IL,60162,REGIONAL TRANSPORT. AUTHORITY (RTA),0.105000,0.062500,0.017500,0.015000,0.010000,0
IL,60163,REGIONAL TRANSPORT. AUTHORITY (RTA),0.105000,0.062500,0.017500,0.015000,0.010000,0
IL,60164,MELROSE PARK,0.105000,0.062500,0.017500,0.015000,0.010000,0
IL,60165,MELROSE PARK,0.105000,0.062500,0.017500,0.015000,0.010000,0
IL,60168,SCHAUMBURG,0.100000,0.062500,0.017500,0.010000,0.010000,0
IL,60169,HOFFMAN ESTATES,0.100000,0.062500,0.017500,0.010000,0.010000,0
IL,60171,RIVER GROVE,0.110000,0.062500,0.017500,0.020000,0.010000,0
IL,60172,ROSELLE,0.105000,0.062500,0.017500,0.015000,0.010000,0
IL,60173,HOFFMAN ESTATES,0.100000,0.062500,0.017500,0.010000,0.010000,0
IL,60174,SAINT CHARLES,0.085000,0.062500,0.000000,0.015000,0.007500,0
IL,60175,ELGIN,0.085000,0.062500,0.000000,0.015000,0.007500,0
IL,60176,FRANKLIN PARK,0.100000,0.062500,0.017500,0.010000,0.010000,0
IL,60177,ELGIN,0.085000,0.062500,0.000000,0.015000,0.007500,0
IL,60178,DEKALB,0.080000,0.062500,0.000000,0.017500,0.000000,0
IL,60179,HOFFMAN ESTATES,0.100000,0.062500,0.017500,0.010000,0.010000,0
IL,60180,REGIONAL TRANSPORT. AUTHORITY (RTA),0.072500,0.062500,0.002500,0.000000,0.007500,0
IL,60181,OAKBROOK TERRACE SQ BD SP,0.090000,0.062500,0.000000,0.010000,0.017500,0
IL,60183,CAMPTON HILLS,0.070000,0.062500,0.000000,0.000000,0.007500,0
IL,60184,SAINT CHARLES,0.085000,0.062500,0.000000,0.015000,0.007500,0
IL,60185,BARTLETT,0.087500,0.062500,0.000000,0.017500,0.007500,0
IL,60186,WEST CHICAGO,0.085000,0.062500,0.000000,0.015000,0.007500,0
IL,60187,GLEN ELLYN,0.082500,0.062500,0.000000,0.012500,0.007500,0
IL,60188,GLENDALE HEIGHTS,0.085000,0.062500,0.000000,0.015000,0.007500,0
IL,60189,GLEN ELLYN,0.082500,0.062500,0.000000,0.012500,0.007500,0
IL,60190,WINFIELD,0.080000,0.062500,0.000000,0.010000,0.007500,0
IL,60191,ADDISON,0.087500,0.062500,0.000000,0.017500,0.007500,0
IL,60192,HOFFMAN ESTATES,0.100000,0.062500,0.017500,0.010000,0.010000,0
IL,60193,ROSELLE,0.105000,0.062500,0.017500,0.015000,0.010000,0
IL,60194,ROSELLE,0.105000,0.062500,0.017500,0.015000,0.010000,0
IL,60195,HOFFMAN ESTATES,0.100000,0.062500,0.017500,0.010000,0.010000,0
IL,60196,PALATINE,0.100000,0.062500,0.017500,0.010000,0.010000,0
IL,60197,CAROL STREAM,0.080000,0.062500,0.000000,0.010000,0.007500,0
IL,60199,CAROL STREAM,0.080000,0.062500,0.000000,0.010000,0.007500,0
IL,60201,EVANSTON,0.102500,0.062500,0.017500,0.012500,0.010000,0
IL,60202,CHICAGO,0.102500,0.062500,0.017500,0.012500,0.010000,0
IL,60203,SKOKIE,0.102500,0.062500,0.017500,0.012500,0.010000,0
IL,60204,EVANSTON,0.102500,0.062500,0.017500,0.012500,0.010000,0
IL,60208,EVANSTON,0.102500,0.062500,0.017500,0.012500,0.010000,0
IL,60301,OAK PARK,0.100000,0.062500,0.017500,0.010000,0.010000,0
IL,60302,CHICAGO,0.102500,0.062500,0.017500,0.012500,0.010000,0
IL,60303,OAK PARK,0.100000,0.062500,0.017500,0.010000,0.010000,0
IL,60304,CHICAGO,0.102500,0.062500,0.017500,0.012500,0.010000,0
IL,60305,ELMWOOD PARK HARLEM AVE NORTH AVE BUSINESS DISTRICT SP,0.110000,0.062500,0.017500,0.010000,0.020000,0
IL,60399,BENSENVILLE,0.080000,0.062500,0.000000,0.010000,0.007500,0
IL,60401,BEECHER,0.080000,0.062500,0.000000,0.010000,0.007500,0
IL,60402,BERWYN,0.107500,0.062500,0.017500,0.017500,0.010000,0
IL,60403,JOLIET,0.087500,0.062500,0.000000,0.017500,0.007500,0
IL,60404,SHOREWOOD,0.090000,0.062500,0.000000,0.020000,0.007500,0
IL,60406,BLUE ISLAND WESTERN AVENUE BDD SP,0.110000,0.062500,0.017500,0.000000,0.030000,0
IL,60407,REGIONAL TRANSPORT. AUTHORITY (RTA),0.070000,0.062500,0.000000,0.000000,0.007500,0
IL,60408,REGIONAL TRANSPORT. AUTHORITY (RTA),0.070000,0.062500,0.000000,0.000000,0.007500,0
IL,60409,CALUMET CITY SIBLEY/EAST END AVENUE BDD,0.120000,0.062500,0.017500,0.020000,0.020000,0
IL,60410,JOLIET,0.087500,0.062500,0.000000,0.017500,0.007500,0
IL,60411,GLENWOOD,0.110000,0.062500,0.017500,0.020000,0.010000,0
IL,60412,CHICAGO HEIGHTS,0.100000,0.062500,0.017500,0.010000,0.010000,0
IL,60415,CHICAGO RIDGE,0.105000,0.062500,0.017500,0.010000,0.015000,0
IL,60416,REGIONAL TRANSPORT. AUTHORITY (RTA),0.070000,0.062500,0.000000,0.000000,0.007500,0
IL,60417,STEGER,0.090000,0.062500,0.017500,0.000000,0.010000,0
IL,60418,ROBBINS,0.105000,0.062500,0.017500,0.015000,0.010000,0
IL,60419,DOLTON,0.097500,0.062500,0.017500,0.007500,0.010000,0
IL,60420,DWIGHT BUSINESS DEVELOPMENT DISTRICT NO. 1,0.092500,0.062500,0.010000,0.010000,0.010000,0
IL,60421,JOLIET,0.087500,0.062500,0.000000,0.017500,0.007500,0
IL,60422,COUNTRY CLUB HILLS,0.102500,0.062500,0.017500,0.012500,0.010000,0
IL,60423,MATTESON,0.100000,0.062500,0.017500,0.010000,0.010000,0
IL,60424,GRUNDY,0.062500,0.062500,0.000000,0.000000,0.000000,0
IL,60425,GLENWOOD,0.110000,0.062500,0.017500,0.020000,0.010000,0
IL,60426,HARVEY,0.115000,0.062500,0.017500,0.015000,0.020000,0
IL,60428,HARVEY,0.105000,0.062500,0.017500,0.015000,0.010000,0
IL,60429,HARVEY,0.105000,0.062500,0.017500,0.015000,0.010000,0
IL,60430,COUNTRY CLUB HILLS,0.102500,0.062500,0.017500,0.012500,0.010000,0
IL,60431,JOLIET,0.090000,0.062500,0.010000,0.017500,0.000000,0
IL,60432,NEW LENOX,0.095000,0.062500,0.000000,0.025000,0.007500,0
IL,60433,NEW LENOX,0.095000,0.062500,0.000000,0.025000,0.007500,0
IL,60434,JOLIET,0.087500,0.062500,0.000000,0.017500,0.007500,0
IL,60435,JOLIET,0.087500,0.062500,0.000000,0.017500,0.007500,0
IL,60436,JOLIET RT53 LARAWAY BD SP,0.097500,0.062500,0.000000,0.017500,0.017500,0
IL,60437,LA SALLE,0.065000,0.062500,0.002500,0.000000,0.000000,0
IL,60438,LANSING,0.095000,0.062500,0.017500,0.005000,0.010000,0
IL,60439,LEMONT,0.100000,0.062500,0.017500,0.010000,0.010000,0
IL,60440,BOLINGBROOK,0.085000,0.062500,0.000000,0.015000,0.007500,0
IL,60441,NEW LENOX,0.095000,0.062500,0.000000,0.025000,0.007500,0
IL,60442,NEW LENOX,0.095000,0.062500,0.000000,0.025000,0.007500,0
IL,60443,RICHTON PARK SAUK TRAIL BD SP,0.110000,0.062500,0.017500,0.010000,0.020000,0
IL,60444,GRUNDY,0.062500,0.062500,0.000000,0.000000,0.000000,0
IL,60445,CRESTWOOD,0.100000,0.062500,0.017500,0.010000,0.010000,0
IL,60446,ROMEOVILLE,0.095000,0.062500,0.000000,0.015000,0.017500,0
IL,60447,JOLIET,0.090000,0.062500,0.010000,0.017500,0.000000,0
IL,60448,ORLAND PARK,0.102500,0.062500,0.017500,0.012500,0.010000,0
IL,60449,RICHTON PARK,0.100000,0.062500,0.017500,0.010000,0.010000,0
IL,60450,CHANNAHON,0.072500,0.062500,0.000000,0.010000,0.000000,0
IL,60451,NEW LENOX,0.095000,0.062500,0.000000,0.025000,0.007500,0
IL,60452,MIDLOTHIAN,0.100000,0.062500,0.017500,0.010000,0.010000,0
IL,60453,OAK LAWN,0.102500,0.062500,0.017500,0.012500,0.010000,0
IL,60454,OAK LAWN,0.102500,0.062500,0.017500,0.012500,0.010000,0
IL,60455,OAK LAWN,0.102500,0.062500,0.017500,0.012500,0.010000,0
IL,60456,OAK LAWN,0.102500,0.062500,0.017500,0.012500,0.010000,0
IL,60457,BRIDGEVIEW,0.100000,0.062500,0.017500,0.010000,0.010000,0
IL,60458,BEDFORD PARK,0.100000,0.062500,0.017500,0.010000,0.010000,0
IL,60459,BEDFORD PARK,0.100000,0.062500,0.017500,0.010000,0.010000,0
IL,60460,LIVINGSTON,0.072500,0.062500,0.010000,0.000000,0.000000,0
IL,60461,OLYMPIA FIELDS,0.100000,0.062500,0.017500,0.010000,0.010000,0
IL,60462,ORLAND PARK,0.102500,0.062500,0.017500,0.012500,0.010000,0
IL,60463,PALOS HEIGHTS,0.100000,0.062500,0.017500,0.000000,0.020000,0
IL,60464,PALOS PARK,0.100000,0.062500,0.017500,0.010000,0.010000,0
IL,60465,REGIONAL TRANSPORT. AUTHORITY (RTA),0.090000,0.062500,0.017500,0.000000,0.010000,0
IL,60466,REGIONAL TRANSPORT. AUTHORITY (RTA),0.090000,0.062500,0.017500,0.000000,0.010000,0
IL,60467,ORLAND PARK,0.102500,0.062500,0.017500,0.012500,0.010000,0
IL,60468,PEOTONE,0.080000,0.062500,0.000000,0.000000,0.017500,0
IL,60469,HARVEY,0.105000,0.062500,0.017500,0.015000,0.010000,0
IL,60470,LIVINGSTON,0.072500,0.062500,0.010000,0.000000,0.000000,0
IL,60471,RICHTON PARK SAUK TRAIL BD SP,0.110000,0.062500,0.017500,0.010000,0.020000,0
IL,60472,ROBBINS,0.105000,0.062500,0.017500,0.015000,0.010000,0
IL,60473,CALUMET CITY,0.110000,0.062500,0.017500,0.020000,0.010000,0
IL,60474,GRUNDY,0.062500,0.062500,0.000000,0.000000,0.000000,0
IL,60475,SOUTH CHICAGO HEIGHTS,0.100000,0.062500,0.017500,0.010000,0.010000,0
IL,60476,THORNTON,0.100000,0.062500,0.017500,0.010000,0.010000,0
IL,60477,COUNTRY CLUB HILLS,0.102500,0.062500,0.017500,0.012500,0.010000,0
IL,60478,COUNTRY CLUB HILLS,0.102500,0.062500,0.017500,0.012500,0.010000,0
IL,60479,GRUNDY,0.062500,0.062500,0.000000,0.000000,0.000000,0
IL,60480,HICKORY HILLS,0.100000,0.062500,0.017500,0.010000,0.010000,0
IL,60481,CHANNAHON,0.080000,0.062500,0.000000,0.010000,0.007500,0
IL,60482,ALSIP,0.100000,0.062500,0.017500,0.010000,0.010000,0
IL,60484,RICHTON PARK,0.100000,0.062500,0.017500,0.010000,0.010000,0
IL,60487,ORLAND PARK,0.102500,0.062500,0.017500,0.012500,0.010000,0
IL,60490,BOLINGBROOK,0.085000,0.062500,0.000000,0.015000,0.007500,0
IL,60491,REGIONAL TRANSPORT. AUTHORITY (RTA),0.090000,0.062500,0.017500,0.000000,0.010000,0
IL,60499,BEDFORD PARK,0.100000,0.062500,0.017500,0.010000,0.010000,0
IL,60501,BEDFORD PARK,0.100000,0.062500,0.017500,0.010000,0.010000,0
IL,60502,AURORA,0.082500,0.062500,0.000000,0.012500,0.007500,0
IL,60503,AURORA,0.085000,0.062500,0.010000,0.012500,0.000000,0
IL,60504,AURORA,0.087500,0.062500,0.000000,0.012500,0.012500,0
IL,60505,AURORA,0.082500,0.062500,0.000000,0.012500,0.007500,0
IL,60506,AURORA,0.082500,0.062500,0.000000,0.012500,0.007500,0
IL,60507,AURORA,0.082500,0.062500,0.000000,0.012500,0.007500,0
IL,60510,AURORA,0.082500,0.062500,0.000000,0.012500,0.007500,0
IL,60511,SUGAR GROVE,0.080000,0.062500,0.000000,0.010000,0.007500,0
IL,60512,MONTGOMERY,0.082500,0.062500,0.010000,0.010000,0.000000,0
IL,60513,LA GRANGE PARK 31ST STREET MAPLE AVENUE BD SP,0.100000,0.062500,0.017500,0.000000,0.020000,0
IL,60514,WESTMONT,0.080000,0.062500,0.000000,0.010000,0.007500,0
IL,60515,DOWNERS GROVE,0.085000,0.062500,0.000000,0.015000,0.007500,0
IL,60516,DOWNERS GROVE,0.085000,0.062500,0.000000,0.015000,0.007500,0
IL,60517,DOWNERS GROVE,0.085000,0.062500,0.000000,0.015000,0.007500,0
IL,60518,LEE,0.077500,0.062500,0.015000,0.000000,0.000000,0
IL,60519,AURORA,0.082500,0.062500,0.000000,0.012500,0.007500,0
IL,60520,HINCKLEY,0.072500,0.062500,0.000000,0.010000,0.000000,0
IL,60521,HINSDALE,0.100000,0.062500,0.017500,0.010000,0.010000,0
IL,60522,HINSDALE,0.080000,0.062500,0.000000,0.010000,0.007500,0
IL,60523,WESTCHESTER,0.100000,0.062500,0.017500,0.010000,0.010000,0
IL,60525,THE VILLAGE OF INDIAN HEAD PARK TRIANGLE AREA BUSINESS DISTRICT,0.110000,0.062500,0.017500,0.010000,0.020000,0
IL,60526,LA GRANGE PARK 31ST STREET MAPLE AVENUE BD SP,0.100000,0.062500,0.017500,0.000000,0.020000,0
IL,60527,BURR RIDGE,0.102500,0.062500,0.017500,0.002500,0.020000,0
IL,60530,LEE,0.077500,0.062500,0.015000,0.000000,0.000000,0
IL,60531,LA SALLE,0.065000,0.062500,0.002500,0.000000,0.000000,0
IL,60532,WOODRIDGE,0.082500,0.062500,0.000000,0.012500,0.007500,0
IL,60534,LYONS,0.100000,0.062500,0.017500,0.010000,0.010000,0
IL,60536,MILLBROOK,0.072500,0.062500,0.010000,0.000000,0.000000,0
IL,60537,MILLINGTON,0.072500,0.062500,0.010000,0.000000,0.000000,0
IL,60538,OSWEGO,0.085000,0.062500,0.010000,0.012500,0.000000,0
IL,60539,BATAVIA,0.080000,0.062500,0.000000,0.010000,0.007500,0
IL,60540,NAPERVILLE,0.087500,0.062500,0.000000,0.007500,0.017500,0
IL,60541,YORKVILLE,0.082500,0.062500,0.010000,0.010000,0.000000,0
IL,60542,AURORA,0.082500,0.062500,0.000000,0.012500,0.007500,0
IL,60543,PLAINFIELD,0.087500,0.062500,0.010000,0.015000,0.000000,0
IL,60544,JOLIET,0.087500,0.062500,0.000000,0.017500,0.007500,0
IL,60545,SANDWICH,0.082500,0.062500,0.010000,0.010000,0.000000,0
IL,60546,RIVERSIDE,0.110000,0.062500,0.017500,0.010000,0.020000,0
IL,60548,SANDWICH,0.082500,0.062500,0.010000,0.010000,0.000000,0
IL,60549,LA SALLE,0.065000,0.062500,0.002500,0.000000,0.000000,0
IL,60550,SHABBONA,0.072500,0.062500,0.000000,0.010000,0.000000,0
IL,60551,KENDALL,0.072500,0.062500,0.010000,0.000000,0.000000,0
IL,60552,LA SALLE,0.065000,0.062500,0.002500,0.000000,0.000000,0
IL,60553,LEE,0.077500,0.062500,0.015000,0.000000,0.000000,0
IL,60554,SUGAR GROVE,0.090000,0.062500,0.000000,0.010000,0.017500,0
IL,60555,WARRENVILLE,0.082500,0.062500,0.000000,0.012500,0.007500,0
IL,60556,WATERMAN,0.072500,0.062500,0.000000,0.010000,0.000000,0
IL,60557,LA SALLE,0.065000,0.062500,0.002500,0.000000,0.000000,0
IL,60558,REGIONAL TRANSPORT. AUTHORITY (RTA),0.090000,0.062500,0.017500,0.000000,0.010000,0
IL,60559,DOWNERS GROVE,0.085000,0.062500,0.000000,0.015000,0.007500,0
IL,60560,YORKVILLE COUNTRYSIDE CENTER BUSINESS DISTRICT SP,0.092500,0.062500,0.010000,0.010000,0.010000,0
IL,60561,DOWNERS GROVE,0.085000,0.062500,0.000000,0.015000,0.007500,0
IL,60563,AURORA,0.082500,0.062500,0.000000,0.012500,0.007500,0
IL,60564,AURORA,0.082500,0.062500,0.000000,0.012500,0.007500,0
IL,60565,BOLINGBROOK,0.085000,0.062500,0.000000,0.015000,0.007500,0
IL,60566,NAPERVILLE DOWNTOWN FOOD & BEVERAGE DIST,0.077500,0.062500,0.000000,0.007500,0.007500,0
IL,60567,NAPERVILLE,0.077500,0.062500,0.000000,0.007500,0.007500,0
IL,60568,AURORA,0.082500,0.062500,0.000000,0.012500,0.007500,0
IL,60569,AURORA,0.082500,0.062500,0.000000,0.012500,0.007500,0
IL,60572,AURORA,0.082500,0.062500,0.000000,0.012500,0.007500,0
IL,60585,PLAINFIELD,0.087500,0.062500,0.010000,0.015000,0.000000,0
IL,60586,JOLIET,0.090000,0.062500,0.010000,0.017500,0.000000,0
IL,60598,AURORA,0.082500,0.062500,0.000000,0.012500,0.007500,0
IL,60599,AURORA,0.082500,0.062500,0.000000,0.012500,0.007500,0
IL,60601,CHICAGO METRO PIER AND EXPOSITION AUTHORITY DISTRICT,0.102500,0.062500,0.017500,0.012500,0.010000,0
IL,60602,CHICAGO METRO PIER AND EXPOSITION AUTHORITY DISTRICT,0.102500,0.062500,0.017500,0.012500,0.010000,0
IL,60603,CHICAGO METRO PIER AND EXPOSITION AUTHORITY DISTRICT,0.102500,0.062500,0.017500,0.012500,0.010000,0
IL,60604,CHICAGO METRO PIER AND EXPOSITION AUTHORITY DISTRICT,0.102500,0.062500,0.017500,0.012500,0.010000,0
IL,60605,CHICAGO METRO PIER AND EXPOSITION AUTHORITY DISTRICT,0.102500,0.062500,0.017500,0.012500,0.010000,0
IL,60606,CHICAGO METRO PIER AND EXPOSITION AUTHORITY DISTRICT,0.102500,0.062500,0.017500,0.012500,0.010000,0
IL,60607,CHICAGO TOURISM IMPROVEMENT DISTRICT,0.102500,0.062500,0.017500,0.012500,0.010000,0
IL,60608,CHICAGO TOURISM IMPROVEMENT DISTRICT,0.102500,0.062500,0.017500,0.012500,0.010000,0
IL,60609,CICERO,0.107500,0.062500,0.017500,0.017500,0.010000,0
IL,60610,CHICAGO METRO PIER AND EXPOSITION AUTHORITY DISTRICT,0.102500,0.062500,0.017500,0.012500,0.010000,0
IL,60611,CHICAGO METRO PIER AND EXPOSITION AUTHORITY DISTRICT,0.102500,0.062500,0.017500,0.012500,0.010000,0
IL,60612,CHICAGO TOURISM IMPROVEMENT DISTRICT,0.102500,0.062500,0.017500,0.012500,0.010000,0
IL,60613,CHICAGO,0.102500,0.062500,0.017500,0.012500,0.010000,0
IL,60614,CHICAGO,0.102500,0.062500,0.017500,0.012500,0.010000,0
IL,60615,CICERO,0.107500,0.062500,0.017500,0.017500,0.010000,0
IL,60616,CHICAGO TOURISM IMPROVEMENT DISTRICT,0.102500,0.062500,0.017500,0.012500,0.010000,0
IL,60617,CHICAGO,0.102500,0.062500,0.017500,0.012500,0.010000,0
IL,60618,CHICAGO TOURISM IMPROVEMENT DISTRICT,0.102500,0.062500,0.017500,0.012500,0.010000,0
IL,60619,CHICAGO,0.102500,0.062500,0.017500,0.012500,0.010000,0
IL,60620,CHICAGO,0.102500,0.062500,0.017500,0.012500,0.010000,0
IL,60621,CHICAGO,0.102500,0.062500,0.017500,0.012500,0.010000,0
IL,60622,CHICAGO TOURISM IMPROVEMENT DISTRICT,0.102500,0.062500,0.017500,0.012500,0.010000,0
IL,60623,CICERO,0.107500,0.062500,0.017500,0.017500,0.010000,0
IL,60624,CHICAGO,0.102500,0.062500,0.017500,0.012500,0.010000,0
IL,60625,CHICAGO,0.102500,0.062500,0.017500,0.012500,0.010000,0
IL,60626,CHICAGO,0.102500,0.062500,0.017500,0.012500,0.010000,0
IL,60628,CHICAGO,0.102500,0.062500,0.017500,0.012500,0.010000,0
IL,60629,CICERO,0.107500,0.062500,0.017500,0.017500,0.010000,0
IL,60630,CHICAGO,0.102500,0.062500,0.017500,0.012500,0.010000,0
IL,60631,CHICAGO,0.102500,0.062500,0.017500,0.012500,0.010000,0
IL,60632,CHICAGO,0.102500,0.062500,0.017500,0.012500,0.010000,0
IL,60633,CHICAGO,0.102500,0.062500,0.017500,0.012500,0.010000,0
IL,60634,NORRIDGE,0.105000,0.062500,0.017500,0.015000,0.010000,0
IL,60636,CHICAGO,0.102500,0.062500,0.017500,0.012500,0.010000,0
IL,60637,CHICAGO TOURISM IMPROVEMENT DISTRICT,0.102500,0.062500,0.017500,0.012500,0.010000,0
IL,60638,CHICAGO MIDWAY INTERNATIONAL AIRPORT,0.102500,0.062500,0.017500,0.012500,0.010000,0
IL,60639,CHICAGO,0.102500,0.062500,0.017500,0.012500,0.010000,0
IL,60640,CHICAGO TOURISM IMPROVEMENT DISTRICT,0.102500,0.062500,0.017500,0.012500,0.010000,0
IL,60641,CICERO,0.107500,0.062500,0.017500,0.017500,0.010000,0
IL,60642,CHICAGO METRO PIER AND EXPOSITION AUTHORITY DISTRICT,0.102500,0.062500,0.017500,0.012500,0.010000,0
IL,60643,CHICAGO,0.102500,0.062500,0.017500,0.012500,0.010000,0
IL,60644,CHICAGO,0.102500,0.062500,0.017500,0.012500,0.010000,0
IL,60645,CHICAGO,0.102500,0.062500,0.017500,0.012500,0.010000,0
IL,60646,CHICAGO,0.102500,0.062500,0.017500,0.012500,0.010000,0
IL,60647,CHICAGO,0.102500,0.062500,0.017500,0.012500,0.010000,0
IL,60649,CHICAGO,0.102500,0.062500,0.017500,0.012500,0.010000,0
IL,60651,CICERO,0.107500,0.062500,0.017500,0.017500,0.010000,0
IL,60652,CHICAGO,0.102500,0.062500,0.017500,0.012500,0.010000,0
IL,60653,CHICAGO TOURISM IMPROVEMENT DISTRICT,0.102500,0.062500,0.017500,0.012500,0.010000,0
IL,60654,CHICAGO METRO PIER AND EXPOSITION AUTHORITY DISTRICT,0.102500,0.062500,0.017500,0.012500,0.010000,0
IL,60655,CHICAGO,0.102500,0.062500,0.017500,0.012500,0.010000,0
IL,60656,CHICAGO,0.102500,0.062500,0.017500,0.012500,0.010000,0
IL,60657,CHICAGO,0.102500,0.062500,0.017500,0.012500,0.010000,0
IL,60659,CHICAGO,0.102500,0.062500,0.017500,0.012500,0.010000,0
IL,60660,CHICAGO,0.102500,0.062500,0.017500,0.012500,0.010000,0
IL,60661,CHICAGO METRO PIER AND EXPOSITION AUTHORITY DISTRICT,0.102500,0.062500,0.017500,0.012500,0.010000,0
IL,60664,CHICAGO METRO PIER AND EXPOSITION AUTHORITY DISTRICT,0.102500,0.062500,0.017500,0.012500,0.010000,0
IL,60666,CHICAGO,0.102500,0.062500,0.017500,0.012500,0.010000,0
IL,60668,CHICAGO METRO PIER AND EXPOSITION AUTHORITY DISTRICT,0.102500,0.062500,0.017500,0.012500,0.010000,0
IL,60669,CHICAGO METRO PIER AND EXPOSITION AUTHORITY DISTRICT,0.102500,0.062500,0.017500,0.012500,0.010000,0
IL,60670,CHICAGO METRO PIER AND EXPOSITION AUTHORITY DISTRICT,0.102500,0.062500,0.017500,0.012500,0.010000,0
IL,60673,CHICAGO METRO PIER AND EXPOSITION AUTHORITY DISTRICT,0.102500,0.062500,0.017500,0.012500,0.010000,0
IL,60674,CHICAGO METRO PIER AND EXPOSITION AUTHORITY DISTRICT,0.102500,0.062500,0.017500,0.012500,0.010000,0
IL,60675,CHICAGO METRO PIER AND EXPOSITION AUTHORITY DISTRICT,0.102500,0.062500,0.017500,0.012500,0.010000,0
IL,60677,CHICAGO METRO PIER AND EXPOSITION AUTHORITY DISTRICT,0.102500,0.062500,0.017500,0.012500,0.010000,0
IL,60678,CHICAGO METRO PIER AND EXPOSITION AUTHORITY DISTRICT,0.102500,0.062500,0.017500,0.012500,0.010000,0
IL,60680,CHICAGO METRO PIER AND EXPOSITION AUTHORITY DISTRICT,0.102500,0.062500,0.017500,0.012500,0.010000,0
IL,60681,CHICAGO METRO PIER AND EXPOSITION AUTHORITY DISTRICT,0.102500,0.062500,0.017500,0.012500,0.010000,0
IL,60682,CHICAGO METRO PIER AND EXPOSITION AUTHORITY DISTRICT,0.102500,0.062500,0.017500,0.012500,0.010000,0
IL,60684,CHICAGO METRO PIER AND EXPOSITION AUTHORITY DISTRICT,0.102500,0.062500,0.017500,0.012500,0.010000,0
IL,60685,CHICAGO METRO PIER AND EXPOSITION AUTHORITY DISTRICT,0.102500,0.062500,0.017500,0.012500,0.010000,0
IL,60686,CHICAGO TOURISM IMPROVEMENT DISTRICT,0.102500,0.062500,0.017500,0.012500,0.010000,0
IL,60687,CHICAGO METRO PIER AND EXPOSITION AUTHORITY DISTRICT,0.102500,0.062500,0.017500,0.012500,0.010000,0
IL,60688,CHICAGO,0.102500,0.062500,0.017500,0.012500,0.010000,0
IL,60689,CHICAGO METRO PIER AND EXPOSITION AUTHORITY DISTRICT,0.102500,0.062500,0.017500,0.012500,0.010000,0
IL,60690,CHICAGO METRO PIER AND EXPOSITION AUTHORITY DISTRICT,0.102500,0.062500,0.017500,0.012500,0.010000,0
IL,60691,CHICAGO METRO PIER AND EXPOSITION AUTHORITY DISTRICT,0.102500,0.062500,0.017500,0.012500,0.010000,0
IL,60693,CHICAGO METRO PIER AND EXPOSITION AUTHORITY DISTRICT,0.102500,0.062500,0.017500,0.012500,0.010000,0
IL,60694,CHICAGO METRO PIER AND EXPOSITION AUTHORITY DISTRICT,0.102500,0.062500,0.017500,0.012500,0.010000,0
IL,60695,CHICAGO METRO PIER AND EXPOSITION AUTHORITY DISTRICT,0.102500,0.062500,0.017500,0.012500,0.010000,0
IL,60696,CHICAGO METRO PIER AND EXPOSITION AUTHORITY DISTRICT,0.102500,0.062500,0.017500,0.012500,0.010000,0
IL,60697,CHICAGO METRO PIER AND EXPOSITION AUTHORITY DISTRICT,0.102500,0.062500,0.017500,0.012500,0.010000,0
IL,60699,CHICAGO METRO PIER AND EXPOSITION AUTHORITY DISTRICT,0.102500,0.062500,0.017500,0.012500,0.010000,0
IL,60701,CHICAGO,0.102500,0.062500,0.017500,0.012500,0.010000,0
IL,60706,NORRIDGE,0.115000,0.062500,0.017500,0.015000,0.020000,0
IL,60707,ELMWOOD PARK,0.110000,0.062500,0.017500,0.010000,0.020000,0
IL,60712,LINCOLNWOOD,0.102500,0.062500,0.017500,0.012500,0.010000,0
IL,60714,MORTON GROVE,0.102500,0.062500,0.017500,0.012500,0.010000,0
IL,60803,OAK LAWN,0.102500,0.062500,0.017500,0.012500,0.010000,0
IL,60804,CICERO,0.107500,0.062500,0.017500,0.017500,0.010000,0
IL,60805,EVERGREEN PARK PLACE BUSINESS DISTRICT SP,0.110000,0.062500,0.017500,0.010000,0.020000,0
IL,60827,CHICAGO,0.102500,0.062500,0.017500,0.012500,0.010000,0
IL,60901,KANKAKEE,0.082500,0.062500,0.000000,0.020000,0.000000,0
IL,60910,KANKAKEE,0.062500,0.062500,0.000000,0.000000,0.000000,0
IL,60911,IROQUOIS,0.065000,0.062500,0.002500,0.000000,0.000000,0
IL,60912,IROQUOIS,0.065000,0.062500,0.002500,0.000000,0.000000,0
IL,60913,KANKAKEE,0.062500,0.062500,0.000000,0.000000,0.000000,0
IL,60914,BRADLEY STATE ROUTE 50/LARRY POWER ROAD BUSINESS DISTRICT SP,0.082500,0.062500,0.000000,0.010000,0.010000,0
IL,60915,BRADLEY,0.082500,0.062500,0.000000,0.010000,0.010000,0
IL,60917,LIVINGSTON,0.072500,0.062500,0.010000,0.000000,0.000000,0
IL,60918,IROQUOIS,0.065000,0.062500,0.002500,0.000000,0.000000,0
IL,60919,LIVINGSTON,0.072500,0.062500,0.010000,0.000000,0.000000,0
IL,60920,LIVINGSTON,0.072500,0.062500,0.010000,0.000000,0.000000,0
IL,60921,CHATSWORTH,0.082500,0.062500,0.010000,0.010000,0.000000,0
IL,60922,KANKAKEE,0.082500,0.062500,0.000000,0.020000,0.000000,0
IL,60924,IROQUOIS,0.065000,0.062500,0.002500,0.000000,0.000000,0
IL,60926,IROQUOIS,0.065000,0.062500,0.002500,0.000000,0.000000,0
IL,60927,IROQUOIS,0.065000,0.062500,0.002500,0.000000,0.000000,0
IL,60928,IROQUOIS,0.065000,0.062500,0.002500,0.000000,0.000000,0
IL,60929,LIVINGSTON,0.072500,0.062500,0.010000,0.000000,0.000000,0
IL,60930,IROQUOIS,0.065000,0.062500,0.002500,0.000000,0.000000,0
IL,60931,IROQUOIS,0.065000,0.062500,0.002500,0.000000,0.000000,0
IL,60932,VERMILION,0.065000,0.062500,0.002500,0.000000,0.000000,0
IL,60933,FORD,0.062500,0.062500,0.000000,0.000000,0.000000,0
IL,60934,LIVINGSTON,0.072500,0.062500,0.010000,0.000000,0.000000,0
IL,60935,REGIONAL TRANSPORT. AUTHORITY (RTA),0.070000,0.062500,0.000000,0.000000,0.007500,0
IL,60936,CHAMPAIGN,0.075000,0.062500,0.012500,0.000000,0.000000,0
IL,60938,IROQUOIS,0.065000,0.062500,0.002500,0.000000,0.000000,0
IL,60939,IROQUOIS,0.065000,0.062500,0.002500,0.000000,0.000000,0
IL,60940,GRANT PARK,0.072500,0.062500,0.000000,0.010000,0.000000,0
IL,60941,HERSCHER,0.072500,0.062500,0.000000,0.010000,0.000000,0
IL,60942,IROQUOIS,0.065000,0.062500,0.002500,0.000000,0.000000,0
IL,60944,HOPKINS PARK,0.082500,0.062500,0.000000,0.020000,0.000000,0
IL,60945,IROQUOIS,0.065000,0.062500,0.002500,0.000000,0.000000,0
IL,60946,LIVINGSTON,0.072500,0.062500,0.010000,0.000000,0.000000,0
IL,60948,IROQUOIS,0.065000,0.062500,0.002500,0.000000,0.000000,0
IL,60949,CHAMPAIGN,0.075000,0.062500,0.012500,0.000000,0.000000,0
IL,60950,BOURBONNAIS,0.072500,0.062500,0.000000,0.010000,0.000000,0
IL,60951,IROQUOIS,0.065000,0.062500,0.002500,0.000000,0.000000,0
IL,60952,LIVINGSTON,0.072500,0.062500,0.010000,0.000000,0.000000,0
IL,60953,IROQUOIS,0.065000,0.062500,0.002500,0.000000,0.000000,0
IL,60954,KANKAKEE,0.062500,0.062500,0.000000,0.000000,0.000000,0
IL,60955,IROQUOIS,0.065000,0.062500,0.002500,0.000000,0.000000,0
IL,60956,PAPINEAU,0.065000,0.062500,0.002500,0.000000,0.000000,0
IL,60957,CHAMPAIGN,0.075000,0.062500,0.012500,0.000000,0.000000,0
IL,60958,HOPKINS PARK,0.082500,0.062500,0.000000,0.020000,0.000000,0
IL,60959,LIVINGSTON,0.072500,0.062500,0.010000,0.000000,0.000000,0
IL,60960,CHAMPAIGN,0.075000,0.062500,0.012500,0.000000,0.000000,0
IL,60961,LIVINGSTON,0.072500,0.062500,0.010000,0.000000,0.000000,0
IL,60962,LIVINGSTON,0.072500,0.062500,0.010000,0.000000,0.000000,0
IL,60963,VERMILION,0.065000,0.062500,0.002500,0.000000,0.000000,0
IL,60964,HOPKINS PARK,0.082500,0.062500,0.000000,0.020000,0.000000,0
IL,60966,IROQUOIS,0.065000,0.062500,0.002500,0.000000,0.000000,0
IL,60967,IROQUOIS,0.065000,0.062500,0.002500,0.000000,0.000000,0
IL,60968,LIVINGSTON,0.072500,0.062500,0.010000,0.000000,0.000000,0
IL,60969,KANKAKEE,0.062500,0.062500,0.000000,0.000000,0.000000,0
IL,60970,WATSEKA,0.072500,0.062500,0.002500,0.007500,0.000000,0
IL,60973,IROQUOIS,0.065000,0.062500,0.002500,0.000000,0.000000,0
IL,60974,WOODLAND,0.065000,0.062500,0.002500,0.000000,0.000000,0
IL,61001,JO DAVIESS,0.072500,0.062500,0.010000,0.000000,0.000000,0
IL,61006,LEE,0.077500,0.062500,0.015000,0.000000,0.000000,0
IL,61007,STEPHENSON,0.067500,0.062500,0.005000,0.000000,0.000000,0
IL,61008,CHERRY VALLEY,0.087500,0.062500,0.015000,0.010000,0.000000,0
IL,61010,BYRON,0.072500,0.062500,0.000000,0.010000,0.000000,0
IL,61011,LOVES PARK,0.087500,0.062500,0.015000,0.010000,0.000000,0
IL,61012,BOONE,0.077500,0.062500,0.015000,0.000000,0.000000,0
IL,61013,CEDARVILLE,0.067500,0.062500,0.005000,0.000000,0.000000,0
IL,61014,WHITESIDE,0.077500,0.062500,0.015000,0.000000,0.000000,0
IL,61015,OGLE,0.062500,0.062500,0.000000,0.000000,0.000000,0
IL,61016,CHERRY VALLEY CHERRYVALE MALL AREA BUSINESS DISTRICT,0.097500,0.062500,0.015000,0.010000,0.010000,0
IL,61018,DAKOTA,0.077500,0.062500,0.005000,0.010000,0.000000,0
IL,61019,WINNEBAGO,0.077500,0.062500,0.015000,0.000000,0.000000,0
IL,61020,WINNEBAGO,0.077500,0.062500,0.015000,0.000000,0.000000,0
IL,61021,DIXON,0.082500,0.062500,0.015000,0.005000,0.000000,0
IL,61024,DURAND,0.087500,0.062500,0.015000,0.010000,0.000000,0
IL,61025,EAST DUBUQUE,0.077500,0.062500,0.010000,0.005000,0.000000,0
IL,61027,STEPHENSON,0.067500,0.062500,0.005000,0.000000,0.000000,0
IL,61028,ELIZABETH ROUTE 20 BUSINESS DISTRICT SP,0.077500,0.062500,0.010000,0.000000,0.005000,0
IL,61030,FORRESTON ROUTES 26 72 FORRESTON DOWNTOWN BD SP,0.072500,0.062500,0.000000,0.000000,0.010000,0
IL,61031,LEE,0.077500,0.062500,0.015000,0.000000,0.000000,0
IL,61032,FREEPORT,0.090000,0.062500,0.005000,0.022500,0.000000,0
IL,61036,GALENA,0.082500,0.062500,0.010000,0.010000,0.000000,0
IL,61037,WHITESIDE,0.077500,0.062500,0.015000,0.000000,0.000000,0
IL,61038,BOONE,0.077500,0.062500,0.015000,0.000000,0.000000,0
IL,61039,STEPHENSON,0.067500,0.062500,0.005000,0.000000,0.000000,0
IL,61041,JO DAVIESS,0.072500,0.062500,0.010000,0.000000,0.000000,0
IL,61042,LEE,0.077500,0.062500,0.015000,0.000000,0.000000,0
IL,61043,OGLE,0.062500,0.062500,0.000000,0.000000,0.000000,0
IL,61044,JO DAVIESS,0.072500,0.062500,0.010000,0.000000,0.000000,0
IL,61046,CARROLL,0.065000,0.062500,0.002500,0.000000,0.000000,0
IL,61047,WINNEBAGO,0.077500,0.062500,0.015000,0.000000,0.000000,0
IL,61048,LENA,0.077500,0.062500,0.005000,0.010000,0.000000,0
IL,61049,OGLE,0.062500,0.062500,0.000000,0.000000,0.000000,0
IL,61050,STEPHENSON,0.067500,0.062500,0.005000,0.000000,0.000000,0
IL,61051,WHITESIDE,0.077500,0.062500,0.015000,0.000000,0.000000,0
IL,61052,WINNEBAGO,0.077500,0.062500,0.015000,0.000000,0.000000,0
IL,61053,MOUNT CARROLL DNTN BD  SP,0.075000,0.062500,0.002500,0.000000,0.010000,0
IL,61054,OGLE,0.062500,0.062500,0.000000,0.000000,0.000000,0
IL,61057,LEE,0.077500,0.062500,0.015000,0.000000,0.000000,0
IL,61059,NORA,0.072500,0.062500,0.010000,0.000000,0.000000,0
IL,61060,STEPHENSON,0.067500,0.062500,0.005000,0.000000,0.000000,0
IL,61061,OREGON,0.072500,0.062500,0.000000,0.010000,0.000000,0
IL,61062,JO DAVIESS,0.072500,0.062500,0.010000,0.000000,0.000000,0
IL,61063,PECATONICA,0.087500,0.062500,0.015000,0.000000,0.010000,0
IL,61064,LEE,0.077500,0.062500,0.015000,0.000000,0.000000,0
IL,61065,BOONE,0.077500,0.062500,0.015000,0.000000,0.000000,0
IL,61067,STEPHENSON,0.067500,0.062500,0.005000,0.000000,0.000000,0
IL,61068,LEE,0.077500,0.062500,0.015000,0.000000,0.000000,0
IL,61070,STEPHENSON,0.067500,0.062500,0.005000,0.000000,0.000000,0
IL,61071,ROCK FALLS,0.087500,0.062500,0.015000,0.010000,0.000000,0
IL,61072,ROCKTON BLACKHAWK BOULEVARD AND MAIN STREET BUSINESS DISTRICT SP,0.087500,0.062500,0.015000,0.010000,0.000000,0
IL,61073,LOVES PARK,0.087500,0.062500,0.015000,0.010000,0.000000,0
IL,61074,SAVANNA,0.075000,0.062500,0.002500,0.000000,0.010000,0
IL,61075,JO DAVIESS,0.072500,0.062500,0.010000,0.000000,0.000000,0
IL,61077,WINNEBAGO,0.077500,0.062500,0.015000,0.000000,0.000000,0
IL,61078,STEPHENSON,0.067500,0.062500,0.005000,0.000000,0.000000,0
IL,61079,WINNEBAGO,0.077500,0.062500,0.015000,0.000000,0.000000,0
IL,61080,SOUTH BELOIT,0.087500,0.062500,0.015000,0.010000,0.000000,0
IL,61081,STERLING,0.097500,0.062500,0.015000,0.010000,0.010000,0
IL,61084,WINNEBAGO,0.077500,0.062500,0.015000,0.000000,0.000000,0
IL,61085,STOCKTON,0.082500,0.062500,0.010000,0.000000,0.010000,0
IL,61087,WARREN DOWNTOWN BUSINESS DEVELOPMENT DISTRICT SP,0.077500,0.062500,0.010000,0.000000,0.005000,0
IL,61088,WINNEBAGO,0.087500,0.062500,0.015000,0.010000,0.000000,0
IL,61089,JO DAVIESS,0.072500,0.062500,0.010000,0.000000,0.000000,0
IL,61091,OGLE,0.062500,0.062500,0.000000,0.000000,0.000000,0
IL,61101,ROCKFORD,0.087500,0.062500,0.015000,0.010000,0.000000,0
IL,61102,ROCKFORD,0.087500,0.062500,0.015000,0.010000,0.000000,0
IL,61103,MACHESNEY PARK,0.087500,0.062500,0.015000,0.010000,0.000000,0
IL,61104,ROCKFORD,0.087500,0.062500,0.015000,0.010000,0.000000,0
IL,61105,ROCKFORD,0.087500,0.062500,0.015000,0.010000,0.000000,0
IL,61106,ROCKFORD,0.087500,0.062500,0.015000,0.010000,0.000000,0
IL,61107,ROCKFORD,0.087500,0.062500,0.015000,0.010000,0.000000,0
IL,61108,CHERRY VALLEY CHERRYVALE MALL AREA BUSINESS DISTRICT,0.097500,0.062500,0.015000,0.010000,0.010000,0
IL,61109,ROCKFORD,0.087500,0.062500,0.015000,0.010000,0.000000,0
IL,61110,ROCKFORD,0.087500,0.062500,0.015000,0.010000,0.000000,0
IL,61111,LOVES PARK,0.097500,0.062500,0.015000,0.010000,0.010000,0
IL,61112,CHERRY VALLEY CHERRYVALE MALL AREA BUSINESS DISTRICT,0.097500,0.062500,0.015000,0.010000,0.010000,0
IL,61114,LOVES PARK,0.087500,0.062500,0.015000,0.010000,0.000000,0
IL,61115,MACHESNEY PARK PERRYVILLE - ROUTE 173 BUSINESS DISTRICT,0.097500,0.062500,0.015000,0.010000,0.010000,0
IL,61125,ROCKFORD,0.087500,0.062500,0.015000,0.010000,0.000000,0
IL,61126,LOVES PARK,0.087500,0.062500,0.015000,0.010000,0.000000,0
IL,61130,LOVES PARK,0.087500,0.062500,0.015000,0.010000,0.000000,0
IL,61131,LOVES PARK,0.087500,0.062500,0.015000,0.010000,0.000000,0
IL,61132,LOVES PARK,0.087500,0.062500,0.015000,0.010000,0.000000,0
IL,61201,ROCK ISLAND PARKWAY I-280 BUSINESS DISTRICT,0.095000,0.062500,0.010000,0.012500,0.010000,0
IL,61204,ROCK ISLAND,0.085000,0.062500,0.010000,0.012500,0.000000,0
IL,61230,WHITESIDE,0.077500,0.062500,0.015000,0.000000,0.000000,0
IL,61231,MERCER,0.072500,0.062500,0.010000,0.000000,0.000000,0
IL,61232,ROCK ISLAND,0.072500,0.062500,0.010000,0.000000,0.000000,0
IL,61233,HENRY,0.077500,0.062500,0.015000,0.000000,0.000000,0
IL,61234,HENRY,0.077500,0.062500,0.015000,0.000000,0.000000,0
IL,61235,HENRY,0.077500,0.062500,0.015000,0.000000,0.000000,0
IL,61236,ROCK ISLAND,0.072500,0.062500,0.010000,0.000000,0.000000,0
IL,61237,ROCK ISLAND,0.072500,0.062500,0.010000,0.000000,0.000000,0
IL,61238,HENRY,0.077500,0.062500,0.015000,0.000000,0.000000,0
IL,61239,CARBON CLIFF,0.082500,0.062500,0.010000,0.010000,0.000000,0
IL,61240,COLONA,0.085000,0.062500,0.015000,0.007500,0.000000,0
IL,61241,COLONA,0.085000,0.062500,0.015000,0.007500,0.000000,0
IL,61242,ROCK ISLAND,0.072500,0.062500,0.010000,0.000000,0.000000,0
IL,61243,LEE,0.077500,0.062500,0.015000,0.000000,0.000000,0
IL,61244,EAST MOLINE BEND BD SP,0.087500,0.062500,0.010000,0.005000,0.010000,0
IL,61250,ERIE,0.087500,0.062500,0.015000,0.000000,0.010000,0
IL,61251,WHITESIDE,0.077500,0.062500,0.015000,0.000000,0.000000,0
IL,61252,FULTON,0.085000,0.062500,0.015000,0.007500,0.000000,0
IL,61254,GENESEO,0.082500,0.062500,0.015000,0.005000,0.000000,0
IL,61256,HAMPTON,0.077500,0.062500,0.010000,0.005000,0.000000,0
IL,61257,EAST MOLINE,0.085000,0.062500,0.010000,0.005000,0.007500,0
IL,61258,HOOPPOLE,0.077500,0.062500,0.015000,0.000000,0.000000,0
IL,61259,MERCER,0.072500,0.062500,0.010000,0.000000,0.000000,0
IL,61260,MERCER,0.072500,0.062500,0.010000,0.000000,0.000000,0
IL,61261,WHITESIDE,0.077500,0.062500,0.015000,0.000000,0.000000,0
IL,61262,HENRY,0.077500,0.062500,0.015000,0.000000,0.000000,0
IL,61263,MERCER,0.072500,0.062500,0.010000,0.000000,0.000000,0
IL,61264,ROCK ISLAND PARKWAY I-280 BUSINESS DISTRICT,0.095000,0.062500,0.010000,0.012500,0.010000,0
IL,61265,MOLINE AVENUE OF THE CITIES 27TH STREET BD,0.095000,0.062500,0.010000,0.012500,0.010000,0
IL,61266,MOLINE,0.085000,0.062500,0.010000,0.012500,0.000000,0
IL,61270,MORRISON,0.087500,0.062500,0.015000,0.010000,0.000000,0
IL,61272,MERCER,0.072500,0.062500,0.010000,0.000000,0.000000,0
IL,61273,HENRY,0.077500,0.062500,0.015000,0.000000,0.000000,0
IL,61274,HENRY,0.077500,0.062500,0.015000,0.000000,0.000000,0
IL,61275,RAPIDS CITY,0.082500,0.062500,0.010000,0.010000,0.000000,0
IL,61276,MERCER,0.072500,0.062500,0.010000,0.000000,0.000000,0
IL,61277,HENRY,0.077500,0.062500,0.015000,0.000000,0.000000,0
IL,61278,RAPIDS CITY,0.082500,0.062500,0.010000,0.010000,0.000000,0
IL,61279,MERCER,0.072500,0.062500,0.010000,0.000000,0.000000,0
IL,61281,MERCER,0.072500,0.062500,0.010000,0.000000,0.000000,0
IL,61282,CARBON CLIFF,0.082500,0.062500,0.010000,0.010000,0.000000,0
IL,61283,HENRY,0.077500,0.062500,0.015000,0.000000,0.000000,0
IL,61284,ROCK ISLAND,0.072500,0.062500,0.010000,0.000000,0.000000,0
IL,61285,THOMSON,0.075000,0.062500,0.002500,0.000000,0.010000,0
IL,61299,ROCK ISLAND,0.085000,0.062500,0.010000,0.012500,0.000000,0
IL,61301,LA SALLE,0.075000,0.062500,0.002500,0.010000,0.000000,0
IL,61310,LEE,0.077500,0.062500,0.015000,0.000000,0.000000,0
IL,61311,PONTIAC,0.082500,0.062500,0.010000,0.010000,0.000000,0
IL,61312,ARLINGTON,0.082500,0.062500,0.010000,0.010000,0.000000,0
IL,61313,LIVINGSTON,0.072500,0.062500,0.010000,0.000000,0.000000,0
IL,61314,BUREAU,0.072500,0.062500,0.010000,0.000000,0.000000,0
IL,61315,BUREAU JUNCTION,0.082500,0.062500,0.010000,0.010000,0.000000,0
IL,61316,CEDAR POINT,0.075000,0.062500,0.002500,0.010000,0.000000,0
IL,61317,BUREAU,0.072500,0.062500,0.010000,0.000000,0.000000,0
IL,61318,LEE,0.077500,0.062500,0.015000,0.000000,0.000000,0
IL,61319,CORNELL,0.082500,0.062500,0.010000,0.010000,0.000000,0
IL,61320,BUREAU,0.072500,0.062500,0.010000,0.000000,0.000000,0
IL,61321,WOODFORD,0.082500,0.062500,0.020000,0.000000,0.000000,0
IL,61322,DEPUE,0.082500,0.062500,0.010000,0.010000,0.000000,0
IL,61323,DOVER,0.082500,0.062500,0.010000,0.010000,0.000000,0
IL,61324,LEE,0.077500,0.062500,0.015000,0.000000,0.000000,0
IL,61325,LA SALLE,0.065000,0.062500,0.002500,0.000000,0.000000,0
IL,61326,GRANVILLE BD,0.072500,0.062500,0.000000,0.000000,0.010000,0
IL,61327,PUTNAM,0.062500,0.062500,0.000000,0.000000,0.000000,0
IL,61328,BUREAU,0.072500,0.062500,0.010000,0.000000,0.000000,0
IL,61329,LADD,0.082500,0.062500,0.010000,0.010000,0.000000,0
IL,61330,LEE,0.077500,0.062500,0.015000,0.000000,0.000000,0
IL,61331,LEE,0.077500,0.062500,0.015000,0.000000,0.000000,0
IL,61332,LA SALLE,0.065000,0.062500,0.002500,0.000000,0.000000,0
IL,61333,LIVINGSTON,0.072500,0.062500,0.010000,0.000000,0.000000,0
IL,61334,LA SALLE,0.065000,0.062500,0.002500,0.000000,0.000000,0
IL,61335,PUTNAM,0.062500,0.062500,0.000000,0.000000,0.000000,0
IL,61336,LA SALLE,0.065000,0.062500,0.002500,0.000000,0.000000,0
IL,61337,MALDEN,0.082500,0.062500,0.010000,0.010000,0.000000,0
IL,61338,MANLIUS,0.077500,0.062500,0.010000,0.005000,0.000000,0
IL,61340,MARK,0.062500,0.062500,0.000000,0.000000,0.000000,0
IL,61341,MARSEILLES,0.075000,0.062500,0.002500,0.010000,0.000000,0
IL,61342,LEE,0.077500,0.062500,0.015000,0.000000,0.000000,0
IL,61344,HENRY,0.077500,0.062500,0.015000,0.000000,0.000000,0
IL,61345,NEPONSET,0.082500,0.062500,0.010000,0.010000,0.000000,0
IL,61346,NEW BEDFORD,0.072500,0.062500,0.010000,0.000000,0.000000,0
IL,61348,OGLESBY,0.070000,0.062500,0.002500,0.005000,0.000000,0
IL,61349,LEE,0.077500,0.062500,0.015000,0.000000,0.000000,0
IL,61350,OTTAWA,0.075000,0.062500,0.002500,0.010000,0.000000,0
IL,61353,LEE,0.077500,0.062500,0.015000,0.000000,0.000000,0
IL,61354,CEDAR POINT,0.075000,0.062500,0.002500,0.010000,0.000000,0
IL,61356,BUREAU JUNCTION,0.082500,0.062500,0.010000,0.010000,0.000000,0
IL,61358,LA SALLE,0.065000,0.062500,0.002500,0.000000,0.000000,0
IL,61359,SEATONVILLE,0.072500,0.062500,0.010000,0.000000,0.000000,0
IL,61360,LA SALLE,0.065000,0.062500,0.002500,0.000000,0.000000,0
IL,61361,SHEFFIELD,0.077500,0.062500,0.010000,0.005000,0.000000,0
IL,61362,DEPUE,0.082500,0.062500,0.010000,0.010000,0.000000,0
IL,61363,PUTNAM,0.062500,0.062500,0.000000,0.000000,0.000000,0
IL,61364,STREATOR,0.085000,0.062500,0.002500,0.010000,0.010000,0
IL,61367,LEE,0.077500,0.062500,0.015000,0.000000,0.000000,0
IL,61368,TISKILWA,0.082500,0.062500,0.010000,0.010000,0.000000,0
IL,61369,TOLUCA,0.072500,0.062500,0.000000,0.010000,0.000000,0
IL,61370,TONICA,0.075000,0.062500,0.002500,0.010000,0.000000,0
IL,61371,LA SALLE,0.065000,0.062500,0.002500,0.000000,0.000000,0
IL,61372,LA SALLE,0.065000,0.062500,0.002500,0.000000,0.000000,0
IL,61373,LA SALLE,0.075000,0.062500,0.002500,0.010000,0.000000,0
IL,61374,BUREAU,0.072500,0.062500,0.010000,0.000000,0.000000,0
IL,61375,MARSHALL,0.062500,0.062500,0.000000,0.000000,0.000000,0
IL,61376,LEE,0.077500,0.062500,0.015000,0.000000,0.000000,0
IL,61377,LA SALLE,0.065000,0.062500,0.002500,0.000000,0.000000,0
IL,61378,LEE,0.077500,0.062500,0.015000,0.000000,0.000000,0
IL,61379,WYANET,0.082500,0.062500,0.010000,0.010000,0.000000,0
IL,61401,GALESBURG NORTH SEMINARY STREET BUSINESS DISTRICT SP,0.100000,0.062500,0.015000,0.012500,0.010000,0
IL,61402,GALESBURG,0.090000,0.062500,0.015000,0.012500,0.000000,0
IL,61410,WARREN,0.080000,0.062500,0.017500,0.000000,0.000000,0
IL,61411,MCDONOUGH,0.080000,0.062500,0.017500,0.000000,0.000000,0
IL,61412,WARREN,0.080000,0.062500,0.017500,0.000000,0.000000,0
IL,61413,HENRY,0.077500,0.062500,0.015000,0.000000,0.000000,0
IL,61414,ALTONA,0.087500,0.062500,0.015000,0.010000,0.000000,0
IL,61415,MCDONOUGH,0.080000,0.062500,0.017500,0.000000,0.000000,0
IL,61416,BARDOLPH,0.080000,0.062500,0.017500,0.000000,0.000000,0
IL,61417,WARREN,0.080000,0.062500,0.017500,0.000000,0.000000,0
IL,61418,WARREN,0.080000,0.062500,0.017500,0.000000,0.000000,0
IL,61419,BISHOP HILL,0.077500,0.062500,0.015000,0.000000,0.000000,0
IL,61420,MCDONOUGH,0.080000,0.062500,0.017500,0.000000,0.000000,0
IL,61421,MANLIUS,0.077500,0.062500,0.010000,0.005000,0.000000,0
IL,61422,BUSHNELL,0.085000,0.062500,0.017500,0.005000,0.000000,0
IL,61423,WARREN,0.080000,0.062500,0.017500,0.000000,0.000000,0
IL,61424,MARSHALL,0.062500,0.062500,0.000000,0.000000,0.000000,0
IL,61425,HENDERSON,0.072500,0.062500,0.010000,0.000000,0.000000,0
IL,61426,STARK,0.075000,0.062500,0.012500,0.000000,0.000000,0
IL,61427,CUBA,0.082500,0.062500,0.015000,0.005000,0.000000,0
IL,61428,KNOX,0.077500,0.062500,0.015000,0.000000,0.000000,0
IL,61430,KNOX,0.077500,0.062500,0.015000,0.000000,0.000000,0
IL,61431,FULTON,0.077500,0.062500,0.015000,0.000000,0.000000,0
IL,61432,FULTON,0.077500,0.062500,0.015000,0.000000,0.000000,0
IL,61433,FULTON,0.077500,0.062500,0.015000,0.000000,0.000000,0
IL,61434,HENRY,0.077500,0.062500,0.015000,0.000000,0.000000,0
IL,61435,WARREN,0.080000,0.062500,0.017500,0.000000,0.000000,0
IL,61436,KNOX,0.077500,0.062500,0.015000,0.000000,0.000000,0
IL,61437,HENDERSON,0.072500,0.062500,0.010000,0.000000,0.000000,0
IL,61438,MCDONOUGH,0.080000,0.062500,0.017500,0.000000,0.000000,0
IL,61439,KNOX,0.077500,0.062500,0.015000,0.000000,0.000000,0
IL,61440,SCHUYLER,0.082500,0.062500,0.020000,0.000000,0.000000,0
IL,61441,FULTON,0.077500,0.062500,0.015000,0.000000,0.000000,0
IL,61442,HENDERSON,0.072500,0.062500,0.010000,0.000000,0.000000,0
IL,61443,KEWANEE,0.087500,0.062500,0.015000,0.010000,0.000000,0
IL,61447,WARREN,0.080000,0.062500,0.017500,0.000000,0.000000,0
IL,61448,KNOXVILLE,0.087500,0.062500,0.015000,0.010000,0.000000,0
IL,61449,KNOX,0.077500,0.062500,0.015000,0.000000,0.000000,0
IL,61450,MCDONOUGH,0.080000,0.062500,0.017500,0.000000,0.000000,0
IL,61451,KNOX,0.077500,0.062500,0.015000,0.000000,0.000000,0
IL,61452,SCHUYLER,0.082500,0.062500,0.020000,0.000000,0.000000,0
IL,61453,WARREN,0.080000,0.062500,0.017500,0.000000,0.000000,0
IL,61454,HENDERSON,0.072500,0.062500,0.010000,0.000000,0.000000,0
IL,61455,MACOMB BUSINESS DEVELOPMENT DISTRICT NO. 1,0.100000,0.062500,0.017500,0.010000,0.010000,0
IL,61458,KNOX,0.077500,0.062500,0.015000,0.000000,0.000000,0
IL,61459,MCDONOUGH,0.080000,0.062500,0.017500,0.000000,0.000000,0
IL,61460,HENDERSON,0.072500,0.062500,0.010000,0.000000,0.000000,0
IL,61462,MONMOUTH,0.110000,0.062500,0.017500,0.020000,0.010000,0
IL,61465,HENRY,0.077500,0.062500,0.015000,0.000000,0.000000,0
IL,61466,WARREN,0.080000,0.062500,0.017500,0.000000,0.000000,0
IL,61467,KNOX,0.077500,0.062500,0.015000,0.000000,0.000000,0
IL,61468,HENRY,0.077500,0.062500,0.015000,0.000000,0.000000,0
IL,61469,HENDERSON,0.072500,0.062500,0.010000,0.000000,0.000000,0
IL,61470,MCDONOUGH,0.080000,0.062500,0.017500,0.000000,0.000000,0
IL,61471,HENDERSON,0.072500,0.062500,0.010000,0.000000,0.000000,0
IL,61472,KNOX,0.077500,0.062500,0.015000,0.000000,0.000000,0
IL,61473,MCDONOUGH,0.080000,0.062500,0.017500,0.000000,0.000000,0
IL,61474,WARREN,0.080000,0.062500,0.017500,0.000000,0.000000,0
IL,61475,MCDONOUGH,0.080000,0.062500,0.017500,0.000000,0.000000,0
IL,61476,WARREN,0.080000,0.062500,0.017500,0.000000,0.000000,0
IL,61477,FULTON,0.077500,0.062500,0.015000,0.000000,0.000000,0
IL,61478,WARREN,0.080000,0.062500,0.017500,0.000000,0.000000,0
IL,61479,STARK,0.075000,0.062500,0.012500,0.000000,0.000000,0
IL,61480,HENDERSON,0.072500,0.062500,0.010000,0.000000,0.000000,0
IL,61482,MCDONOUGH,0.080000,0.062500,0.017500,0.000000,0.000000,0
IL,61483,HENRY,0.077500,0.062500,0.015000,0.000000,0.000000,0
IL,61484,SCHUYLER,0.082500,0.062500,0.020000,0.000000,0.000000,0
IL,61485,KNOX,0.077500,0.062500,0.015000,0.000000,0.000000,0
IL,61486,VIOLA,0.082500,0.062500,0.010000,0.000000,0.010000,0
IL,61488,KNOX,0.077500,0.062500,0.015000,0.000000,0.000000,0
IL,61489,WILLIAMSFIELD,0.087500,0.062500,0.015000,0.010000,0.000000,0
IL,61490,HENRY,0.077500,0.062500,0.015000,0.000000,0.000000,0
IL,61491,STARK,0.075000,0.062500,0.012500,0.000000,0.000000,0
IL,61501,SCHUYLER,0.082500,0.062500,0.020000,0.000000,0.000000,0
IL,61516,WOODFORD,0.082500,0.062500,0.020000,0.000000,0.000000,0
IL,61517,PEORIA,0.072500,0.062500,0.010000,0.000000,0.000000,0
IL,61519,FULTON,0.077500,0.062500,0.015000,0.000000,0.000000,0
IL,61520,CANTON,0.097500,0.062500,0.015000,0.010000,0.010000,0
IL,61523,PEORIA,0.090000,0.062500,0.010000,0.017500,0.000000,0
IL,61524,FULTON,0.077500,0.062500,0.015000,0.000000,0.000000,0
IL,61525,PEORIA,0.090000,0.062500,0.010000,0.017500,0.000000,0
IL,61526,PEORIA,0.072500,0.062500,0.010000,0.000000,0.000000,0
IL,61528,PEORIA,0.090000,0.062500,0.010000,0.017500,0.000000,0
IL,61529,KNOX,0.077500,0.062500,0.015000,0.000000,0.000000,0
IL,61530,WOODFORD,0.082500,0.062500,0.020000,0.000000,0.000000,0
IL,61531,FULTON,0.077500,0.062500,0.015000,0.000000,0.000000,0
IL,61532,MASON,0.072500,0.062500,0.010000,0.000000,0.000000,0
IL,61533,FULTON,0.077500,0.062500,0.015000,0.000000,0.000000,0
IL,61534,GREEN VALLEY,0.077500,0.062500,0.005000,0.010000,0.000000,0
IL,61535,TAZEWELL,0.067500,0.062500,0.005000,0.000000,0.000000,0
IL,61536,HANNA CITY,0.082500,0.062500,0.010000,0.000000,0.010000,0
IL,61537,BUREAU,0.072500,0.062500,0.010000,0.000000,0.000000,0
IL,61539,KINGSTON MINES,0.072500,0.062500,0.010000,0.000000,0.000000,0
IL,61540,MARSHALL,0.062500,0.062500,0.000000,0.000000,0.000000,0
IL,61541,MARSHALL,0.062500,0.062500,0.000000,0.000000,0.000000,0
IL,61542,FULTON,0.077500,0.062500,0.015000,0.000000,0.000000,0
IL,61543,LIVERPOOL,0.077500,0.062500,0.015000,0.000000,0.000000,0
IL,61544,FULTON,0.077500,0.062500,0.015000,0.000000,0.000000,0
IL,61545,WOODFORD,0.082500,0.062500,0.020000,0.000000,0.000000,0
IL,61546,MASON,0.072500,0.062500,0.010000,0.000000,0.000000,0
IL,61547,MAPLETON,0.082500,0.062500,0.010000,0.010000,0.000000,0
IL,61548,GERMANTOWN CROSSING BD SP,0.092500,0.062500,0.020000,0.000000,0.010000,0
IL,61550,MORTON BUSINESS DIST SP,0.077500,0.062500,0.005000,0.007500,0.002500,0
IL,61552,PEORIA,0.072500,0.062500,0.010000,0.000000,0.000000,0
IL,61553,FULTON,0.077500,0.062500,0.015000,0.000000,0.000000,0
IL,61554,PEKIN,0.095000,0.062500,0.005000,0.017500,0.010000,0
IL,61555,PEKIN,0.095000,0.062500,0.005000,0.017500,0.010000,0
IL,61558,PEKIN,0.095000,0.062500,0.005000,0.017500,0.010000,0
IL,61559,STARK,0.075000,0.062500,0.012500,0.000000,0.000000,0
IL,61560,BUREAU,0.072500,0.062500,0.010000,0.000000,0.000000,0
IL,61561,WOODFORD,0.082500,0.062500,0.020000,0.000000,0.000000,0
IL,61562,PEORIA,0.072500,0.062500,0.010000,0.000000,0.000000,0
IL,61563,FULTON,0.077500,0.062500,0.015000,0.000000,0.000000,0
IL,61564,SOUTH PEKIN,0.072500,0.062500,0.005000,0.005000,0.000000,0
IL,61565,PEORIA,0.072500,0.062500,0.010000,0.000000,0.000000,0
IL,61567,MASON,0.072500,0.062500,0.010000,0.000000,0.000000,0
IL,61568,TREMONT,0.077500,0.062500,0.005000,0.000000,0.010000,0
IL,61569,FULTON,0.077500,0.062500,0.015000,0.000000,0.000000,0
IL,61570,WOODFORD,0.082500,0.062500,0.020000,0.000000,0.000000,0
IL,61571,WASHINGTON,0.090000,0.062500,0.005000,0.022500,0.000000,0
IL,61572,KNOX,0.077500,0.062500,0.015000,0.000000,0.000000,0
IL,61601,PEORIA,0.090000,0.062500,0.010000,0.017500,0.000000,0
IL,61602,PEORIA HOSP IMP ZON BD SP,0.100000,0.062500,0.010000,0.017500,0.010000,0
IL,61603,PEORIA HOSP IMP ZON BD SP,0.100000,0.062500,0.010000,0.017500,0.010000,0
IL,61604,PEORIA,0.090000,0.062500,0.010000,0.017500,0.000000,0
IL,61605,PEORIA HOSP IMP ZON BD SP,0.100000,0.062500,0.010000,0.017500,0.010000,0
IL,61606,PEORIA,0.090000,0.062500,0.010000,0.017500,0.000000,0
IL,61607,BARTONVILLE BUSINESS DEVELOPMENT DISTRICT NO. 1,0.100000,0.062500,0.010000,0.017500,0.010000,0
IL,61610,CREVE COEUR BUSINESS DEVELOPMENT DISTRICT NO. 1,0.087500,0.062500,0.005000,0.010000,0.010000,0
IL,61611,EAST PEORIA TARGET AREA BUSINESS DISTRICT SP,0.095000,0.062500,0.005000,0.017500,0.010000,0
IL,61612,PEORIA,0.090000,0.062500,0.010000,0.017500,0.000000,0
IL,61613,PEORIA,0.090000,0.062500,0.010000,0.017500,0.000000,0
IL,61614,PEORIA,0.100000,0.062500,0.010000,0.017500,0.010000,0
IL,61615,PEORIA SPORTS COMPLEX SPECIAL SERVICE AREA,0.090000,0.062500,0.010000,0.017500,0.000000,0
IL,61616,PEORIA HEIGHTS BDD NO 1 SP,0.097500,0.062500,0.010000,0.015000,0.010000,0
IL,61625,PEORIA,0.090000,0.062500,0.010000,0.017500,0.000000,0
IL,61629,PEORIA,0.090000,0.062500,0.010000,0.017500,0.000000,0
IL,61630,PEORIA,0.090000,0.062500,0.010000,0.017500,0.000000,0
IL,61633,PEORIA,0.090000,0.062500,0.010000,0.017500,0.000000,0
IL,61634,PEORIA,0.090000,0.062500,0.010000,0.017500,0.000000,0
IL,61635,EAST PEORIA,0.085000,0.062500,0.005000,0.017500,0.000000,0
IL,61636,PEORIA,0.090000,0.062500,0.010000,0.017500,0.000000,0
IL,61637,PEORIA,0.090000,0.062500,0.010000,0.017500,0.000000,0
IL,61638,PEORIA,0.090000,0.062500,0.010000,0.017500,0.000000,0
IL,61639,PEORIA,0.090000,0.062500,0.010000,0.017500,0.000000,0
IL,61641,BARTONVILLE BUSINESS DEVELOPMENT DISTRICT NO. 1,0.100000,0.062500,0.010000,0.017500,0.010000,0
IL,61643,PEORIA,0.090000,0.062500,0.010000,0.017500,0.000000,0
IL,61650,PEORIA,0.090000,0.062500,0.010000,0.017500,0.000000,0
IL,61651,PEORIA,0.090000,0.062500,0.010000,0.017500,0.000000,0
IL,61652,PEORIA,0.090000,0.062500,0.010000,0.017500,0.000000,0
IL,61653,PEORIA,0.090000,0.062500,0.010000,0.017500,0.000000,0
IL,61654,PEORIA,0.090000,0.062500,0.010000,0.017500,0.000000,0
IL,61655,PEORIA,0.090000,0.062500,0.010000,0.017500,0.000000,0
IL,61656,PEORIA,0.090000,0.062500,0.010000,0.017500,0.000000,0
IL,61701,BLOOMINGTON,0.097500,0.062500,0.010000,0.025000,0.000000,0
IL,61702,BLOOMINGTON,0.097500,0.062500,0.010000,0.025000,0.000000,0
IL,61704,BLOOMINGTON,0.097500,0.062500,0.010000,0.025000,0.000000,0
IL,61705,BLOOMINGTON,0.097500,0.062500,0.010000,0.025000,0.000000,0
IL,61709,BLOOMINGTON,0.097500,0.062500,0.010000,0.025000,0.000000,0
IL,61710,BLOOMINGTON,0.097500,0.062500,0.010000,0.025000,0.000000,0
IL,61720,MCLEAN,0.072500,0.062500,0.010000,0.000000,0.000000,0
IL,61721,LOGAN,0.082500,0.062500,0.020000,0.000000,0.000000,0
IL,61722,MCLEAN,0.072500,0.062500,0.010000,0.000000,0.000000,0
IL,61723,ATLANTA,0.092500,0.062500,0.020000,0.000000,0.010000,0
IL,61724,MCLEAN,0.072500,0.062500,0.010000,0.000000,0.000000,0
IL,61725,CARLOCK,0.082500,0.062500,0.010000,0.010000,0.000000,0
IL,61726,CHENOA,0.087500,0.062500,0.010000,0.010000,0.005000,0
IL,61727,CLINTON,0.072500,0.062500,0.000000,0.010000,0.000000,0
IL,61728,COLFAX BUSINESS DEVELOPMENT DISTRICT NO. 1,0.092500,0.062500,0.010000,0.010000,0.010000,0
IL,61729,WOODFORD,0.082500,0.062500,0.020000,0.000000,0.000000,0
IL,61730,MCLEAN,0.072500,0.062500,0.010000,0.000000,0.000000,0
IL,61731,LIVINGSTON,0.072500,0.062500,0.010000,0.000000,0.000000,0
IL,61732,DANVERS DOWNTOWN BD SP,0.092500,0.062500,0.010000,0.010000,0.010000,0
IL,61733,DEER CREEK,0.092500,0.062500,0.020000,0.010000,0.000000,0
IL,61734,TAZEWELL,0.067500,0.062500,0.005000,0.000000,0.000000,0
IL,61735,DE WITT,0.062500,0.062500,0.000000,0.000000,0.000000,0
IL,61736,DOWNS,0.082500,0.062500,0.010000,0.010000,0.000000,0
IL,61737,MCLEAN,0.072500,0.062500,0.010000,0.000000,0.000000,0
IL,61738,WOODFORD,0.082500,0.062500,0.020000,0.000000,0.000000,0
IL,61739,LIVINGSTON,0.072500,0.062500,0.010000,0.000000,0.000000,0
IL,61740,WOODFORD,0.082500,0.062500,0.020000,0.000000,0.000000,0
IL,61741,LIVINGSTON,0.072500,0.062500,0.010000,0.000000,0.000000,0
IL,61742,WOODFORD,0.082500,0.062500,0.020000,0.000000,0.000000,0
IL,61743,LIVINGSTON,0.072500,0.062500,0.010000,0.000000,0.000000,0
IL,61744,WOODFORD,0.082500,0.062500,0.020000,0.000000,0.000000,0
IL,61745,HEYWORTH BDD NO 1 SP,0.092500,0.062500,0.010000,0.010000,0.010000,0
IL,61747,TAZEWELL,0.067500,0.062500,0.005000,0.000000,0.000000,0
IL,61748,HUDSON,0.082500,0.062500,0.010000,0.010000,0.000000,0
IL,61749,LOGAN,0.082500,0.062500,0.020000,0.000000,0.000000,0
IL,61750,DE WITT,0.062500,0.062500,0.000000,0.000000,0.000000,0
IL,61751,LOGAN,0.082500,0.062500,0.020000,0.000000,0.000000,0
IL,61752,LEROY,0.092500,0.062500,0.010000,0.010000,0.010000,0
IL,61753,LEXINGTON,0.082500,0.062500,0.010000,0.010000,0.000000,0
IL,61754,MCLEAN,0.087500,0.062500,0.010000,0.005000,0.010000,0
IL,61755,MACKINAW FIRST ST. INDUSTRIAL PARK,0.077500,0.062500,0.005000,0.000000,0.010000,0
IL,61756,MAROA BD SP,0.087500,0.062500,0.015000,0.000000,0.010000,0
IL,61758,MCLEAN,0.072500,0.062500,0.010000,0.000000,0.000000,0
IL,61759,MCLEAN,0.072500,0.062500,0.010000,0.000000,0.000000,0
IL,61760,WOODFORD,0.082500,0.062500,0.020000,0.000000,0.000000,0
IL,61761,BLOOMINGTON,0.097500,0.062500,0.010000,0.025000,0.000000,0
IL,61764,PONTIAC VERMILLION PLAZA BUSINESS DISTRICT SP,0.082500,0.062500,0.010000,0.000000,0.010000,0
IL,61769,LIVINGSTON,0.072500,0.062500,0.010000,0.000000,0.000000,0
IL,61770,MCLEAN,0.072500,0.062500,0.010000,0.000000,0.000000,0
IL,61771,WOODFORD,0.082500,0.062500,0.020000,0.000000,0.000000,0
IL,61772,MCLEAN,0.072500,0.062500,0.010000,0.000000,0.000000,0
IL,61773,FORD,0.062500,0.062500,0.000000,0.000000,0.000000,0
IL,61774,STANFORD BUSINESS DIST SP,0.082500,0.062500,0.010000,0.000000,0.010000,0
IL,61775,LIVINGSTON,0.072500,0.062500,0.010000,0.000000,0.000000,0
IL,61776,NORMAL,0.097500,0.062500,0.010000,0.025000,0.000000,0
IL,61777,DE WITT,0.062500,0.062500,0.000000,0.000000,0.000000,0
IL,61778,DE WITT,0.062500,0.062500,0.000000,0.000000,0.000000,0
IL,61790,NORMAL,0.097500,0.062500,0.010000,0.025000,0.000000,0
IL,61791,BLOOMINGTON,0.097500,0.062500,0.010000,0.025000,0.000000,0
IL,61799,BLOOMINGTON,0.097500,0.062500,0.010000,0.025000,0.000000,0
IL,61801,CHAMPAIGN,0.092500,0.062500,0.012500,0.017500,0.000000,0
IL,61802,URBANA,0.090000,0.062500,0.012500,0.015000,0.000000,0
IL,61803,URBANA,0.090000,0.062500,0.012500,0.015000,0.000000,0
IL,61810,EDGAR,0.082500,0.062500,0.020000,0.000000,0.000000,0
IL,61811,VERMILION,0.065000,0.062500,0.002500,0.000000,0.000000,0
IL,61812,VERMILION,0.065000,0.062500,0.002500,0.000000,0.000000,0
IL,61813,PIATT,0.072500,0.062500,0.010000,0.000000,0.000000,0
IL,61814,VERMILION,0.065000,0.062500,0.002500,0.000000,0.000000,0
IL,61815,CHAMPAIGN,0.075000,0.062500,0.012500,0.000000,0.000000,0
IL,61816,CHAMPAIGN,0.075000,0.062500,0.012500,0.000000,0.000000,0
IL,61817,VERMILION,0.065000,0.062500,0.002500,0.000000,0.000000,0
IL,61818,CERRO GORDO BUSINESS DISTRICT SP,0.082500,0.062500,0.010000,0.000000,0.010000,0
IL,61820,CHAMPAIGN,0.092500,0.062500,0.012500,0.017500,0.000000,0
IL,61821,CHAMPAIGN,0.092500,0.062500,0.012500,0.017500,0.000000,0
IL,61822,CHAMPAIGN,0.092500,0.062500,0.012500,0.017500,0.000000,0
IL,61824,CHAMPAIGN,0.092500,0.062500,0.012500,0.017500,0.000000,0
IL,61825,CHAMPAIGN,0.092500,0.062500,0.012500,0.017500,0.000000,0
IL,61826,CHAMPAIGN,0.092500,0.062500,0.012500,0.017500,0.000000,0
IL,61830,MACON,0.077500,0.062500,0.015000,0.000000,0.000000,0
IL,61831,VERMILION,0.065000,0.062500,0.002500,0.000000,0.000000,0
IL,61832,DANVILLE,0.092500,0.062500,0.002500,0.027500,0.000000,0
IL,61833,TILTON,0.090000,0.062500,0.002500,0.025000,0.000000,0
IL,61834,DANVILLE,0.092500,0.062500,0.002500,0.027500,0.000000,0
IL,61839,DE LAND,0.082500,0.062500,0.010000,0.010000,0.000000,0
IL,61840,CHAMPAIGN,0.075000,0.062500,0.012500,0.000000,0.000000,0
IL,61841,VERMILION,0.065000,0.062500,0.002500,0.000000,0.000000,0
IL,61842,FARMER CITY BUSINESS DISTRICT,0.082500,0.062500,0.000000,0.000000,0.020000,0
IL,61843,CHAMPAIGN,0.075000,0.062500,0.012500,0.000000,0.000000,0
IL,61844,OGDEN,0.085000,0.062500,0.012500,0.010000,0.000000,0
IL,61845,CHAMPAIGN,0.075000,0.062500,0.012500,0.000000,0.000000,0
IL,61846,GEORGETOWN BD SP,0.075000,0.062500,0.002500,0.000000,0.010000,0
IL,61847,CHAMPAIGN,0.075000,0.062500,0.012500,0.000000,0.000000,0
IL,61848,HENNING,0.065000,0.062500,0.002500,0.000000,0.000000,0
IL,61849,HOMER,0.085000,0.062500,0.012500,0.000000,0.010000,0
IL,61850,EDGAR,0.082500,0.062500,0.020000,0.000000,0.000000,0
IL,61851,CHAMPAIGN,0.075000,0.062500,0.012500,0.000000,0.000000,0
IL,61852,CHAMPAIGN,0.075000,0.062500,0.012500,0.000000,0.000000,0
IL,61853,MAHOMET BUSINESS DISTRICT,0.085000,0.062500,0.012500,0.000000,0.010000,0
IL,61854,CHAMPAIGN,0.075000,0.062500,0.012500,0.000000,0.000000,0
IL,61855,PIATT,0.072500,0.062500,0.010000,0.000000,0.000000,0
IL,61856,MONTICELLO,0.082500,0.062500,0.010000,0.000000,0.010000,0
IL,61857,VERMILION,0.065000,0.062500,0.002500,0.000000,0.000000,0
IL,61858,OAKWOOD,0.075000,0.062500,0.002500,0.010000,0.000000,0
IL,61859,OGDEN,0.085000,0.062500,0.012500,0.010000,0.000000,0
IL,61862,CHAMPAIGN,0.075000,0.062500,0.012500,0.000000,0.000000,0
IL,61863,CHAMPAIGN,0.075000,0.062500,0.012500,0.000000,0.000000,0
IL,61864,CHAMPAIGN,0.075000,0.062500,0.012500,0.000000,0.000000,0
IL,61865,POTOMAC,0.075000,0.062500,0.002500,0.010000,0.000000,0
IL,61866,RANTOUL,0.090000,0.062500,0.012500,0.015000,0.000000,0
IL,61870,EDGAR,0.082500,0.062500,0.020000,0.000000,0.000000,0
IL,61871,CHAMPAIGN,0.075000,0.062500,0.012500,0.000000,0.000000,0
IL,61872,CHAMPAIGN,0.075000,0.062500,0.012500,0.000000,0.000000,0
IL,61873,SAINT JOSEPH,0.085000,0.062500,0.012500,0.010000,0.000000,0
IL,61874,CHAMPAIGN,0.092500,0.062500,0.012500,0.017500,0.000000,0
IL,61875,CHAMPAIGN,0.075000,0.062500,0.012500,0.000000,0.000000,0
IL,61876,EDGAR,0.082500,0.062500,0.020000,0.000000,0.000000,0
IL,61877,CHAMPAIGN,0.075000,0.062500,0.012500,0.000000,0.000000,0
IL,61878,CHAMPAIGN,0.075000,0.062500,0.012500,0.000000,0.000000,0
IL,61880,CHAMPAIGN,0.075000,0.062500,0.012500,0.000000,0.000000,0
IL,61882,MACON,0.077500,0.062500,0.015000,0.000000,0.000000,0
IL,61883,WESTVILLE,0.075000,0.062500,0.002500,0.000000,0.010000,0
IL,61884,CHAMPAIGN,0.075000,0.062500,0.012500,0.000000,0.000000,0
IL,61910,ARCOLA,0.087500,0.062500,0.010000,0.005000,0.010000,0
IL,61911,COLES,0.072500,0.062500,0.010000,0.000000,0.000000,0
IL,61912,CLARK,0.072500,0.062500,0.010000,0.000000,0.000000,0
IL,61913,ATWOOD BUSINESS DISTRICT SP,0.082500,0.062500,0.010000,0.000000,0.010000,0
IL,61914,MACON,0.077500,0.062500,0.015000,0.000000,0.000000,0
IL,61917,EDGAR,0.082500,0.062500,0.020000,0.000000,0.000000,0
IL,61919,DOUGLAS,0.072500,0.062500,0.010000,0.000000,0.000000,0
IL,61920,CHARLESTON,0.082500,0.062500,0.010000,0.010000,0.000000,0
IL,61924,EDGAR,0.082500,0.062500,0.020000,0.000000,0.000000,0
IL,61925,MACON,0.077500,0.062500,0.015000,0.000000,0.000000,0
IL,61928,COLES,0.072500,0.062500,0.010000,0.000000,0.000000,0
IL,61929,PIATT,0.072500,0.062500,0.010000,0.000000,0.000000,0
IL,61930,COLES,0.072500,0.062500,0.010000,0.000000,0.000000,0
IL,61931,COLES,0.072500,0.062500,0.010000,0.000000,0.000000,0
IL,61932,EDGAR,0.082500,0.062500,0.020000,0.000000,0.000000,0
IL,61933,EDGAR,0.082500,0.062500,0.020000,0.000000,0.000000,0
IL,61936,PIATT,0.072500,0.062500,0.010000,0.000000,0.000000,0
IL,61937,MACON,0.077500,0.062500,0.015000,0.000000,0.000000,0
IL,61938,MATTOON,0.087500,0.062500,0.010000,0.005000,0.010000,0
IL,61940,EDGAR,0.082500,0.062500,0.020000,0.000000,0.000000,0
IL,61941,DOUGLAS,0.072500,0.062500,0.010000,0.000000,0.000000,0
IL,61942,NEWMAN,0.082500,0.062500,0.010000,0.010000,0.000000,0
IL,61943,EDGAR,0.082500,0.062500,0.020000,0.000000,0.000000,0
IL,61944,PARIS,0.087500,0.062500,0.020000,0.005000,0.000000,0
IL,61949,REDMON,0.082500,0.062500,0.020000,0.000000,0.000000,0
IL,61951,COLES,0.072500,0.062500,0.010000,0.000000,0.000000,0
IL,61953,TUSCOLA,0.077500,0.062500,0.010000,0.005000,0.000000,0
IL,61955,VERMILION,0.082500,0.062500,0.020000,0.000000,0.000000,0
IL,61956,VILLA GROVE,0.082500,0.062500,0.010000,0.010000,0.000000,0
IL,61957,SHELBY,0.072500,0.062500,0.010000,0.000000,0.000000,0
IL,62001,MADISON,0.066000,0.062500,0.003500,0.000000,0.000000,0
IL,62002,ALTON,0.088500,0.062500,0.003500,0.010000,0.012500,0
IL,62006,CALHOUN,0.080000,0.062500,0.017500,0.000000,0.000000,0
IL,62009,MACOUPIN,0.072500,0.062500,0.010000,0.000000,0.000000,0
IL,62010,BETHALTO,0.078500,0.062500,0.003500,0.000000,0.012500,0
IL,62011,FAYETTE,0.072500,0.062500,0.010000,0.000000,0.000000,0
IL,62012,BRIGHTON CENTRAL BD SP,0.090000,0.062500,0.017500,0.000000,0.010000,0
IL,62013,CALHOUN,0.080000,0.062500,0.017500,0.000000,0.000000,0
IL,62014,MACOUPIN,0.072500,0.062500,0.010000,0.000000,0.000000,0
IL,62015,MONTGOMERY,0.072500,0.062500,0.010000,0.000000,0.000000,0
IL,62016,GREENE,0.072500,0.062500,0.010000,0.000000,0.000000,0
IL,62017,COFFEEN,0.082500,0.062500,0.010000,0.010000,0.000000,0
IL,62018,BETHALTO,0.078500,0.062500,0.003500,0.000000,0.012500,0
IL,62019,BOND,0.072500,0.062500,0.010000,0.000000,0.000000,0
IL,62021,MACOUPIN,0.072500,0.062500,0.010000,0.000000,0.000000,0
IL,62022,ELSAH,0.090000,0.062500,0.017500,0.010000,0.000000,0
IL,62023,EAGARVILLE,0.072500,0.062500,0.010000,0.000000,0.000000,0
IL,62024,BETHALTO,0.078500,0.062500,0.003500,0.000000,0.012500,0
IL,62025,GLEN CARBON,0.088500,0.062500,0.003500,0.010000,0.012500,0
IL,62026,EDWARDSVILLE,0.076000,0.062500,0.003500,0.007500,0.002500,0
IL,62027,GREENE,0.072500,0.062500,0.010000,0.000000,0.000000,0
IL,62028,ELSAH,0.090000,0.062500,0.017500,0.010000,0.000000,0
IL,62030,FIDELITY,0.080000,0.062500,0.017500,0.000000,0.000000,0
IL,62031,JERSEY,0.080000,0.062500,0.017500,0.000000,0.000000,0
IL,62032,MONTGOMERY,0.072500,0.062500,0.010000,0.000000,0.000000,0
IL,62033,MACOUPIN,0.072500,0.062500,0.010000,0.000000,0.000000,0
IL,62034,GLEN CARBON,0.088500,0.062500,0.003500,0.010000,0.012500,0
IL,62035,ALTON,0.088500,0.062500,0.003500,0.010000,0.012500,0
IL,62036,CALHOUN,0.080000,0.062500,0.017500,0.000000,0.000000,0
IL,62037,GRAFTON,0.100000,0.062500,0.017500,0.010000,0.010000,0
IL,62040,GRANITE CITY,0.093500,0.062500,0.003500,0.015000,0.012500,0
IL,62044,GREENE,0.072500,0.062500,0.010000,0.000000,0.000000,0
IL,62045,CALHOUN,0.080000,0.062500,0.017500,0.000000,0.000000,0
IL,62046,HAMEL,0.078500,0.062500,0.003500,0.002500,0.010000,0
IL,62047,HARDIN RIVERFRONT BUSINESS DISTRICT,0.090000,0.062500,0.017500,0.000000,0.010000,0
IL,62048,GRANITE CITY,0.083500,0.062500,0.003500,0.015000,0.002500,0
IL,62049,HILLSBORO BD SP,0.092500,0.062500,0.010000,0.010000,0.010000,0
IL,62050,GREENE,0.072500,0.062500,0.010000,0.000000,0.000000,0
IL,62051,MONTGOMERY,0.072500,0.062500,0.010000,0.000000,0.000000,0
IL,62052,JERSEYVILLE,0.085000,0.062500,0.017500,0.005000,0.000000,0
IL,62053,CALHOUN,0.080000,0.062500,0.017500,0.000000,0.000000,0
IL,62054,JERSEY,0.080000,0.062500,0.017500,0.000000,0.000000,0
IL,62056,LITCHFIELD BUSINESS DISTRICT,0.092500,0.062500,0.010000,0.010000,0.010000,0
IL,62058,LIVINGSTON,0.076000,0.062500,0.003500,0.010000,0.000000,0
IL,62059,EAST SAINT LOUIS,0.088500,0.062500,0.000000,0.015000,0.011000,0
IL,62060,GRANITE CITY,0.083500,0.062500,0.003500,0.015000,0.002500,0
IL,62061,MARINE,0.068500,0.062500,0.003500,0.000000,0.002500,0
IL,62062,MARYVILLE RTE 159 162 SP,0.088500,0.062500,0.003500,0.010000,0.012500,0
IL,62063,MEDORA,0.080000,0.062500,0.017500,0.000000,0.000000,0
IL,62065,CALHOUN,0.080000,0.062500,0.017500,0.000000,0.000000,0
IL,62067,METRO-EAST MASS TRANSIT DISTRICT,0.068500,0.062500,0.003500,0.000000,0.002500,0
IL,62069,MACOUPIN,0.072500,0.062500,0.010000,0.000000,0.000000,0
IL,62070,CALHOUN,0.080000,0.062500,0.017500,0.000000,0.000000,0
IL,62071,EAST SAINT LOUIS,0.088500,0.062500,0.000000,0.015000,0.011000,0
IL,62074,BOND,0.072500,0.062500,0.010000,0.000000,0.000000,0
IL,62075,NOKOMIS BD SP,0.092500,0.062500,0.010000,0.010000,0.010000,0
IL,62076,NOKOMIS BD SP,0.092500,0.062500,0.010000,0.010000,0.010000,0
IL,62077,BOND,0.072500,0.062500,0.010000,0.000000,0.000000,0
IL,62078,WILMINGTON,0.072500,0.062500,0.010000,0.000000,0.000000,0
IL,62079,JERSEY,0.080000,0.062500,0.017500,0.000000,0.000000,0
IL,62080,RAMSEY BD SP,0.082500,0.062500,0.010000,0.000000,0.010000,0
IL,62081,GREENE,0.072500,0.062500,0.010000,0.000000,0.000000,0
IL,62082,GREENE,0.072500,0.062500,0.010000,0.000000,0.000000,0
IL,62083,CHRISTIAN,0.072500,0.062500,0.010000,0.000000,0.000000,0
IL,62084,WOOD RIVER,0.078500,0.062500,0.003500,0.010000,0.002500,0
IL,62085,BENLD,0.072500,0.062500,0.010000,0.000000,0.000000,0
IL,62086,BOND,0.072500,0.062500,0.010000,0.000000,0.000000,0
IL,62087,METRO-EAST MASS TRANSIT DISTRICT,0.068500,0.062500,0.003500,0.000000,0.002500,0
IL,62088,STAUNTON,0.082500,0.062500,0.010000,0.000000,0.010000,0
IL,62089,MONTGOMERY,0.072500,0.062500,0.010000,0.000000,0.000000,0
IL,62090,VENICE,0.078500,0.062500,0.003500,0.000000,0.012500,0
IL,62091,MACOUPIN,0.072500,0.062500,0.010000,0.000000,0.000000,0
IL,62092,GREENE,0.072500,0.062500,0.010000,0.000000,0.000000,0
IL,62093,WILSONVILLE,0.072500,0.062500,0.010000,0.000000,0.000000,0
IL,62094,WITT,0.082500,0.062500,0.010000,0.010000,0.000000,0
IL,62095,WOOD RIVER RIVERBEND BD 1 SP,0.088500,0.062500,0.003500,0.010000,0.012500,0
IL,62097,MACOUPIN,0.072500,0.062500,0.010000,0.000000,0.000000,0
IL,62098,GREENE,0.072500,0.062500,0.010000,0.000000,0.000000,0
IL,62201,EAST SAINT LOUIS STATE STREET BUSINESS DISTRICT SP,0.098500,0.062500,0.000000,0.015000,0.021000,0
IL,62202,EAST SAINT LOUIS,0.088500,0.062500,0.000000,0.015000,0.011000,0
IL,62203,EAST SAINT LOUIS,0.088500,0.062500,0.000000,0.015000,0.011000,0
IL,62204,EAST SAINT LOUIS,0.088500,0.062500,0.000000,0.015000,0.011000,0
IL,62205,EAST SAINT LOUIS STATE STREET BUSINESS DISTRICT SP,0.098500,0.062500,0.000000,0.015000,0.021000,0
IL,62206,METRO-EAST MASS TRANSIT DISTRICT,0.083500,0.062500,0.000000,0.010000,0.011000,0
IL,62207,METRO-EAST MASS TRANSIT DISTRICT,0.093500,0.062500,0.000000,0.010000,0.021000,0
IL,62208,FAIRVIEW HEIGHTS LINCOLN HIGHWAY AND 159 BUSINESS DISTRICT,0.093500,0.062500,0.000000,0.010000,0.021000,0
IL,62214,WASHINGTON,0.062500,0.062500,0.000000,0.000000,0.000000,0
IL,62215,MASCOUTAH,0.086000,0.062500,0.000000,0.002500,0.021000,0
IL,62216,METRO-EAST MASS TRANSIT DISTRICT,0.068500,0.062500,0.003500,0.000000,0.002500,0
IL,62217,RANDOLPH,0.072500,0.062500,0.010000,0.000000,0.000000,0
IL,62218,CLINTON,0.062500,0.062500,0.000000,0.000000,0.000000,0
IL,62219,CLINTON,0.062500,0.062500,0.000000,0.000000,0.000000,0
IL,62220,METRO-EAST MASS TRANSIT DISTRICT,0.081000,0.062500,0.000000,0.007500,0.011000,0
IL,62221,BELLEVILLE/CARLYLE/GREEN MT BUS,0.091000,0.062500,0.000000,0.007500,0.021000,0
IL,62222,METRO-EAST MASS TRANSIT DISTRICT,0.081000,0.062500,0.000000,0.007500,0.011000,0
IL,62223,BELLEVILLE SHOPLAND PLAZA BD SP,0.091000,0.062500,0.000000,0.007500,0.021000,0
IL,62225,O FALLON,0.083500,0.062500,0.000000,0.010000,0.011000,0
IL,62226,BELLEVILLE/FRANK SCOTT PKY BUS,0.091000,0.062500,0.000000,0.007500,0.021000,0
IL,62230,BREESE JANSON FORD BUSINESS DISTRICT,0.072500,0.062500,0.000000,0.000000,0.010000,0
IL,62231,BOND,0.072500,0.062500,0.010000,0.000000,0.000000,0
IL,62232,COLLINSVILLE,0.088500,0.062500,0.000000,0.015000,0.011000,0
IL,62233,RANDOLPH,0.072500,0.062500,0.010000,0.000000,0.000000,0
IL,62234,COLLINSVILLE SOUTHWEST CORRIDOR BD SP,0.098500,0.062500,0.000000,0.015000,0.021000,0
IL,62236,COLUMBIA ROUTE 3/I-255 BUSINESS DISTRICT,0.085000,0.062500,0.012500,0.000000,0.010000,0
IL,62237,PERRY,0.077500,0.062500,0.015000,0.000000,0.000000,0
IL,62238,PERRY,0.077500,0.062500,0.015000,0.000000,0.000000,0
IL,62239,DUPO BD SP,0.083500,0.062500,0.000000,0.000000,0.021000,0
IL,62240,MONROE,0.075000,0.062500,0.012500,0.000000,0.000000,0
IL,62241,RANDOLPH,0.072500,0.062500,0.010000,0.000000,0.000000,0
IL,62242,RANDOLPH,0.072500,0.062500,0.010000,0.000000,0.000000,0
IL,62243,FREEBURG,0.073500,0.062500,0.000000,0.000000,0.011000,0
IL,62244,MONROE,0.075000,0.062500,0.012500,0.000000,0.000000,0
IL,62245,CLINTON,0.062500,0.062500,0.000000,0.000000,0.000000,0
IL,62246,GREENVILLE,0.087500,0.062500,0.010000,0.005000,0.010000,0
IL,62248,MONROE,0.075000,0.062500,0.012500,0.000000,0.000000,0
IL,62249,HIGHLAND BD A SP,0.088500,0.062500,0.003500,0.010000,0.012500,0
IL,62250,CLINTON,0.062500,0.062500,0.000000,0.000000,0.000000,0
IL,62252,CLINTON,0.062500,0.062500,0.000000,0.000000,0.000000,0
IL,62253,KEYESPORT,0.077500,0.062500,0.010000,0.005000,0.000000,0
IL,62254,LEBANON,0.088500,0.062500,0.000000,0.005000,0.021000,0
IL,62255,SAINT CLAIR CO FLOOD PREVENTION SL,0.066000,0.062500,0.000000,0.000000,0.003500,0
IL,62256,MAEYSTOWN,0.075000,0.062500,0.012500,0.000000,0.000000,0
IL,62257,RANDOLPH,0.072500,0.062500,0.010000,0.000000,0.000000,0
IL,62258,MASCOUTAH,0.086000,0.062500,0.000000,0.002500,0.021000,0
IL,62259,CHESTER,0.072500,0.062500,0.010000,0.000000,0.000000,0
IL,62260,MILLSTADT MKT PLACE BD SP,0.076000,0.062500,0.000000,0.000000,0.013500,0
IL,62261,RANDOLPH,0.072500,0.062500,0.010000,0.000000,0.000000,0
IL,62262,BOND,0.072500,0.062500,0.010000,0.000000,0.000000,0
IL,62263,PERRY,0.077500,0.062500,0.015000,0.000000,0.000000,0
IL,62264,NEW ATHENS BUS DIST SP,0.081000,0.062500,0.000000,0.000000,0.018500,0
IL,62265,NEW BADEN BUSINESS DISTRICT 11 SP,0.088500,0.062500,0.000000,0.005000,0.021000,0
IL,62266,NEW BADEN,0.067500,0.062500,0.000000,0.005000,0.000000,0
IL,62268,PERRY,0.077500,0.062500,0.015000,0.000000,0.000000,0
IL,62269,O FALLON PARK PLACE BUSINESS DISTRICT,0.093500,0.062500,0.000000,0.010000,0.021000,0
IL,62271,WASHINGTON,0.062500,0.062500,0.000000,0.000000,0.000000,0
IL,62272,WILLISVILLE,0.087500,0.062500,0.015000,0.010000,0.000000,0
IL,62273,BOND,0.072500,0.062500,0.010000,0.000000,0.000000,0
IL,62274,PINCKNEYVILLE BUS DIST,0.087500,0.062500,0.015000,0.000000,0.010000,0
IL,62275,POCAHONTAS,0.082500,0.062500,0.010000,0.000000,0.010000,0
IL,62277,MONROE,0.075000,0.062500,0.012500,0.000000,0.000000,0
IL,62278,MONROE,0.075000,0.062500,0.012500,0.000000,0.000000,0
IL,62279,MONROE,0.075000,0.062500,0.012500,0.000000,0.000000,0
IL,62280,JACKSON,0.072500,0.062500,0.010000,0.000000,0.000000,0
IL,62281,METRO-EAST MASS TRANSIT DISTRICT,0.068500,0.062500,0.003500,0.000000,0.002500,0
IL,62282,SAINT CLAIR CO FLOOD PREVENTION SL,0.066000,0.062500,0.000000,0.000000,0.003500,0
IL,62284,BOND,0.072500,0.062500,0.010000,0.000000,0.000000,0
IL,62285,METRO-EAST MASS TRANSIT DISTRICT,0.073500,0.062500,0.000000,0.000000,0.011000,0
IL,62286,SPARTA,0.082500,0.062500,0.010000,0.010000,0.000000,0
IL,62288,RANDOLPH,0.072500,0.062500,0.010000,0.000000,0.000000,0
IL,62289,METRO-EAST MASS TRANSIT DISTRICT,0.073500,0.062500,0.000000,0.000000,0.011000,0
IL,62292,TILDEN,0.072500,0.062500,0.010000,0.000000,0.000000,0
IL,62293,TRENTON,0.075000,0.062500,0.000000,0.002500,0.010000,0
IL,62294,TROY,0.088500,0.062500,0.003500,0.010000,0.012500,0
IL,62295,MONROE,0.075000,0.062500,0.012500,0.000000,0.000000,0
IL,62297,RANDOLPH,0.072500,0.062500,0.010000,0.000000,0.000000,0
IL,62298,WATERLOO,0.085000,0.062500,0.012500,0.000000,0.010000,0
IL,62301,QUINCY,0.090000,0.062500,0.002500,0.015000,0.010000,0
IL,62305,QUINCY 54TH STREET BUSINESS DISTRICT,0.090000,0.062500,0.002500,0.015000,0.010000,0
IL,62306,QUINCY,0.080000,0.062500,0.002500,0.015000,0.000000,0
IL,62311,SCHUYLER,0.082500,0.062500,0.020000,0.000000,0.000000,0
IL,62312,PIKE,0.077500,0.062500,0.015000,0.000000,0.000000,0
IL,62313,HANCOCK,0.062500,0.062500,0.000000,0.000000,0.000000,0
IL,62314,PIKE,0.077500,0.062500,0.015000,0.000000,0.000000,0
IL,62316,BOWEN,0.072500,0.062500,0.000000,0.010000,0.000000,0
IL,62319,SCHUYLER,0.082500,0.062500,0.020000,0.000000,0.000000,0
IL,62320,ADAMS,0.065000,0.062500,0.002500,0.000000,0.000000,0
IL,62321,CARTHAGE,0.067500,0.062500,0.000000,0.005000,0.000000,0
IL,62323,PIKE,0.077500,0.062500,0.015000,0.000000,0.000000,0
IL,62324,ADAMS,0.065000,0.062500,0.002500,0.000000,0.000000,0
IL,62325,ADAMS,0.065000,0.062500,0.002500,0.000000,0.000000,0
IL,62326,MCDONOUGH,0.080000,0.062500,0.017500,0.000000,0.000000,0
IL,62329,HANCOCK,0.062500,0.062500,0.000000,0.000000,0.000000,0
IL,62330,HENDERSON,0.072500,0.062500,0.010000,0.000000,0.000000,0
IL,62334,HANCOCK,0.062500,0.062500,0.000000,0.000000,0.000000,0
IL,62336,FERRIS,0.062500,0.062500,0.000000,0.000000,0.000000,0
IL,62338,ADAMS,0.065000,0.062500,0.002500,0.000000,0.000000,0
IL,62339,ADAMS,0.065000,0.062500,0.002500,0.000000,0.000000,0
IL,62340,PIKE,0.077500,0.062500,0.015000,0.000000,0.000000,0
IL,62341,HANCOCK,0.062500,0.062500,0.000000,0.000000,0.000000,0
IL,62343,PIKE,0.077500,0.062500,0.015000,0.000000,0.000000,0
IL,62344,SCHUYLER,0.082500,0.062500,0.020000,0.000000,0.000000,0
IL,62345,PIKE,0.077500,0.062500,0.015000,0.000000,0.000000,0
IL,62346,SCHUYLER,0.082500,0.062500,0.020000,0.000000,0.000000,0
IL,62347,ADAMS,0.065000,0.062500,0.002500,0.000000,0.000000,0
IL,62348,LIMA,0.065000,0.062500,0.002500,0.000000,0.000000,0
IL,62349,ADAMS,0.065000,0.062500,0.002500,0.000000,0.000000,0
IL,62351,ADAMS,0.065000,0.062500,0.002500,0.000000,0.000000,0
IL,62352,MILTON,0.077500,0.062500,0.015000,0.000000,0.000000,0
IL,62353,SCHUYLER,0.082500,0.062500,0.020000,0.000000,0.000000,0
IL,62354,NAUVOO,0.070000,0.062500,0.000000,0.007500,0.000000,0
IL,62355,CALHOUN,0.080000,0.062500,0.017500,0.000000,0.000000,0
IL,62356,PIKE,0.077500,0.062500,0.015000,0.000000,0.000000,0
IL,62357,PIKE,0.077500,0.062500,0.015000,0.000000,0.000000,0
IL,62358,HANCOCK,0.062500,0.062500,0.000000,0.000000,0.000000,0
IL,62359,ADAMS,0.065000,0.062500,0.002500,0.000000,0.000000,0
IL,62360,ADAMS,0.065000,0.062500,0.002500,0.000000,0.000000,0
IL,62361,CALHOUN,0.080000,0.062500,0.017500,0.000000,0.000000,0
IL,62362,PIKE,0.077500,0.062500,0.015000,0.000000,0.000000,0
IL,62363,PIKE,0.077500,0.062500,0.015000,0.000000,0.000000,0
IL,62365,ADAMS,0.065000,0.062500,0.002500,0.000000,0.000000,0
IL,62366,CALHOUN,0.080000,0.062500,0.017500,0.000000,0.000000,0
IL,62367,SCHUYLER,0.082500,0.062500,0.020000,0.000000,0.000000,0
IL,62370,PIKE,0.077500,0.062500,0.015000,0.000000,0.000000,0
IL,62373,ADAMS,0.065000,0.062500,0.002500,0.000000,0.000000,0
IL,62374,MCDONOUGH,0.080000,0.062500,0.017500,0.000000,0.000000,0
IL,62375,BROWN,0.075000,0.062500,0.012500,0.000000,0.000000,0
IL,62376,ADAMS,0.065000,0.062500,0.002500,0.000000,0.000000,0
IL,62378,BROWN,0.075000,0.062500,0.012500,0.000000,0.000000,0
IL,62379,ADAMS,0.065000,0.062500,0.002500,0.000000,0.000000,0
IL,62380,HANCOCK,0.062500,0.062500,0.000000,0.000000,0.000000,0
IL,62401,EFFINGHAM,0.085000,0.062500,0.002500,0.010000,0.010000,0
IL,62410,LAWRENCE,0.072500,0.062500,0.010000,0.000000,0.000000,0
IL,62411,ALTAMONT BUSINESS DISTRICT SP,0.075000,0.062500,0.002500,0.000000,0.010000,0
IL,62413,CLARK,0.072500,0.062500,0.010000,0.000000,0.000000,0
IL,62414,FAYETTE,0.072500,0.062500,0.010000,0.000000,0.000000,0
IL,62417,LAWRENCE,0.072500,0.062500,0.010000,0.000000,0.000000,0
IL,62418,FAYETTE,0.072500,0.062500,0.010000,0.000000,0.000000,0
IL,62419,RICHLAND,0.077500,0.062500,0.015000,0.000000,0.000000,0
IL,62420,CASEY,0.082500,0.062500,0.010000,0.000000,0.010000,0
IL,62421,RICHLAND,0.077500,0.062500,0.015000,0.000000,0.000000,0
IL,62422,FAYETTE,0.072500,0.062500,0.010000,0.000000,0.000000,0
IL,62423,EDGAR,0.082500,0.062500,0.020000,0.000000,0.000000,0
IL,62424,JASPER,0.072500,0.062500,0.010000,0.000000,0.000000,0
IL,62425,RICHLAND,0.077500,0.062500,0.015000,0.000000,0.000000,0
IL,62426,FAYETTE,0.072500,0.062500,0.010000,0.000000,0.000000,0
IL,62427,LAWRENCE,0.072500,0.062500,0.010000,0.000000,0.000000,0
IL,62428,GREENUP,0.077500,0.062500,0.010000,0.005000,0.000000,0
IL,62431,FAYETTE,0.072500,0.062500,0.010000,0.000000,0.000000,0
IL,62432,CUMBERLAND,0.072500,0.062500,0.010000,0.000000,0.000000,0
IL,62433,CRAWFORD,0.062500,0.062500,0.000000,0.000000,0.000000,0
IL,62434,JASPER,0.072500,0.062500,0.010000,0.000000,0.000000,0
IL,62436,CUMBERLAND,0.072500,0.062500,0.010000,0.000000,0.000000,0
IL,62438,SHELBY,0.072500,0.062500,0.010000,0.000000,0.000000,0
IL,62439,LAWRENCE,0.072500,0.062500,0.010000,0.000000,0.000000,0
IL,62440,COLES,0.072500,0.062500,0.010000,0.000000,0.000000,0
IL,62441,EDGAR,0.082500,0.062500,0.020000,0.000000,0.000000,0
IL,62442,CLARK,0.072500,0.062500,0.010000,0.000000,0.000000,0
IL,62443,CLAY,0.067500,0.062500,0.005000,0.000000,0.000000,0
IL,62444,SHELBY,0.072500,0.062500,0.010000,0.000000,0.000000,0
IL,62445,MONTROSE BUSINESS DISTRICT,0.075000,0.062500,0.002500,0.000000,0.010000,0
IL,62446,WAYNE,0.070000,0.062500,0.007500,0.000000,0.000000,0
IL,62447,COLES,0.072500,0.062500,0.010000,0.000000,0.000000,0
IL,62448,RICHLAND,0.077500,0.062500,0.015000,0.000000,0.000000,0
IL,62449,CLARK,0.072500,0.062500,0.010000,0.000000,0.000000,0
IL,62450,OLNEY,0.087500,0.062500,0.015000,0.000000,0.010000,0
IL,62451,CRAWFORD,0.062500,0.062500,0.000000,0.000000,0.000000,0
IL,62452,RICHLAND,0.077500,0.062500,0.015000,0.000000,0.000000,0
IL,62454,CRAWFORD,0.062500,0.062500,0.000000,0.000000,0.000000,0
IL,62458,ST. ELMO BUSINESS DEVELOPMENT DISTRICT NO. 1,0.082500,0.062500,0.010000,0.000000,0.010000,0
IL,62459,SAINTE MARIE,0.072500,0.062500,0.010000,0.000000,0.000000,0
IL,62460,LAWRENCE,0.072500,0.062500,0.010000,0.000000,0.000000,0
IL,62461,SHELBY,0.072500,0.062500,0.010000,0.000000,0.000000,0
IL,62462,CUMBERLAND,0.072500,0.062500,0.010000,0.000000,0.000000,0
IL,62463,SHELBY,0.072500,0.062500,0.010000,0.000000,0.000000,0
IL,62464,STOY,0.062500,0.062500,0.000000,0.000000,0.000000,0
IL,62465,SHELBY,0.072500,0.062500,0.010000,0.000000,0.000000,0
IL,62466,RICHLAND,0.077500,0.062500,0.015000,0.000000,0.000000,0
IL,62467,EFFINGHAM,0.075000,0.062500,0.002500,0.010000,0.000000,0
IL,62468,TOLEDO,0.082500,0.062500,0.010000,0.010000,0.000000,0
IL,62469,COLES,0.072500,0.062500,0.010000,0.000000,0.000000,0
IL,62471,VANDALIA W RANDOLPH ST AND VETERANS AVE BUSINESS DISTRICT,0.087500,0.062500,0.010000,0.005000,0.010000,0
IL,62473,EFFINGHAM,0.065000,0.062500,0.002500,0.000000,0.000000,0
IL,62474,CLARK,0.072500,0.062500,0.010000,0.000000,0.000000,0
IL,62475,JASPER,0.072500,0.062500,0.010000,0.000000,0.000000,0
IL,62476,RICHLAND,0.077500,0.062500,0.015000,0.000000,0.000000,0
IL,62477,CLARK,0.072500,0.062500,0.010000,0.000000,0.000000,0
IL,62478,CLARK,0.072500,0.062500,0.010000,0.000000,0.000000,0
IL,62479,JASPER,0.072500,0.062500,0.010000,0.000000,0.000000,0
IL,62480,JASPER,0.072500,0.062500,0.010000,0.000000,0.000000,0
IL,62481,CLARK,0.072500,0.062500,0.010000,0.000000,0.000000,0
IL,62501,DECATUR,0.092500,0.062500,0.015000,0.015000,0.000000,0
IL,62510,ASSUMPTION,0.082500,0.062500,0.010000,0.010000,0.000000,0
IL,62512,LOGAN,0.082500,0.062500,0.020000,0.000000,0.000000,0
IL,62513,MACON,0.077500,0.062500,0.015000,0.000000,0.000000,0
IL,62514,MACON,0.077500,0.062500,0.015000,0.000000,0.000000,0
IL,62515,SANGAMON,0.072500,0.062500,0.010000,0.000000,0.000000,0
IL,62517,CHRISTIAN,0.072500,0.062500,0.010000,0.000000,0.000000,0
IL,62518,LOGAN,0.082500,0.062500,0.020000,0.000000,0.000000,0
IL,62519,LOGAN,0.082500,0.062500,0.020000,0.000000,0.000000,0
IL,62520,SANGAMON,0.072500,0.062500,0.010000,0.000000,0.000000,0
IL,62521,DECATUR,0.092500,0.062500,0.015000,0.015000,0.000000,0
IL,62522,DECATUR,0.092500,0.062500,0.015000,0.015000,0.000000,0
IL,62523,DECATUR,0.092500,0.062500,0.015000,0.015000,0.000000,0
IL,62524,DECATUR,0.092500,0.062500,0.015000,0.015000,0.000000,0
IL,62525,DECATUR,0.092500,0.062500,0.015000,0.015000,0.000000,0
IL,62526,DECATUR,0.092500,0.062500,0.015000,0.015000,0.000000,0
IL,62530,DIVERNON,0.092500,0.062500,0.010000,0.010000,0.010000,0
IL,62531,CHRISTIAN,0.072500,0.062500,0.010000,0.000000,0.000000,0
IL,62532,MACON,0.077500,0.062500,0.015000,0.000000,0.000000,0
IL,62533,FARMERSVILLE,0.082500,0.062500,0.010000,0.010000,0.000000,0
IL,62534,FINDLAY,0.082500,0.062500,0.010000,0.010000,0.000000,0
IL,62535,DECATUR,0.092500,0.062500,0.015000,0.015000,0.000000,0
IL,62536,SPRINGFIELD,0.097500,0.062500,0.010000,0.025000,0.000000,0
IL,62537,HARRISTOWN,0.087500,0.062500,0.015000,0.000000,0.010000,0
IL,62538,CHRISTIAN,0.072500,0.062500,0.010000,0.000000,0.000000,0
IL,62539,ILLIOPOLIS BD SP,0.082500,0.062500,0.010000,0.000000,0.010000,0
IL,62540,CHRISTIAN,0.072500,0.062500,0.010000,0.000000,0.000000,0
IL,62541,LOGAN,0.082500,0.062500,0.020000,0.000000,0.000000,0
IL,62543,LOGAN,0.082500,0.062500,0.020000,0.000000,0.000000,0
IL,62544,MACON INSIDE MACON BD SP,0.087500,0.062500,0.015000,0.000000,0.010000,0
IL,62545,CHRISTIAN,0.072500,0.062500,0.010000,0.000000,0.000000,0
IL,62546,CHRISTIAN,0.072500,0.062500,0.010000,0.000000,0.000000,0
IL,62547,MACON,0.077500,0.062500,0.015000,0.000000,0.000000,0
IL,62548,MOUNT PULASKI INSIDE MOUNTAIN PULASKI BD SP,0.092500,0.062500,0.020000,0.000000,0.010000,0
IL,62549,MOUNT ZION,0.087500,0.062500,0.015000,0.000000,0.010000,0
IL,62550,MOWEAQUA BUSINESS DISTRICT SP,0.082500,0.062500,0.010000,0.000000,0.010000,0
IL,62551,HARRISTOWN,0.087500,0.062500,0.015000,0.000000,0.010000,0
IL,62553,MONTGOMERY,0.072500,0.062500,0.010000,0.000000,0.000000,0
IL,62554,DECATUR,0.092500,0.062500,0.015000,0.015000,0.000000,0
IL,62555,TAYLORVILLE,0.080000,0.062500,0.010000,0.007500,0.000000,0
IL,62556,CHRISTIAN,0.072500,0.062500,0.010000,0.000000,0.000000,0
IL,62557,PANA INSIDE PANA DOWNTOWN BD SP,0.082500,0.062500,0.010000,0.000000,0.010000,0
IL,62558,CHRISTIAN,0.072500,0.062500,0.010000,0.000000,0.000000,0
IL,62560,RAYMOND BUSINESS DISTRICT SP,0.082500,0.062500,0.010000,0.000000,0.010000,0
IL,62561,SANGAMON,0.072500,0.062500,0.010000,0.000000,0.000000,0
IL,62563,CHRISTIAN,0.072500,0.062500,0.010000,0.000000,0.000000,0
IL,62565,SHELBYVILLE WEST MAIN STREET BD SP,0.082500,0.062500,0.010000,0.000000,0.010000,0
IL,62567,CHRISTIAN,0.072500,0.062500,0.010000,0.000000,0.000000,0
IL,62568,TAYLORVILLE BD 1,0.090000,0.062500,0.010000,0.007500,0.010000,0
IL,62570,TOVEY,0.072500,0.062500,0.010000,0.000000,0.000000,0
IL,62571,PANA INSIDE PANA DOWNTOWN BD SP,0.082500,0.062500,0.010000,0.000000,0.010000,0
IL,62572,MACOUPIN,0.072500,0.062500,0.010000,0.000000,0.000000,0
IL,62573,MACON,0.077500,0.062500,0.015000,0.000000,0.000000,0
IL,62601,MORGAN,0.072500,0.062500,0.010000,0.000000,0.000000,0
IL,62610,ALSEY,0.072500,0.062500,0.010000,0.000000,0.000000,0
IL,62611,CASS,0.082500,0.062500,0.020000,0.000000,0.000000,0
IL,62612,CASS,0.082500,0.062500,0.020000,0.000000,0.000000,0
IL,62613,ATHENS,0.087500,0.062500,0.020000,0.000000,0.005000,0
IL,62615,CHATHAM,0.082500,0.062500,0.010000,0.010000,0.000000,0
IL,62617,MASON,0.072500,0.062500,0.010000,0.000000,0.000000,0
IL,62618,CASS,0.082500,0.062500,0.020000,0.000000,0.000000,0
IL,62621,MORGAN,0.072500,0.062500,0.010000,0.000000,0.000000,0
IL,62622,CASS,0.082500,0.062500,0.020000,0.000000,0.000000,0
IL,62624,SCHUYLER,0.082500,0.062500,0.020000,0.000000,0.000000,0
IL,62625,MENARD,0.082500,0.062500,0.020000,0.000000,0.000000,0
IL,62626,CARLINVILLE PLAZA BUSINESS DISTRICT SP,0.092500,0.062500,0.010000,0.010000,0.010000,0
IL,62627,CASS,0.082500,0.062500,0.020000,0.000000,0.000000,0
IL,62628,MORGAN,0.072500,0.062500,0.010000,0.000000,0.000000,0
IL,62629,SPRINGFIELD,0.097500,0.062500,0.010000,0.025000,0.000000,0
IL,62630,MACOUPIN,0.072500,0.062500,0.010000,0.000000,0.000000,0
IL,62631,MORGAN,0.072500,0.062500,0.010000,0.000000,0.000000,0
IL,62633,MASON,0.072500,0.062500,0.010000,0.000000,0.000000,0
IL,62634,LOGAN,0.082500,0.062500,0.020000,0.000000,0.000000,0
IL,62635,LOGAN,0.082500,0.062500,0.020000,0.000000,0.000000,0
IL,62638,MACOUPIN,0.072500,0.062500,0.010000,0.000000,0.000000,0
IL,62639,SCHUYLER,0.082500,0.062500,0.020000,0.000000,0.000000,0
IL,62640,GIRARD,0.082500,0.062500,0.010000,0.010000,0.000000,0
IL,62642,MENARD,0.082500,0.062500,0.020000,0.000000,0.000000,0
IL,62643,HARTSBURG,0.092500,0.062500,0.020000,0.010000,0.000000,0
IL,62644,HAVANA,0.087500,0.062500,0.010000,0.005000,0.010000,0
IL,62649,MACOUPIN,0.072500,0.062500,0.010000,0.000000,0.000000,0
IL,62650,WOODSON,0.082500,0.062500,0.010000,0.010000,0.000000,0
IL,62651,JACKSONVILLE,0.080000,0.062500,0.010000,0.007500,0.000000,0
IL,62655,MASON,0.072500,0.062500,0.010000,0.000000,0.000000,0
IL,62656,LINCOLN,0.087500,0.062500,0.020000,0.005000,0.000000,0
IL,62659,MENARD,0.082500,0.062500,0.020000,0.000000,0.000000,0
IL,62660,MORGAN,0.072500,0.062500,0.010000,0.000000,0.000000,0
IL,62661,SANGAMON,0.072500,0.062500,0.010000,0.000000,0.000000,0
IL,62662,SANGAMON,0.072500,0.062500,0.010000,0.000000,0.000000,0
IL,62663,MANCHESTER,0.072500,0.062500,0.010000,0.000000,0.000000,0
IL,62664,MASON,0.072500,0.062500,0.010000,0.000000,0.000000,0
IL,62665,CASS,0.082500,0.062500,0.020000,0.000000,0.000000,0
IL,62666,LOGAN,0.082500,0.062500,0.020000,0.000000,0.000000,0
IL,62667,MACOUPIN,0.072500,0.062500,0.010000,0.000000,0.000000,0
IL,62668,MACOUPIN,0.072500,0.062500,0.010000,0.000000,0.000000,0
IL,62670,SPRINGFIELD,0.097500,0.062500,0.010000,0.025000,0.000000,0
IL,62671,LOGAN,0.082500,0.062500,0.020000,0.000000,0.000000,0
IL,62672,MACOUPIN,0.072500,0.062500,0.010000,0.000000,0.000000,0
IL,62673,CASS,0.082500,0.062500,0.020000,0.000000,0.000000,0
IL,62674,MACOUPIN,0.072500,0.062500,0.010000,0.000000,0.000000,0
IL,62675,PETERSBURG BD SP,0.087500,0.062500,0.020000,0.000000,0.005000,0
IL,62677,CASS,0.082500,0.062500,0.020000,0.000000,0.000000,0
IL,62681,SCHUYLER,0.082500,0.062500,0.020000,0.000000,0.000000,0
IL,62682,LOGAN,0.082500,0.062500,0.020000,0.000000,0.000000,0
IL,62683,SCOTTVILLE,0.072500,0.062500,0.010000,0.000000,0.000000,0
IL,62684,SHERMAN RAIL POINTE BUSINESS DEVELOPMENT DISTRICT SP,0.097500,0.062500,0.010000,0.015000,0.010000,0
IL,62685,MACOUPIN,0.072500,0.062500,0.010000,0.000000,0.000000,0
IL,62688,MENARD,0.082500,0.062500,0.020000,0.000000,0.000000,0
IL,62689,SANGAMON,0.072500,0.062500,0.010000,0.000000,0.000000,0
IL,62690,MACOUPIN,0.072500,0.062500,0.010000,0.000000,0.000000,0
IL,62691,CASS,0.082500,0.062500,0.020000,0.000000,0.000000,0
IL,62692,MACOUPIN,0.072500,0.062500,0.010000,0.000000,0.000000,0
IL,62693,WILLIAMSVILLE,0.087500,0.062500,0.010000,0.015000,0.000000,0
IL,62694,GREENE,0.072500,0.062500,0.010000,0.000000,0.000000,0
IL,62695,WOODSON,0.082500,0.062500,0.010000,0.010000,0.000000,0
IL,62701,SPRINGFIELD,0.097500,0.062500,0.010000,0.025000,0.000000,0
IL,62702,SPRINGFIELD,0.097500,0.062500,0.010000,0.025000,0.000000,0
IL,62703,SPRINGFIELD SOUTH CENTRAL BUSINESS DISTRICT,0.097500,0.062500,0.010000,0.025000,0.000000,0
IL,62704,SPRINGFIELD,0.107500,0.062500,0.010000,0.025000,0.010000,0
IL,62705,SPRINGFIELD,0.097500,0.062500,0.010000,0.025000,0.000000,0
IL,62706,SPRINGFIELD,0.097500,0.062500,0.010000,0.025000,0.000000,0
IL,62707,SPRINGFIELD,0.097500,0.062500,0.010000,0.025000,0.000000,0
IL,62708,SPRINGFIELD,0.097500,0.062500,0.010000,0.025000,0.000000,0
IL,62711,SPRINGFIELD SOUTH CENTRAL BUSINESS DISTRICT,0.097500,0.062500,0.010000,0.025000,0.000000,0
IL,62712,SPRINGFIELD,0.097500,0.062500,0.010000,0.025000,0.000000,0
IL,62715,SPRINGFIELD,0.097500,0.062500,0.010000,0.025000,0.000000,0
IL,62716,SPRINGFIELD,0.097500,0.062500,0.010000,0.025000,0.000000,0
IL,62719,SPRINGFIELD,0.097500,0.062500,0.010000,0.025000,0.000000,0
IL,62722,SPRINGFIELD,0.097500,0.062500,0.010000,0.025000,0.000000,0
IL,62723,SPRINGFIELD,0.097500,0.062500,0.010000,0.025000,0.000000,0
IL,62726,SPRINGFIELD,0.097500,0.062500,0.010000,0.025000,0.000000,0
IL,62736,SPRINGFIELD,0.097500,0.062500,0.010000,0.025000,0.000000,0
IL,62739,SPRINGFIELD,0.097500,0.062500,0.010000,0.025000,0.000000,0
IL,62756,SPRINGFIELD,0.097500,0.062500,0.010000,0.025000,0.000000,0
IL,62757,SPRINGFIELD,0.097500,0.062500,0.010000,0.025000,0.000000,0
IL,62761,SPRINGFIELD,0.097500,0.062500,0.010000,0.025000,0.000000,0
IL,62762,SPRINGFIELD,0.097500,0.062500,0.010000,0.025000,0.000000,0
IL,62763,SPRINGFIELD,0.097500,0.062500,0.010000,0.025000,0.000000,0
IL,62764,SANGAMON,0.072500,0.062500,0.010000,0.000000,0.000000,0
IL,62765,SPRINGFIELD,0.097500,0.062500,0.010000,0.025000,0.000000,0
IL,62766,SPRINGFIELD,0.097500,0.062500,0.010000,0.025000,0.000000,0
IL,62767,SPRINGFIELD,0.097500,0.062500,0.010000,0.025000,0.000000,0
IL,62769,SPRINGFIELD,0.097500,0.062500,0.010000,0.025000,0.000000,0
IL,62776,SPRINGFIELD,0.097500,0.062500,0.010000,0.025000,0.000000,0
IL,62777,SPRINGFIELD,0.097500,0.062500,0.010000,0.025000,0.000000,0
IL,62781,SPRINGFIELD,0.097500,0.062500,0.010000,0.025000,0.000000,0
IL,62786,SPRINGFIELD,0.097500,0.062500,0.010000,0.025000,0.000000,0
IL,62791,SPRINGFIELD,0.097500,0.062500,0.010000,0.025000,0.000000,0
IL,62794,SPRINGFIELD,0.097500,0.062500,0.010000,0.025000,0.000000,0
IL,62796,SPRINGFIELD,0.097500,0.062500,0.010000,0.025000,0.000000,0
IL,62801,CENTRALIA,0.085000,0.062500,0.012500,0.010000,0.000000,0
IL,62803,WASHINGTON,0.062500,0.062500,0.000000,0.000000,0.000000,0
IL,62806,EDWARDS,0.072500,0.062500,0.010000,0.000000,0.000000,0
IL,62807,MARION,0.075000,0.062500,0.012500,0.000000,0.000000,0
IL,62808,ASHLEY,0.072500,0.062500,0.000000,0.010000,0.000000,0
IL,62809,WAYNE,0.070000,0.062500,0.007500,0.000000,0.000000,0
IL,62810,FRANKLIN,0.082500,0.062500,0.020000,0.000000,0.000000,0
IL,62811,WABASH,0.072500,0.062500,0.010000,0.000000,0.000000,0
IL,62812,BENTON,0.105000,0.062500,0.020000,0.022500,0.000000,0
IL,62814,WAYNE,0.070000,0.062500,0.007500,0.000000,0.000000,0
IL,62815,EDWARDS,0.072500,0.062500,0.010000,0.000000,0.000000,0
IL,62816,JEFFERSON,0.067500,0.062500,0.005000,0.000000,0.000000,0
IL,62817,HAMILTON,0.082500,0.062500,0.020000,0.000000,0.000000,0
IL,62818,EDWARDS,0.072500,0.062500,0.010000,0.000000,0.000000,0
IL,62819,FRANKLIN,0.082500,0.062500,0.020000,0.000000,0.000000,0
IL,62820,WHITE,0.072500,0.062500,0.010000,0.000000,0.000000,0
IL,62821,CARMI,0.080000,0.062500,0.010000,0.007500,0.000000,0
IL,62822,CHRISTOPHER,0.092500,0.062500,0.020000,0.010000,0.000000,0
IL,62823,WAYNE,0.070000,0.062500,0.007500,0.000000,0.000000,0
IL,62824,CLAY CITY,0.077500,0.062500,0.005000,0.010000,0.000000,0
IL,62825,NORTH CITY,0.082500,0.062500,0.020000,0.000000,0.000000,0
IL,62827,CARMI,0.080000,0.062500,0.010000,0.007500,0.000000,0
IL,62828,HAMILTON,0.082500,0.062500,0.020000,0.000000,0.000000,0
IL,62829,HAMILTON,0.082500,0.062500,0.020000,0.000000,0.000000,0
IL,62830,DIX,0.077500,0.062500,0.005000,0.010000,0.000000,0
IL,62831,PERRY,0.077500,0.062500,0.015000,0.000000,0.000000,0
IL,62832,DU QUOIN BUSINESS DISTRICT SP,0.097500,0.062500,0.015000,0.015000,0.005000,0
IL,62833,EDWARDS,0.072500,0.062500,0.010000,0.000000,0.000000,0
IL,62834,WHITE,0.072500,0.062500,0.010000,0.000000,0.000000,0
IL,62835,HAMILTON,0.082500,0.062500,0.020000,0.000000,0.000000,0
IL,62836,FRANKLIN,0.082500,0.062500,0.020000,0.000000,0.000000,0
IL,62837,FAIRFIELD,0.080000,0.062500,0.007500,0.000000,0.010000,0
IL,62838,MARION,0.075000,0.062500,0.012500,0.000000,0.000000,0
IL,62839,FLORA,0.077500,0.062500,0.005000,0.010000,0.000000,0
IL,62840,WEST FRANKFORT,0.092500,0.062500,0.020000,0.010000,0.000000,0
IL,62841,FREEMAN SPUR,0.082500,0.062500,0.020000,0.000000,0.000000,0
IL,62842,WAYNE,0.070000,0.062500,0.007500,0.000000,0.000000,0
IL,62843,WAYNE,0.070000,0.062500,0.007500,0.000000,0.000000,0
IL,62844,GRAYVILLE BUSINESS DISTRICT,0.082500,0.062500,0.010000,0.000000,0.010000,0
IL,62846,JEFFERSON,0.067500,0.062500,0.005000,0.000000,0.000000,0
IL,62848,WASHINGTON,0.062500,0.062500,0.000000,0.000000,0.000000,0
IL,62849,MARION,0.075000,0.062500,0.012500,0.000000,0.000000,0
IL,62850,WAYNE,0.070000,0.062500,0.007500,0.000000,0.000000,0
IL,62851,MARION,0.075000,0.062500,0.012500,0.000000,0.000000,0
IL,62852,KEENSBURG,0.072500,0.062500,0.010000,0.000000,0.000000,0
IL,62853,MARION,0.075000,0.062500,0.012500,0.000000,0.000000,0
IL,62854,MARION,0.075000,0.062500,0.012500,0.000000,0.000000,0
IL,62856,HANAFORD,0.082500,0.062500,0.020000,0.000000,0.000000,0
IL,62858,LOUISVILLE BUSINESS DISTRICT,0.077500,0.062500,0.005000,0.000000,0.010000,0
IL,62859,FRANKLIN,0.082500,0.062500,0.020000,0.000000,0.000000,0
IL,62860,FRANKLIN,0.082500,0.062500,0.020000,0.000000,0.000000,0
IL,62861,CARMI,0.080000,0.062500,0.010000,0.007500,0.000000,0
IL,62862,WHITE,0.072500,0.062500,0.010000,0.000000,0.000000,0
IL,62863,MOUNT CARMEL,0.082500,0.062500,0.010000,0.010000,0.000000,0
IL,62864,MOUNT VERNON,0.095000,0.062500,0.005000,0.027500,0.000000,0
IL,62865,CHRISTOPHER,0.092500,0.062500,0.020000,0.010000,0.000000,0
IL,62866,NASON,0.067500,0.062500,0.005000,0.000000,0.000000,0
IL,62867,GALLATIN,0.072500,0.062500,0.010000,0.000000,0.000000,0
IL,62868,RICHLAND,0.077500,0.062500,0.015000,0.000000,0.000000,0
IL,62869,HAMILTON,0.082500,0.062500,0.020000,0.000000,0.000000,0
IL,62870,MARION,0.075000,0.062500,0.012500,0.000000,0.000000,0
IL,62871,GALLATIN,0.072500,0.062500,0.010000,0.000000,0.000000,0
IL,62872,JEFFERSON,0.067500,0.062500,0.005000,0.000000,0.000000,0
IL,62874,FRANKLIN,0.082500,0.062500,0.020000,0.000000,0.000000,0
IL,62875,MARION,0.075000,0.062500,0.012500,0.000000,0.000000,0
IL,62876,RADOM,0.062500,0.062500,0.000000,0.000000,0.000000,0
IL,62877,JEFFERSON,0.067500,0.062500,0.005000,0.000000,0.000000,0
IL,62878,WAYNE,0.070000,0.062500,0.007500,0.000000,0.000000,0
IL,62879,SAILOR SPRINGS,0.067500,0.062500,0.005000,0.000000,0.000000,0
IL,62880,FAYETTE,0.072500,0.062500,0.010000,0.000000,0.000000,0
IL,62881,SALEM MAIN I57 BD SP,0.095000,0.062500,0.012500,0.010000,0.010000,0
IL,62882,SANDOVAL,0.085000,0.062500,0.012500,0.000000,0.010000,0
IL,62883,FRANKLIN,0.082500,0.062500,0.020000,0.000000,0.000000,0
IL,62884,SESSER,0.095000,0.062500,0.020000,0.012500,0.000000,0
IL,62885,MARION,0.075000,0.062500,0.012500,0.000000,0.000000,0
IL,62886,WAYNE,0.070000,0.062500,0.007500,0.000000,0.000000,0
IL,62887,HAMILTON,0.082500,0.062500,0.020000,0.000000,0.000000,0
IL,62888,TAMAROA,0.082500,0.062500,0.015000,0.005000,0.000000,0
IL,62889,MARION,0.075000,0.062500,0.012500,0.000000,0.000000,0
IL,62890,FRANKLIN,0.082500,0.062500,0.020000,0.000000,0.000000,0
IL,62891,CHRISTOPHER,0.092500,0.062500,0.020000,0.010000,0.000000,0
IL,62892,MARION,0.075000,0.062500,0.012500,0.000000,0.000000,0
IL,62893,MARION,0.075000,0.062500,0.012500,0.000000,0.000000,0
IL,62894,JEFFERSON,0.067500,0.062500,0.005000,0.000000,0.000000,0
IL,62895,HAMILTON,0.082500,0.062500,0.020000,0.000000,0.000000,0
IL,62896,WEST FRANKFORT,0.092500,0.062500,0.020000,0.010000,0.000000,0
IL,62897,BENTON,0.105000,0.062500,0.020000,0.022500,0.000000,0
IL,62898,JEFFERSON,0.067500,0.062500,0.005000,0.000000,0.000000,0
IL,62899,MARION,0.075000,0.062500,0.012500,0.000000,0.000000,0
IL,62901,CARBONDALE,0.097500,0.062500,0.010000,0.025000,0.000000,0
IL,62902,CARBONDALE,0.097500,0.062500,0.010000,0.025000,0.000000,0
IL,62903,CARBONDALE,0.097500,0.062500,0.010000,0.025000,0.000000,0
IL,62905,UNION,0.085000,0.062500,0.022500,0.000000,0.000000,0
IL,62906,ANNA,0.095000,0.062500,0.022500,0.010000,0.000000,0
IL,62907,PERRY,0.077500,0.062500,0.015000,0.000000,0.000000,0
IL,62908,JOHNSON,0.077500,0.062500,0.015000,0.000000,0.000000,0
IL,62909,JOHNSON,0.077500,0.062500,0.015000,0.000000,0.000000,0
IL,62910,BROOKPORT BUSINESS DISTRICT,0.072500,0.062500,0.000000,0.000000,0.010000,0
IL,62912,UNION,0.085000,0.062500,0.022500,0.000000,0.000000,0
IL,62914,CAIRO,0.072500,0.062500,0.000000,0.000000,0.010000,0
IL,62915,CAMBRIA,0.072500,0.062500,0.010000,0.000000,0.000000,0
IL,62916,PERRY,0.077500,0.062500,0.015000,0.000000,0.000000,0
IL,62917,SALINE,0.080000,0.062500,0.017500,0.000000,0.000000,0
IL,62918,MARION,0.095000,0.062500,0.010000,0.022500,0.000000,0
IL,62919,HARDIN,0.082500,0.062500,0.020000,0.000000,0.000000,0
IL,62920,UNION,0.085000,0.062500,0.022500,0.000000,0.000000,0
IL,62921,HERRIN,0.092500,0.062500,0.010000,0.020000,0.000000,0
IL,62922,MARION,0.100000,0.062500,0.015000,0.022500,0.000000,0
IL,62923,UNION,0.085000,0.062500,0.022500,0.000000,0.000000,0
IL,62924,HURST,0.082500,0.062500,0.010000,0.010000,0.000000,0
IL,62926,ANNA,0.095000,0.062500,0.022500,0.010000,0.000000,0
IL,62927,DOWELL,0.082500,0.062500,0.010000,0.010000,0.000000,0
IL,62928,POPE,0.062500,0.062500,0.000000,0.000000,0.000000,0
IL,62930,HAMILTON,0.082500,0.062500,0.020000,0.000000,0.000000,0
IL,62931,HARDIN,0.082500,0.062500,0.020000,0.000000,0.000000,0
IL,62932,FRANKLIN,0.082500,0.062500,0.020000,0.000000,0.000000,0
IL,62933,ENERGY BD,0.092500,0.062500,0.010000,0.010000,0.010000,0
IL,62934,SALINE,0.080000,0.062500,0.017500,0.000000,0.000000,0
IL,62935,HAMILTON,0.082500,0.062500,0.020000,0.000000,0.000000,0
IL,62938,HARDIN,0.082500,0.062500,0.020000,0.000000,0.000000,0
IL,62939,UNION,0.085000,0.062500,0.022500,0.000000,0.000000,0
IL,62940,JACKSON,0.072500,0.062500,0.010000,0.000000,0.000000,0
IL,62941,MASSAC,0.062500,0.062500,0.000000,0.000000,0.000000,0
IL,62942,JACKSON,0.072500,0.062500,0.010000,0.000000,0.000000,0
IL,62943,JOHNSON,0.077500,0.062500,0.015000,0.000000,0.000000,0
IL,62946,HARRISBURG,0.090000,0.062500,0.017500,0.002500,0.007500,0
IL,62947,HARDIN,0.082500,0.062500,0.020000,0.000000,0.000000,0
IL,62948,ENERGY BD,0.092500,0.062500,0.010000,0.010000,0.010000,0
IL,62949,HURST,0.082500,0.062500,0.010000,0.010000,0.000000,0
IL,62950,JACKSON,0.072500,0.062500,0.010000,0.000000,0.000000,0
IL,62951,JOHNSTON CITY,0.087500,0.062500,0.010000,0.015000,0.000000,0
IL,62952,UNION,0.085000,0.062500,0.022500,0.000000,0.000000,0
IL,62953,MASSAC,0.062500,0.062500,0.000000,0.000000,0.000000,0
IL,62954,GALLATIN,0.072500,0.062500,0.010000,0.000000,0.000000,0
IL,62956,MASSAC,0.062500,0.062500,0.000000,0.000000,0.000000,0
IL,62957,UNION,0.085000,0.062500,0.022500,0.000000,0.000000,0
IL,62958,UNION,0.085000,0.062500,0.022500,0.000000,0.000000,0
IL,62959,MARION,0.095000,0.062500,0.010000,0.022500,0.000000,0
IL,62960,METROPOLIS INTERSTATE NORTH BUSINESS DISTRICT,0.072500,0.062500,0.000000,0.000000,0.010000,0
IL,62961,MILL CREEK,0.085000,0.062500,0.022500,0.000000,0.000000,0
IL,62962,ALEXANDER,0.062500,0.062500,0.000000,0.000000,0.000000,0
IL,62963,PULASKI,0.062500,0.062500,0.000000,0.000000,0.000000,0
IL,62964,MOUNDS,0.072500,0.062500,0.000000,0.000000,0.010000,0
IL,62965,HARRISBURG,0.090000,0.062500,0.017500,0.002500,0.007500,0
IL,62966,MURPHYSBORO,0.097500,0.062500,0.010000,0.020000,0.005000,0
IL,62967,JOHNSON,0.077500,0.062500,0.015000,0.000000,0.000000,0
IL,62969,ALEXANDER,0.062500,0.062500,0.000000,0.000000,0.000000,0
IL,62970,PULASKI,0.062500,0.062500,0.000000,0.000000,0.000000,0
IL,62972,SALINE,0.080000,0.062500,0.017500,0.000000,0.000000,0
IL,62973,PULASKI,0.062500,0.062500,0.000000,0.000000,0.000000,0
IL,62974,PITTSBURG,0.082500,0.062500,0.010000,0.010000,0.000000,0
IL,62975,JACKSON,0.072500,0.062500,0.010000,0.000000,0.000000,0
IL,62976,PULASKI,0.062500,0.062500,0.000000,0.000000,0.000000,0
IL,62977,SALINE,0.080000,0.062500,0.017500,0.000000,0.000000,0
IL,62979,GALLATIN,0.072500,0.062500,0.010000,0.000000,0.000000,0
IL,62982,HARDIN,0.082500,0.062500,0.020000,0.000000,0.000000,0
IL,62983,FRANKLIN,0.082500,0.062500,0.020000,0.000000,0.000000,0
IL,62984,GALLATIN,0.072500,0.062500,0.010000,0.000000,0.000000,0
IL,62985,JOHNSON,0.077500,0.062500,0.015000,0.000000,0.000000,0
IL,62987,SALINE,0.080000,0.062500,0.017500,0.000000,0.000000,0
IL,62988,MILL CREEK,0.085000,0.062500,0.022500,0.000000,0.000000,0
IL,62990,ALEXANDER,0.062500,0.062500,0.000000,0.000000,0.000000,0
IL,62992,ALEXANDER,0.062500,0.062500,0.000000,0.000000,0.000000,0
IL,62993,ALEXANDER,0.062500,0.062500,0.000000,0.000000,0.000000,0
IL,62994,JACKSON,0.072500,0.062500,0.010000,0.000000,0.000000,0
IL,62995,JOHNSON,0.077500,0.062500,0.015000,0.000000,0.000000,0
IL,62996,PULASKI,0.062500,0.062500,0.000000,0.000000,0.000000,0
IL,62997,WILLISVILLE,0.087500,0.062500,0.015000,0.010000,0.000000,0
IL,62998,UNION,0.085000,0.062500,0.022500,0.000000,0.000000,0
IL,62999,FRANKLIN,0.082500,0.062500,0.020000,0.000000,0.000000,0
IL,63673,RANDOLPH,0.072500,0.062500,0.010000,0.000000,0.000000,0
