State,ZipCode,TaxRegionName,EstimatedCombinedRate,StateRate,EstimatedCountyRate,EstimatedCityRate,EstimatedSpecialRate,RiskLevel
CA,90001,HUNTINGTON PARK,0.105000,0.060000,0.002500,0.007500,0.035000,0
CA,90002,LYNWOOD,0.107500,0.060000,0.002500,0.010000,0.035000,0
CA,90003,LOS ANGELES,0.097500,0.060000,0.002500,0.000000,0.035000,0
CA,90004,GLENDORA,0.107500,0.060000,0.002500,0.010000,0.035000,0
CA,90005,LOS ANGELES,0.097500,0.060000,0.002500,0.000000,0.035000,0
CA,90006,LONG BEACH,0.105000,0.060000,0.002500,0.010000,0.032500,0
CA,90007,LOS ANGELES,0.097500,0.060000,0.002500,0.000000,0.035000,0
CA,90008,LOS ANGELES,0.097500,0.060000,0.002500,0.000000,0.035000,0
CA,90009,INGLEWOOD,0.102500,0.060000,0.002500,0.005000,0.035000,0
CA,90010,LOS ANGELES,0.097500,0.060000,0.002500,0.000000,0.035000,0
CA,90011,LONG BEACH,0.105000,0.060000,0.002500,0.010000,0.032500,0
CA,90012,LOS ANGELES,0.097500,0.060000,0.002500,0.000000,0.035000,0
CA,90013,LOS ANGELES,0.097500,0.060000,0.002500,0.000000,0.035000,0
CA,90014,LOS ANGELES,0.097500,0.060000,0.002500,0.000000,0.035000,0
CA,90015,LOS ANGELES,0.097500,0.060000,0.002500,0.000000,0.035000,0
CA,90016,CULVER CITY,0.107500,0.060000,0.002500,0.010000,0.035000,0
CA,90017,LOS ANGELES,0.097500,0.060000,0.002500,0.000000,0.035000,0
CA,90018,LOS ANGELES,0.097500,0.060000,0.002500,0.000000,0.035000,0
CA,90019,LOS ANGELES,0.097500,0.060000,0.002500,0.000000,0.035000,0
CA,90020,LOS ANGELES,0.097500,0.060000,0.002500,0.000000,0.035000,0
CA,90021,LOS ANGELES,0.097500,0.060000,0.002500,0.000000,0.035000,0
CA,90022,MONTEBELLO,0.105000,0.060000,0.002500,0.007500,0.035000,0
CA,90023,VERNON,0.105000,0.060000,0.002500,0.007500,0.035000,0
CA,90024,LOS ANGELES,0.097500,0.060000,0.002500,0.000000,0.035000,0
CA,90025,LOS ANGELES,0.097500,0.060000,0.002500,0.000000,0.035000,0
CA,90026,LOS ANGELES,0.097500,0.060000,0.002500,0.000000,0.035000,0
CA,90027,LOS ANGELES,0.097500,0.060000,0.002500,0.000000,0.035000,0
CA,90028,WEST HOLLYWOOD TOURISM IMPROVEMENT DISTRICT,0.105000,0.060000,0.002500,0.007500,0.035000,0
CA,90029,LOS ANGELES,0.097500,0.060000,0.002500,0.000000,0.035000,0
CA,90030,LOS ANGELES,0.097500,0.060000,0.002500,0.000000,0.035000,0
CA,90031,LOS ANGELES,0.097500,0.060000,0.002500,0.000000,0.035000,0
CA,90032,SOUTH PASADENA,0.105000,0.060000,0.002500,0.007500,0.035000,0
CA,90033,LOS ANGELES,0.097500,0.060000,0.002500,0.000000,0.035000,0
CA,90034,CULVER CITY,0.107500,0.060000,0.002500,0.010000,0.035000,0
CA,90035,LOS ANGELES,0.097500,0.060000,0.002500,0.000000,0.035000,0
CA,90036,LOS ANGELES,0.097500,0.060000,0.002500,0.000000,0.035000,0
CA,90037,LONG BEACH,0.105000,0.060000,0.002500,0.010000,0.032500,0
CA,90038,WEST HOLLYWOOD TOURISM IMPROVEMENT DISTRICT,0.105000,0.060000,0.002500,0.007500,0.035000,0
CA,90039,LOS ANGELES,0.097500,0.060000,0.002500,0.000000,0.035000,0
CA,90040,BELL GARDENS,0.105000,0.060000,0.002500,0.007500,0.035000,0
CA,90041,PASADENA,0.105000,0.060000,0.002500,0.007500,0.035000,0
CA,90042,PASADENA,0.105000,0.060000,0.002500,0.007500,0.035000,0
CA,90043,INGLEWOOD,0.102500,0.060000,0.002500,0.005000,0.035000,0
CA,90044,LOS ANGELES,0.097500,0.060000,0.002500,0.000000,0.035000,0
CA,90045,CULVER CITY,0.107500,0.060000,0.002500,0.010000,0.035000,0
CA,90046,WEST HOLLYWOOD TOURISM IMPROVEMENT DISTRICT,0.105000,0.060000,0.002500,0.007500,0.035000,0
CA,90047,HAWTHORNE,0.105000,0.060000,0.002500,0.007500,0.035000,0
CA,90048,WEST HOLLYWOOD TOURISM IMPROVEMENT DISTRICT,0.105000,0.060000,0.002500,0.007500,0.035000,0
CA,90049,SANTA MONICA,0.107500,0.060000,0.002500,0.010000,0.035000,0
CA,90050,LOS ANGELES,0.097500,0.060000,0.002500,0.000000,0.035000,0
CA,90051,LOS ANGELES,0.097500,0.060000,0.002500,0.000000,0.035000,0
CA,90052,LOS ANGELES,0.097500,0.060000,0.002500,0.000000,0.035000,0
CA,90053,LOS ANGELES,0.097500,0.060000,0.002500,0.000000,0.035000,0
CA,90054,LOS ANGELES,0.097500,0.060000,0.002500,0.000000,0.035000,0
CA,90055,LOS ANGELES,0.097500,0.060000,0.002500,0.000000,0.035000,0
CA,90056,INGLEWOOD,0.102500,0.060000,0.002500,0.005000,0.035000,0
CA,90057,LOS ANGELES,0.097500,0.060000,0.002500,0.000000,0.035000,0
CA,90058,VERNON,0.105000,0.060000,0.002500,0.007500,0.035000,0
CA,90059,LYNWOOD,0.107500,0.060000,0.002500,0.010000,0.035000,0
CA,90060,LOS ANGELES,0.097500,0.060000,0.002500,0.000000,0.035000,0
CA,90061,LOS ANGELES,0.097500,0.060000,0.002500,0.000000,0.035000,0
CA,90062,LOS ANGELES,0.097500,0.060000,0.002500,0.000000,0.035000,0
CA,90063,MONTEREY PARK,0.105000,0.060000,0.002500,0.007500,0.035000,0
CA,90064,LOS ANGELES,0.097500,0.060000,0.002500,0.000000,0.035000,0
CA,90065,LOS ANGELES,0.097500,0.060000,0.002500,0.000000,0.035000,0
CA,90066,CULVER CITY,0.107500,0.060000,0.002500,0.010000,0.035000,0
CA,90067,LOS ANGELES,0.097500,0.060000,0.002500,0.000000,0.035000,0
CA,90068,LOS ANGELES,0.097500,0.060000,0.002500,0.000000,0.035000,0
CA,90069,WEST HOLLYWOOD TOURISM IMPROVEMENT DISTRICT,0.105000,0.060000,0.002500,0.007500,0.035000,0
CA,90070,LOS ANGELES,0.097500,0.060000,0.002500,0.000000,0.035000,0
CA,90071,LOS ANGELES,0.097500,0.060000,0.002500,0.000000,0.035000,0
CA,90072,LOS ANGELES,0.097500,0.060000,0.002500,0.000000,0.035000,0
CA,90073,LOS ANGELES,0.097500,0.060000,0.002500,0.000000,0.035000,0
CA,90074,LOS ANGELES,0.097500,0.060000,0.002500,0.000000,0.035000,0
CA,90075,LOS ANGELES,0.097500,0.060000,0.002500,0.000000,0.035000,0
CA,90076,LOS ANGELES,0.097500,0.060000,0.002500,0.000000,0.035000,0
CA,90077,LOS ANGELES,0.097500,0.060000,0.002500,0.000000,0.035000,0
CA,90078,LOS ANGELES,0.097500,0.060000,0.002500,0.000000,0.035000,0
CA,90079,LOS ANGELES,0.097500,0.060000,0.002500,0.000000,0.035000,0
CA,90080,LOS ANGELES,0.097500,0.060000,0.002500,0.000000,0.035000,0
CA,90081,LOS ANGELES,0.097500,0.060000,0.002500,0.000000,0.035000,0
CA,90082,LOS ANGELES,0.097500,0.060000,0.002500,0.000000,0.035000,0
CA,90083,LOS ANGELES,0.097500,0.060000,0.002500,0.000000,0.035000,0
CA,90084,LOS ANGELES,0.097500,0.060000,0.002500,0.000000,0.035000,0
CA,90085,LOS ANGELES,0.097500,0.060000,0.002500,0.000000,0.035000,0
CA,90086,LOS ANGELES,0.097500,0.060000,0.002500,0.000000,0.035000,0
CA,90087,LOS ANGELES,0.097500,0.060000,0.002500,0.000000,0.035000,0
CA,90088,CARSON,0.105000,0.060000,0.002500,0.007500,0.035000,0
CA,90089,MONTEREY PARK,0.105000,0.060000,0.002500,0.007500,0.035000,0
CA,90091,COMMERCE,0.105000,0.060000,0.002500,0.007500,0.035000,0
CA,90093,LOS ANGELES,0.097500,0.060000,0.002500,0.000000,0.035000,0
CA,90094,LOS ANGELES,0.097500,0.060000,0.002500,0.000000,0.035000,0
CA,90095,LOS ANGELES,0.097500,0.060000,0.002500,0.000000,0.035000,0
CA,90096,LOS ANGELES,0.097500,0.060000,0.002500,0.000000,0.035000,0
CA,90099,LOS ANGELES,0.097500,0.060000,0.002500,0.000000,0.035000,0
CA,90134,LOS ANGELES,0.097500,0.060000,0.002500,0.000000,0.035000,0
CA,90140,COMMERCE,0.105000,0.060000,0.002500,0.007500,0.035000,0
CA,90189,LOS ANGELES,0.097500,0.060000,0.002500,0.000000,0.035000,0
CA,90201,SOUTH GATE,0.107500,0.060000,0.002500,0.010000,0.035000,0
CA,90202,BELL GARDENS,0.105000,0.060000,0.002500,0.007500,0.035000,0
CA,90205,BELL,0.097500,0.060000,0.002500,0.000000,0.035000,0
CA,90209,WEST HOLLYWOOD TOURISM IMPROVEMENT DISTRICT,0.105000,0.060000,0.002500,0.007500,0.035000,0
CA,90210,WEST HOLLYWOOD TOURISM IMPROVEMENT DISTRICT,0.105000,0.060000,0.002500,0.007500,0.035000,0
CA,90211,LOS ANGELES,0.097500,0.060000,0.002500,0.000000,0.035000,0
CA,90212,LOS ANGELES,0.097500,0.060000,0.002500,0.000000,0.035000,0
CA,90213,BEVERLY HILLS,0.097500,0.060000,0.002500,0.000000,0.035000,0
CA,90220,COMPTON,0.107500,0.060000,0.002500,0.010000,0.035000,0
CA,90221,LYNWOOD,0.107500,0.060000,0.002500,0.010000,0.035000,0
CA,90222,COMPTON,0.107500,0.060000,0.002500,0.010000,0.035000,0
CA,90223,COMPTON,0.107500,0.060000,0.002500,0.010000,0.035000,0
CA,90224,COMPTON,0.107500,0.060000,0.002500,0.010000,0.035000,0
CA,90230,CULVER CITY,0.107500,0.060000,0.002500,0.010000,0.035000,0
CA,90231,CULVER CITY,0.107500,0.060000,0.002500,0.010000,0.035000,0
CA,90232,CULVER CITY,0.107500,0.060000,0.002500,0.010000,0.035000,0
CA,90239,DOWNEY,0.105000,0.060000,0.002500,0.007500,0.035000,0
CA,90240,DOWNEY,0.105000,0.060000,0.002500,0.007500,0.035000,0
CA,90241,NORWALK,0.105000,0.060000,0.002500,0.007500,0.035000,0
CA,90242,PARAMOUNT,0.105000,0.060000,0.002500,0.007500,0.035000,0
CA,90245,HAWTHORNE,0.105000,0.060000,0.002500,0.007500,0.035000,0
CA,90247,GARDENA,0.105000,0.060000,0.002500,0.007500,0.035000,0
CA,90248,CARSON,0.105000,0.060000,0.002500,0.007500,0.035000,0
CA,90249,GARDENA,0.105000,0.060000,0.002500,0.007500,0.035000,0
CA,90250,GARDENA,0.105000,0.060000,0.002500,0.007500,0.035000,0
CA,90251,HAWTHORNE,0.105000,0.060000,0.002500,0.007500,0.035000,0
CA,90254,MANHATTAN BEACH,0.102500,0.060000,0.002500,0.005000,0.035000,0
CA,90255,SOUTH GATE,0.107500,0.060000,0.002500,0.010000,0.035000,0
CA,90260,LAWNDALE,0.105000,0.060000,0.002500,0.007500,0.035000,0
CA,90262,LYNWOOD,0.107500,0.060000,0.002500,0.010000,0.035000,0
CA,90263,LOS ANGELES,0.097500,0.060000,0.002500,0.000000,0.035000,0
CA,90264,MALIBU,0.102500,0.060000,0.002500,0.005000,0.035000,0
CA,90265,MALIBU,0.102500,0.060000,0.002500,0.005000,0.035000,0
CA,90266,HAWTHORNE,0.105000,0.060000,0.002500,0.007500,0.035000,0
CA,90267,MANHATTAN BEACH,0.102500,0.060000,0.002500,0.005000,0.035000,0
CA,90270,VERNON,0.105000,0.060000,0.002500,0.007500,0.035000,0
CA,90272,LOS ANGELES,0.097500,0.060000,0.002500,0.000000,0.035000,0
CA,90274,TORRANCE TOURISM BUSINESS IMPROVEMENT DISTRICT,0.102500,0.060000,0.002500,0.005000,0.035000,0
CA,90275,LOS ANGELES,0.097500,0.060000,0.002500,0.000000,0.035000,0
CA,90277,TORRANCE TOURISM BUSINESS IMPROVEMENT DISTRICT,0.102500,0.060000,0.002500,0.005000,0.035000,0
CA,90278,TORRANCE TOURISM BUSINESS IMPROVEMENT DISTRICT,0.102500,0.060000,0.002500,0.005000,0.035000,0
CA,90280,LYNWOOD,0.107500,0.060000,0.002500,0.010000,0.035000,0
CA,90290,LOS ANGELES,0.097500,0.060000,0.002500,0.000000,0.035000,0
CA,90291,CULVER CITY,0.107500,0.060000,0.002500,0.010000,0.035000,0
CA,90292,CULVER CITY,0.107500,0.060000,0.002500,0.010000,0.035000,0
CA,90293,LOS ANGELES,0.097500,0.060000,0.002500,0.000000,0.035000,0
CA,90294,LOS ANGELES,0.097500,0.060000,0.002500,0.000000,0.035000,0
CA,90295,MARINA DEL RAY CONVENTION AND VISITORS BUREAU,0.097500,0.060000,0.002500,0.000000,0.035000,0
CA,90296,LOS ANGELES,0.097500,0.060000,0.002500,0.000000,0.035000,0
CA,90301,INGLEWOOD,0.102500,0.060000,0.002500,0.005000,0.035000,0
CA,90302,INGLEWOOD,0.102500,0.060000,0.002500,0.005000,0.035000,0
CA,90303,HAWTHORNE,0.105000,0.060000,0.002500,0.007500,0.035000,0
CA,90304,HAWTHORNE,0.105000,0.060000,0.002500,0.007500,0.035000,0
CA,90305,INGLEWOOD,0.102500,0.060000,0.002500,0.005000,0.035000,0
CA,90306,INGLEWOOD,0.102500,0.060000,0.002500,0.005000,0.035000,0
CA,90307,INGLEWOOD,0.102500,0.060000,0.002500,0.005000,0.035000,0
CA,90308,INGLEWOOD,0.102500,0.060000,0.002500,0.005000,0.035000,0
CA,90309,INGLEWOOD,0.102500,0.060000,0.002500,0.005000,0.035000,0
CA,90310,INGLEWOOD,0.102500,0.060000,0.002500,0.005000,0.035000,0
CA,90311,LOS ANGELES,0.097500,0.060000,0.002500,0.000000,0.035000,0
CA,90312,LOS ANGELES,0.097500,0.060000,0.002500,0.000000,0.035000,0
CA,90401,SANTA MONICA,0.107500,0.060000,0.002500,0.010000,0.035000,0
CA,90402,SANTA MONICA,0.107500,0.060000,0.002500,0.010000,0.035000,0
CA,90403,SANTA MONICA,0.107500,0.060000,0.002500,0.010000,0.035000,0
CA,90404,SANTA MONICA,0.107500,0.060000,0.002500,0.010000,0.035000,0
CA,90405,SANTA MONICA,0.107500,0.060000,0.002500,0.010000,0.035000,0
CA,90406,SANTA MONICA,0.107500,0.060000,0.002500,0.010000,0.035000,0
CA,90407,SANTA MONICA,0.107500,0.060000,0.002500,0.010000,0.035000,0
CA,90408,SANTA MONICA,0.107500,0.060000,0.002500,0.010000,0.035000,0
CA,90409,SANTA MONICA,0.107500,0.060000,0.002500,0.010000,0.035000,0
CA,90410,SANTA MONICA,0.107500,0.060000,0.002500,0.010000,0.035000,0
CA,90411,SANTA MONICA,0.107500,0.060000,0.002500,0.010000,0.035000,0
CA,90501,LOMITA,0.105000,0.060000,0.002500,0.007500,0.035000,0
CA,90502,LOS ANGELES,0.097500,0.060000,0.002500,0.000000,0.035000,0
CA,90503,CARSON,0.105000,0.060000,0.002500,0.007500,0.035000,0
CA,90504,TORRANCE TOURISM BUSINESS IMPROVEMENT DISTRICT,0.102500,0.060000,0.002500,0.005000,0.035000,0
CA,90505,LOMITA,0.105000,0.060000,0.002500,0.007500,0.035000,0
CA,90506,LOS ANGELES,0.097500,0.060000,0.002500,0.000000,0.035000,0
CA,90507,TORRANCE TOURISM BUSINESS IMPROVEMENT DISTRICT,0.102500,0.060000,0.002500,0.005000,0.035000,0
CA,90508,TORRANCE TOURISM BUSINESS IMPROVEMENT DISTRICT,0.102500,0.060000,0.002500,0.005000,0.035000,0
CA,90509,TORRANCE TOURISM BUSINESS IMPROVEMENT DISTRICT,0.102500,0.060000,0.002500,0.005000,0.035000,0
CA,90510,TORRANCE TOURISM BUSINESS IMPROVEMENT DISTRICT,0.102500,0.060000,0.002500,0.005000,0.035000,0
CA,90601,PICO RIVERA,0.107500,0.060000,0.002500,0.010000,0.035000,0
CA,90602,WHITTIER,0.105000,0.060000,0.002500,0.007500,0.035000,0
CA,90603,WHITTIER,0.105000,0.060000,0.002500,0.007500,0.035000,0
CA,90604,WHITTIER,0.105000,0.060000,0.002500,0.007500,0.035000,0
CA,90605,SANTA FE SPRINGS,0.110000,0.060000,0.002500,0.012500,0.035000,0
CA,90606,SANTA FE SPRINGS,0.110000,0.060000,0.002500,0.012500,0.035000,0
CA,90607,WHITTIER,0.105000,0.060000,0.002500,0.007500,0.035000,0
CA,90608,WHITTIER,0.105000,0.060000,0.002500,0.007500,0.035000,0
CA,90609,WHITTIER,0.105000,0.060000,0.002500,0.007500,0.035000,0
CA,90610,LOS ANGELES,0.097500,0.060000,0.002500,0.000000,0.035000,0
CA,90620,BUENA PARK,0.087500,0.060000,0.002500,0.010000,0.015000,0
CA,90621,LA MIRADA,0.097500,0.060000,0.002500,0.000000,0.035000,0
CA,90622,BUENA PARK,0.087500,0.060000,0.002500,0.010000,0.015000,0
CA,90623,CERRITOS,0.097500,0.060000,0.002500,0.000000,0.035000,0
CA,90624,BUENA PARK,0.087500,0.060000,0.002500,0.010000,0.015000,0
CA,90630,HAWAIIAN GARDENS,0.105000,0.060000,0.002500,0.007500,0.035000,0
CA,90631,WHITTIER,0.105000,0.060000,0.002500,0.007500,0.035000,0
CA,90632,LA HABRA,0.087500,0.060000,0.002500,0.010000,0.015000,0
CA,90633,LA HABRA,0.087500,0.060000,0.002500,0.010000,0.015000,0
CA,90637,LA MIRADA,0.097500,0.060000,0.002500,0.000000,0.035000,0
CA,90638,LA MIRADA,0.097500,0.060000,0.002500,0.000000,0.035000,0
CA,90639,LA MIRADA,0.097500,0.060000,0.002500,0.000000,0.035000,0
CA,90640,PICO RIVERA,0.107500,0.060000,0.002500,0.010000,0.035000,0
CA,90650,SANTA FE SPRINGS,0.110000,0.060000,0.002500,0.012500,0.035000,0
CA,90651,NORWALK,0.105000,0.060000,0.002500,0.007500,0.035000,0
CA,90652,NORWALK,0.105000,0.060000,0.002500,0.007500,0.035000,0
CA,90660,PICO RIVERA,0.107500,0.060000,0.002500,0.010000,0.035000,0
CA,90661,PICO RIVERA,0.107500,0.060000,0.002500,0.010000,0.035000,0
CA,90662,PICO RIVERA,0.107500,0.060000,0.002500,0.010000,0.035000,0
CA,90670,SANTA FE SPRINGS,0.110000,0.060000,0.002500,0.012500,0.035000,0
CA,90671,SANTA FE SPRINGS,0.110000,0.060000,0.002500,0.012500,0.035000,0
CA,90680,GARDEN GROVE,0.087500,0.060000,0.002500,0.010000,0.015000,0
CA,90701,ARTESIA,0.105000,0.060000,0.002500,0.007500,0.035000,0
CA,90702,ARTESIA,0.105000,0.060000,0.002500,0.007500,0.035000,0
CA,90703,ARTESIA,0.105000,0.060000,0.002500,0.007500,0.035000,0
CA,90704,AVALON,0.102500,0.060000,0.002500,0.005000,0.035000,0
CA,90706,BELLFLOWER,0.105000,0.060000,0.002500,0.007500,0.035000,0
CA,90707,BELLFLOWER,0.105000,0.060000,0.002500,0.007500,0.035000,0
CA,90710,LOMITA,0.105000,0.060000,0.002500,0.007500,0.035000,0
CA,90711,LAKEWOOD,0.105000,0.060000,0.002500,0.007500,0.035000,0
CA,90712,LAKEWOOD,0.105000,0.060000,0.002500,0.007500,0.035000,0
CA,90713,LAKEWOOD,0.105000,0.060000,0.002500,0.007500,0.035000,0
CA,90714,LAKEWOOD,0.105000,0.060000,0.002500,0.007500,0.035000,0
CA,90715,LAKEWOOD,0.105000,0.060000,0.002500,0.007500,0.035000,0
CA,90716,HAWAIIAN GARDENS,0.105000,0.060000,0.002500,0.007500,0.035000,0
CA,90717,LOMITA,0.105000,0.060000,0.002500,0.007500,0.035000,0
CA,90720,LOS ALAMITOS,0.092500,0.060000,0.002500,0.015000,0.015000,0
CA,90721,LOS ALAMITOS,0.092500,0.060000,0.002500,0.015000,0.015000,0
CA,90723,COMPTON,0.107500,0.060000,0.002500,0.010000,0.035000,0
CA,90731,LONG BEACH,0.105000,0.060000,0.002500,0.010000,0.032500,0
CA,90732,LOS ANGELES,0.097500,0.060000,0.002500,0.000000,0.035000,0
CA,90733,LOS ANGELES,0.097500,0.060000,0.002500,0.000000,0.035000,0
CA,90734,LOS ANGELES,0.097500,0.060000,0.002500,0.000000,0.035000,0
CA,90740,SEAL BEACH,0.092500,0.060000,0.002500,0.015000,0.015000,0
CA,90742,HUNTINGTON BEACH,0.077500,0.060000,0.002500,0.000000,0.015000,0
CA,90743,SEAL BEACH,0.092500,0.060000,0.002500,0.015000,0.015000,0
CA,90744,CARSON,0.105000,0.060000,0.002500,0.007500,0.035000,0
CA,90745,CARSON,0.105000,0.060000,0.002500,0.007500,0.035000,0
CA,90746,COMPTON,0.107500,0.060000,0.002500,0.010000,0.035000,0
CA,90747,CARSON,0.105000,0.060000,0.002500,0.007500,0.035000,0
CA,90748,LOS ANGELES,0.097500,0.060000,0.002500,0.000000,0.035000,0
CA,90749,CARSON,0.105000,0.060000,0.002500,0.007500,0.035000,0
CA,90755,LONG BEACH TOURISM BIA,0.105000,0.060000,0.002500,0.010000,0.032500,0
CA,90801,LONG BEACH,0.105000,0.060000,0.002500,0.010000,0.032500,0
CA,90802,LONG BEACH TOURISM BIA,0.105000,0.060000,0.002500,0.010000,0.032500,0
CA,90803,LONG BEACH,0.105000,0.060000,0.002500,0.010000,0.032500,0
CA,90804,SIGNAL HILL,0.105000,0.060000,0.002500,0.007500,0.035000,0
CA,90805,COMPTON,0.107500,0.060000,0.002500,0.010000,0.035000,0
CA,90806,LONG BEACH,0.105000,0.060000,0.002500,0.010000,0.032500,0
CA,90807,LONG BEACH,0.105000,0.060000,0.002500,0.010000,0.032500,0
CA,90808,LONG BEACH,0.105000,0.060000,0.002500,0.010000,0.032500,0
CA,90809,LONG BEACH TOURISM BIA,0.105000,0.060000,0.002500,0.010000,0.032500,0
CA,90810,CARSON,0.105000,0.060000,0.002500,0.007500,0.035000,0
CA,90813,LONG BEACH,0.105000,0.060000,0.002500,0.010000,0.032500,0
CA,90814,LONG BEACH,0.105000,0.060000,0.002500,0.010000,0.032500,0
CA,90815,LONG BEACH TOURISM BIA,0.105000,0.060000,0.002500,0.010000,0.032500,0
CA,90822,LONG BEACH TOURISM BIA,0.105000,0.060000,0.002500,0.010000,0.032500,0
CA,90831,LONG BEACH TOURISM BIA,0.105000,0.060000,0.002500,0.010000,0.032500,0
CA,90832,LONG BEACH TOURISM BIA,0.105000,0.060000,0.002500,0.010000,0.032500,0
CA,90833,LONG BEACH TOURISM BIA,0.105000,0.060000,0.002500,0.010000,0.032500,0
CA,90840,LONG BEACH,0.105000,0.060000,0.002500,0.010000,0.032500,0
CA,90842,LONG BEACH,0.105000,0.060000,0.002500,0.010000,0.032500,0
CA,90844,LONG BEACH TOURISM BIA,0.105000,0.060000,0.002500,0.010000,0.032500,0
CA,90846,LONG BEACH,0.105000,0.060000,0.002500,0.010000,0.032500,0
CA,90847,LONG BEACH,0.105000,0.060000,0.002500,0.010000,0.032500,0
CA,90848,LONG BEACH,0.105000,0.060000,0.002500,0.010000,0.032500,0
CA,90853,LONG BEACH,0.105000,0.060000,0.002500,0.010000,0.032500,0
CA,90895,CARSON,0.105000,0.060000,0.002500,0.007500,0.035000,0
CA,91001,PASADENA,0.105000,0.060000,0.002500,0.007500,0.035000,0
CA,91003,LOS ANGELES,0.097500,0.060000,0.002500,0.000000,0.035000,0
CA,91006,ARCADIA,0.105000,0.060000,0.002500,0.007500,0.035000,0
CA,91007,ARCADIA,0.105000,0.060000,0.002500,0.007500,0.035000,0
CA,91008,DUARTE,0.105000,0.060000,0.002500,0.007500,0.035000,0
CA,91009,DUARTE,0.105000,0.060000,0.002500,0.007500,0.035000,0
CA,91010,AZUSA,0.107500,0.060000,0.002500,0.010000,0.035000,0
CA,91011,PASADENA,0.105000,0.060000,0.002500,0.007500,0.035000,0
CA,91012,LA CANADA FLINTRIDGE,0.105000,0.060000,0.002500,0.007500,0.035000,0
CA,91016,IRWINDALE,0.107500,0.060000,0.002500,0.010000,0.035000,0
CA,91017,MONROVIA,0.105000,0.060000,0.002500,0.007500,0.035000,0
CA,91020,GLENDALE,0.105000,0.060000,0.002500,0.007500,0.035000,0
CA,91021,LOS ANGELES,0.097500,0.060000,0.002500,0.000000,0.035000,0
CA,91023,LOS ANGELES,0.097500,0.060000,0.002500,0.000000,0.035000,0
CA,91024,SIERRA MADRE,0.105000,0.060000,0.002500,0.007500,0.035000,0
CA,91025,SIERRA MADRE,0.105000,0.060000,0.002500,0.007500,0.035000,0
CA,91030,PASADENA,0.105000,0.060000,0.002500,0.007500,0.035000,0
CA,91031,SOUTH PASADENA,0.105000,0.060000,0.002500,0.007500,0.035000,0
CA,91040,LOS ANGELES,0.097500,0.060000,0.002500,0.000000,0.035000,0
CA,91041,LOS ANGELES,0.097500,0.060000,0.002500,0.000000,0.035000,0
CA,91042,LOS ANGELES,0.097500,0.060000,0.002500,0.000000,0.035000,0
CA,91043,LOS ANGELES,0.097500,0.060000,0.002500,0.000000,0.035000,0
CA,91046,GLENDALE,0.105000,0.060000,0.002500,0.007500,0.035000,0
CA,91066,ARCADIA,0.105000,0.060000,0.002500,0.007500,0.035000,0
CA,91077,ARCADIA,0.105000,0.060000,0.002500,0.007500,0.035000,0
CA,91101,PASADENA,0.105000,0.060000,0.002500,0.007500,0.035000,0
CA,91102,PASADENA,0.105000,0.060000,0.002500,0.007500,0.035000,0
CA,91103,PASADENA,0.105000,0.060000,0.002500,0.007500,0.035000,0
CA,91104,PASADENA,0.105000,0.060000,0.002500,0.007500,0.035000,0
CA,91105,PASADENA,0.105000,0.060000,0.002500,0.007500,0.035000,0
CA,91106,PASADENA,0.105000,0.060000,0.002500,0.007500,0.035000,0
CA,91107,PASADENA,0.105000,0.060000,0.002500,0.007500,0.035000,0
CA,91108,PASADENA,0.105000,0.060000,0.002500,0.007500,0.035000,0
CA,91109,PASADENA,0.105000,0.060000,0.002500,0.007500,0.035000,0
CA,91110,PASADENA,0.105000,0.060000,0.002500,0.007500,0.035000,0
CA,91114,PASADENA,0.105000,0.060000,0.002500,0.007500,0.035000,0
CA,91115,PASADENA,0.105000,0.060000,0.002500,0.007500,0.035000,0
CA,91116,PASADENA,0.105000,0.060000,0.002500,0.007500,0.035000,0
CA,91117,PASADENA,0.105000,0.060000,0.002500,0.007500,0.035000,0
CA,91118,SAN MARINO,0.097500,0.060000,0.002500,0.000000,0.035000,0
CA,91121,PASADENA,0.105000,0.060000,0.002500,0.007500,0.035000,0
CA,91123,PASADENA,0.105000,0.060000,0.002500,0.007500,0.035000,0
CA,91124,PASADENA,0.105000,0.060000,0.002500,0.007500,0.035000,0
CA,91125,PASADENA,0.105000,0.060000,0.002500,0.007500,0.035000,0
CA,91126,PASADENA,0.105000,0.060000,0.002500,0.007500,0.035000,0
CA,91129,PASADENA,0.105000,0.060000,0.002500,0.007500,0.035000,0
CA,91182,PASADENA,0.105000,0.060000,0.002500,0.007500,0.035000,0
CA,91184,PASADENA,0.105000,0.060000,0.002500,0.007500,0.035000,0
CA,91185,ALHAMBRA,0.105000,0.060000,0.002500,0.007500,0.035000,0
CA,91188,PASADENA,0.105000,0.060000,0.002500,0.007500,0.035000,0
CA,91189,PASADENA,0.105000,0.060000,0.002500,0.007500,0.035000,0
CA,91199,PASADENA,0.105000,0.060000,0.002500,0.007500,0.035000,0
CA,91201,BURBANK,0.105000,0.060000,0.002500,0.007500,0.035000,0
CA,91202,GLENDALE,0.105000,0.060000,0.002500,0.007500,0.035000,0
CA,91203,GLENDALE,0.105000,0.060000,0.002500,0.007500,0.035000,0
CA,91204,GLENDALE,0.105000,0.060000,0.002500,0.007500,0.035000,0
CA,91205,GLENDALE,0.105000,0.060000,0.002500,0.007500,0.035000,0
CA,91206,GLENDALE,0.105000,0.060000,0.002500,0.007500,0.035000,0
CA,91207,GLENDALE,0.105000,0.060000,0.002500,0.007500,0.035000,0
CA,91208,GLENDALE,0.105000,0.060000,0.002500,0.007500,0.035000,0
CA,91209,GLENDALE,0.105000,0.060000,0.002500,0.007500,0.035000,0
CA,91210,GLENDALE,0.105000,0.060000,0.002500,0.007500,0.035000,0
CA,91214,GLENDALE,0.105000,0.060000,0.002500,0.007500,0.035000,0
CA,91221,GLENDALE,0.105000,0.060000,0.002500,0.007500,0.035000,0
CA,91222,GLENDALE,0.105000,0.060000,0.002500,0.007500,0.035000,0
CA,91224,GLENDALE,0.105000,0.060000,0.002500,0.007500,0.035000,0
CA,91225,GLENDALE,0.105000,0.060000,0.002500,0.007500,0.035000,0
CA,91226,GLENDALE,0.105000,0.060000,0.002500,0.007500,0.035000,0
CA,91301,AGOURA HILLS,0.097500,0.060000,0.002500,0.000000,0.035000,0
CA,91302,LOS ANGELES,0.097500,0.060000,0.002500,0.000000,0.035000,0
CA,91303,LOS ANGELES,0.097500,0.060000,0.002500,0.000000,0.035000,0
CA,91304,LOS ANGELES,0.097500,0.060000,0.002500,0.000000,0.035000,0
CA,91305,LOS ANGELES,0.097500,0.060000,0.002500,0.000000,0.035000,0
CA,91306,LOS ANGELES,0.097500,0.060000,0.002500,0.000000,0.035000,0
CA,91307,LOS ANGELES,0.097500,0.060000,0.002500,0.000000,0.035000,0
CA,91308,LOS ANGELES,0.097500,0.060000,0.002500,0.000000,0.035000,0
CA,91309,LOS ANGELES,0.097500,0.060000,0.002500,0.000000,0.035000,0
CA,91310,LOS ANGELES,0.097500,0.060000,0.002500,0.000000,0.035000,0
CA,91311,LOS ANGELES,0.097500,0.060000,0.002500,0.000000,0.035000,0
CA,91313,LOS ANGELES,0.097500,0.060000,0.002500,0.000000,0.035000,0
CA,91316,LOS ANGELES,0.097500,0.060000,0.002500,0.000000,0.035000,0
CA,91319,THOUSAND OAKS,0.072500,0.060000,0.002500,0.000000,0.010000,0
CA,91320,VENTURA CO LOCAL TAX SL,0.072500,0.060000,0.002500,0.000000,0.010000,0
CA,91321,SANTA CLARITA,0.097500,0.060000,0.002500,0.000000,0.035000,0
CA,91322,SANTA CLARITA,0.097500,0.060000,0.002500,0.000000,0.035000,0
CA,91324,LOS ANGELES,0.097500,0.060000,0.002500,0.000000,0.035000,0
CA,91325,LOS ANGELES,0.097500,0.060000,0.002500,0.000000,0.035000,0
CA,91326,LOS ANGELES,0.097500,0.060000,0.002500,0.000000,0.035000,0
CA,91327,LOS ANGELES,0.097500,0.060000,0.002500,0.000000,0.035000,0
CA,91328,LOS ANGELES,0.097500,0.060000,0.002500,0.000000,0.035000,0
CA,91330,LOS ANGELES,0.097500,0.060000,0.002500,0.000000,0.035000,0
CA,91331,LOS ANGELES,0.097500,0.060000,0.002500,0.000000,0.035000,0
CA,91333,LOS ANGELES,0.097500,0.060000,0.002500,0.000000,0.035000,0
CA,91334,LOS ANGELES,0.097500,0.060000,0.002500,0.000000,0.035000,0
CA,91335,LOS ANGELES,0.097500,0.060000,0.002500,0.000000,0.035000,0
CA,91337,LOS ANGELES,0.097500,0.060000,0.002500,0.000000,0.035000,0
CA,91340,SAN FERNANDO,0.105000,0.060000,0.002500,0.007500,0.035000,0
CA,91341,SAN FERNANDO,0.105000,0.060000,0.002500,0.007500,0.035000,0
CA,91342,SAN FERNANDO,0.105000,0.060000,0.002500,0.007500,0.035000,0
CA,91343,LOS ANGELES,0.097500,0.060000,0.002500,0.000000,0.035000,0
CA,91344,LOS ANGELES,0.097500,0.060000,0.002500,0.000000,0.035000,0
CA,91345,LOS ANGELES,0.097500,0.060000,0.002500,0.000000,0.035000,0
CA,91346,LOS ANGELES,0.097500,0.060000,0.002500,0.000000,0.035000,0
CA,91350,SANTA CLARITA,0.097500,0.060000,0.002500,0.000000,0.035000,0
CA,91351,SANTA CLARITA,0.097500,0.060000,0.002500,0.000000,0.035000,0
CA,91352,LOS ANGELES,0.097500,0.060000,0.002500,0.000000,0.035000,0
CA,91353,LOS ANGELES,0.097500,0.060000,0.002500,0.000000,0.035000,0
CA,91354,SANTA CLARITA,0.097500,0.060000,0.002500,0.000000,0.035000,0
CA,91355,SANTA CLARITA,0.097500,0.060000,0.002500,0.000000,0.035000,0
CA,91356,LOS ANGELES,0.097500,0.060000,0.002500,0.000000,0.035000,0
CA,91357,LOS ANGELES,0.097500,0.060000,0.002500,0.000000,0.035000,0
CA,91358,THOUSAND OAKS,0.072500,0.060000,0.002500,0.000000,0.010000,0
CA,91359,THOUSAND OAKS,0.072500,0.060000,0.002500,0.000000,0.010000,0
CA,91360,VENTURA CO LOCAL TAX SL,0.072500,0.060000,0.002500,0.000000,0.010000,0
CA,91361,WESTLAKE VILLAGE,0.097500,0.060000,0.002500,0.000000,0.035000,0
CA,91362,WESTLAKE VILLAGE,0.097500,0.060000,0.002500,0.000000,0.035000,0
CA,91364,LOS ANGELES,0.097500,0.060000,0.002500,0.000000,0.035000,0
CA,91365,LOS ANGELES,0.097500,0.060000,0.002500,0.000000,0.035000,0
CA,91367,LOS ANGELES,0.097500,0.060000,0.002500,0.000000,0.035000,0
CA,91371,LOS ANGELES,0.097500,0.060000,0.002500,0.000000,0.035000,0
CA,91372,CALABASAS,0.097500,0.060000,0.002500,0.000000,0.035000,0
CA,91376,AGOURA HILLS,0.097500,0.060000,0.002500,0.000000,0.035000,0
CA,91377,AGOURA HILLS,0.097500,0.060000,0.002500,0.000000,0.035000,0
CA,91380,SANTA CLARITA,0.097500,0.060000,0.002500,0.000000,0.035000,0
CA,91381,LOS ANGELES,0.097500,0.060000,0.002500,0.000000,0.035000,0
CA,91382,SANTA CLARITA,0.097500,0.060000,0.002500,0.000000,0.035000,0
CA,91383,LOS ANGELES,0.097500,0.060000,0.002500,0.000000,0.035000,0
CA,91384,LOS ANGELES,0.097500,0.060000,0.002500,0.000000,0.035000,0
CA,91385,SANTA CLARITA,0.097500,0.060000,0.002500,0.000000,0.035000,0
CA,91386,SANTA CLARITA,0.097500,0.060000,0.002500,0.000000,0.035000,0
CA,91387,SANTA CLARITA,0.097500,0.060000,0.002500,0.000000,0.035000,0
CA,91390,SANTA CLARITA,0.097500,0.060000,0.002500,0.000000,0.035000,0
CA,91392,LOS ANGELES,0.097500,0.060000,0.002500,0.000000,0.035000,0
CA,91393,LOS ANGELES,0.097500,0.060000,0.002500,0.000000,0.035000,0
CA,91394,LOS ANGELES,0.097500,0.060000,0.002500,0.000000,0.035000,0
CA,91395,LOS ANGELES,0.097500,0.060000,0.002500,0.000000,0.035000,0
CA,91396,LOS ANGELES,0.097500,0.060000,0.002500,0.000000,0.035000,0
CA,91401,LOS ANGELES,0.097500,0.060000,0.002500,0.000000,0.035000,0
CA,91402,LOS ANGELES,0.097500,0.060000,0.002500,0.000000,0.035000,0
CA,91403,LOS ANGELES,0.097500,0.060000,0.002500,0.000000,0.035000,0
CA,91404,LOS ANGELES,0.097500,0.060000,0.002500,0.000000,0.035000,0
CA,91405,LOS ANGELES,0.097500,0.060000,0.002500,0.000000,0.035000,0
CA,91406,LOS ANGELES,0.097500,0.060000,0.002500,0.000000,0.035000,0
CA,91407,LOS ANGELES,0.097500,0.060000,0.002500,0.000000,0.035000,0
CA,91408,LOS ANGELES,0.097500,0.060000,0.002500,0.000000,0.035000,0
CA,91409,LOS ANGELES,0.097500,0.060000,0.002500,0.000000,0.035000,0
CA,91410,LOS ANGELES,0.097500,0.060000,0.002500,0.000000,0.035000,0
CA,91411,LOS ANGELES,0.097500,0.060000,0.002500,0.000000,0.035000,0
CA,91412,LOS ANGELES,0.097500,0.060000,0.002500,0.000000,0.035000,0
CA,91413,LOS ANGELES,0.097500,0.060000,0.002500,0.000000,0.035000,0
CA,91416,LOS ANGELES,0.097500,0.060000,0.002500,0.000000,0.035000,0
CA,91423,LOS ANGELES,0.097500,0.060000,0.002500,0.000000,0.035000,0
CA,91426,LOS ANGELES,0.097500,0.060000,0.002500,0.000000,0.035000,0
CA,91436,LOS ANGELES,0.097500,0.060000,0.002500,0.000000,0.035000,0
CA,91470,LOS ANGELES,0.097500,0.060000,0.002500,0.000000,0.035000,0
CA,91482,LOS ANGELES,0.097500,0.060000,0.002500,0.000000,0.035000,0
CA,91499,LOS ANGELES,0.097500,0.060000,0.002500,0.000000,0.035000,0
CA,91501,BURBANK,0.105000,0.060000,0.002500,0.007500,0.035000,0
CA,91502,BURBANK,0.105000,0.060000,0.002500,0.007500,0.035000,0
CA,91503,BURBANK,0.105000,0.060000,0.002500,0.007500,0.035000,0
CA,91504,BURBANK,0.105000,0.060000,0.002500,0.007500,0.035000,0
CA,91505,BURBANK,0.105000,0.060000,0.002500,0.007500,0.035000,0
CA,91506,BURBANK,0.105000,0.060000,0.002500,0.007500,0.035000,0
CA,91507,BURBANK,0.105000,0.060000,0.002500,0.007500,0.035000,0
CA,91508,BURBANK,0.105000,0.060000,0.002500,0.007500,0.035000,0
CA,91510,BURBANK,0.105000,0.060000,0.002500,0.007500,0.035000,0
CA,91521,BURBANK,0.105000,0.060000,0.002500,0.007500,0.035000,0
CA,91522,BURBANK,0.105000,0.060000,0.002500,0.007500,0.035000,0
CA,91523,BURBANK,0.105000,0.060000,0.002500,0.007500,0.035000,0
CA,91601,LOS ANGELES,0.097500,0.060000,0.002500,0.000000,0.035000,0
CA,91602,LOS ANGELES,0.097500,0.060000,0.002500,0.000000,0.035000,0
CA,91603,LOS ANGELES,0.097500,0.060000,0.002500,0.000000,0.035000,0
CA,91604,LOS ANGELES,0.097500,0.060000,0.002500,0.000000,0.035000,0
CA,91605,BURBANK,0.105000,0.060000,0.002500,0.007500,0.035000,0
CA,91606,BURBANK,0.105000,0.060000,0.002500,0.007500,0.035000,0
CA,91607,LOS ANGELES,0.097500,0.060000,0.002500,0.000000,0.035000,0
CA,91608,LOS ANGELES,0.097500,0.060000,0.002500,0.000000,0.035000,0
CA,91609,LOS ANGELES,0.097500,0.060000,0.002500,0.000000,0.035000,0
CA,91610,LOS ANGELES,0.097500,0.060000,0.002500,0.000000,0.035000,0
CA,91614,LOS ANGELES,0.097500,0.060000,0.002500,0.000000,0.035000,0
CA,91615,LOS ANGELES,0.097500,0.060000,0.002500,0.000000,0.035000,0
CA,91616,LOS ANGELES,0.097500,0.060000,0.002500,0.000000,0.035000,0
CA,91617,LOS ANGELES,0.097500,0.060000,0.002500,0.000000,0.035000,0
CA,91618,LOS ANGELES,0.097500,0.060000,0.002500,0.000000,0.035000,0
CA,91701,RANCHO CUCAMONGA,0.077500,0.060000,0.002500,0.000000,0.015000,0
CA,91702,AZUSA,0.107500,0.060000,0.002500,0.010000,0.035000,0
CA,91706,IRWINDALE,0.107500,0.060000,0.002500,0.010000,0.035000,0
CA,91708,CHINO,0.087500,0.060000,0.002500,0.010000,0.015000,0
CA,91709,POMONA,0.105000,0.060000,0.002500,0.007500,0.035000,0
CA,91710,POMONA,0.105000,0.060000,0.002500,0.007500,0.035000,0
CA,91711,POMONA,0.105000,0.060000,0.002500,0.007500,0.035000,0
CA,91714,ALHAMBRA,0.105000,0.060000,0.002500,0.007500,0.035000,0
CA,91715,INDUSTRY,0.097500,0.060000,0.002500,0.000000,0.035000,0
CA,91716,INDUSTRY,0.097500,0.060000,0.002500,0.000000,0.035000,0
CA,91722,AZUSA,0.107500,0.060000,0.002500,0.010000,0.035000,0
CA,91723,COVINA,0.105000,0.060000,0.002500,0.007500,0.035000,0
CA,91724,COVINA,0.105000,0.060000,0.002500,0.007500,0.035000,0
CA,91729,RANCHO CUCAMONGA,0.077500,0.060000,0.002500,0.000000,0.015000,0
CA,91730,RANCHO CUCAMONGA,0.077500,0.060000,0.002500,0.000000,0.015000,0
CA,91731,EL MONTE,0.105000,0.060000,0.002500,0.007500,0.035000,0
CA,91732,EL MONTE,0.105000,0.060000,0.002500,0.007500,0.035000,0
CA,91733,SOUTH EL MONTE,0.107500,0.060000,0.002500,0.010000,0.035000,0
CA,91734,EL MONTE,0.105000,0.060000,0.002500,0.007500,0.035000,0
CA,91735,EL MONTE,0.105000,0.060000,0.002500,0.007500,0.035000,0
CA,91737,RANCHO CUCAMONGA,0.077500,0.060000,0.002500,0.000000,0.015000,0
CA,91739,RANCHO CUCAMONGA,0.077500,0.060000,0.002500,0.000000,0.015000,0
CA,91740,GLENDORA,0.107500,0.060000,0.002500,0.010000,0.035000,0
CA,91741,GLENDORA,0.107500,0.060000,0.002500,0.010000,0.035000,0
CA,91743,ONTARIO,0.087500,0.060000,0.002500,0.010000,0.015000,0
CA,91744,LA PUENTE,0.102500,0.060000,0.002500,0.005000,0.035000,0
CA,91745,INDUSTRY,0.097500,0.060000,0.002500,0.000000,0.035000,0
CA,91746,BALDWIN PARK,0.105000,0.060000,0.002500,0.007500,0.035000,0
CA,91747,LA PUENTE,0.102500,0.060000,0.002500,0.005000,0.035000,0
CA,91748,INDUSTRY,0.097500,0.060000,0.002500,0.000000,0.035000,0
CA,91749,LOS ANGELES,0.097500,0.060000,0.002500,0.000000,0.035000,0
CA,91750,LA VERNE,0.105000,0.060000,0.002500,0.007500,0.035000,0
CA,91752,NORCO,0.087500,0.060000,0.002500,0.010000,0.015000,0
CA,91754,MONTEREY PARK,0.105000,0.060000,0.002500,0.007500,0.035000,0
CA,91755,MONTEBELLO,0.105000,0.060000,0.002500,0.007500,0.035000,0
CA,91756,MONTEREY PARK,0.105000,0.060000,0.002500,0.007500,0.035000,0
CA,91758,ONTARIO,0.087500,0.060000,0.002500,0.010000,0.015000,0
CA,91759,SAN BERNARDINO,0.077500,0.060000,0.002500,0.000000,0.015000,0
CA,91761,ONTARIO,0.087500,0.060000,0.002500,0.010000,0.015000,0
CA,91762,MONTCLAIR,0.090000,0.060000,0.002500,0.012500,0.015000,0
CA,91763,MONTCLAIR,0.090000,0.060000,0.002500,0.012500,0.015000,0
CA,91764,ONTARIO,0.087500,0.060000,0.002500,0.010000,0.015000,0
CA,91765,DIAMOND BAR,0.097500,0.060000,0.002500,0.000000,0.035000,0
CA,91766,POMONA,0.105000,0.060000,0.002500,0.007500,0.035000,0
CA,91767,POMONA,0.105000,0.060000,0.002500,0.007500,0.035000,0
CA,91768,POMONA,0.105000,0.060000,0.002500,0.007500,0.035000,0
CA,91769,POMONA,0.105000,0.060000,0.002500,0.007500,0.035000,0
CA,91770,MONTEBELLO,0.105000,0.060000,0.002500,0.007500,0.035000,0
CA,91771,ROSEMEAD,0.097500,0.060000,0.002500,0.000000,0.035000,0
CA,91772,ROSEMEAD,0.097500,0.060000,0.002500,0.000000,0.035000,0
CA,91773,LA VERNE,0.105000,0.060000,0.002500,0.007500,0.035000,0
CA,91775,SAN GABRIEL,0.105000,0.060000,0.002500,0.007500,0.035000,0
CA,91776,ALHAMBRA,0.105000,0.060000,0.002500,0.007500,0.035000,0
CA,91778,SAN GABRIEL,0.105000,0.060000,0.002500,0.007500,0.035000,0
CA,91780,ARCADIA,0.105000,0.060000,0.002500,0.007500,0.035000,0
CA,91784,UPLAND,0.077500,0.060000,0.002500,0.000000,0.015000,0
CA,91785,UPLAND,0.077500,0.060000,0.002500,0.000000,0.015000,0
CA,91786,RANCHO CUCAMONGA,0.077500,0.060000,0.002500,0.000000,0.015000,0
CA,91788,WALNUT,0.097500,0.060000,0.002500,0.000000,0.035000,0
CA,91789,POMONA,0.105000,0.060000,0.002500,0.007500,0.035000,0
CA,91790,BALDWIN PARK,0.105000,0.060000,0.002500,0.007500,0.035000,0
CA,91791,COVINA,0.105000,0.060000,0.002500,0.007500,0.035000,0
CA,91792,WEST COVINA,0.097500,0.060000,0.002500,0.000000,0.035000,0
CA,91793,WEST COVINA,0.097500,0.060000,0.002500,0.000000,0.035000,0
CA,91801,ALHAMBRA,0.105000,0.060000,0.002500,0.007500,0.035000,0
CA,91802,ALHAMBRA,0.105000,0.060000,0.002500,0.007500,0.035000,0
CA,91803,ALHAMBRA,0.105000,0.060000,0.002500,0.007500,0.035000,0
CA,91804,ALHAMBRA,0.105000,0.060000,0.002500,0.007500,0.035000,0
CA,91896,ALHAMBRA,0.105000,0.060000,0.002500,0.007500,0.035000,0
CA,91899,ALHAMBRA,0.105000,0.060000,0.002500,0.007500,0.035000,0
CA,91901,SAN DIEGO CO LOCAL TAX SL,0.077500,0.060000,0.002500,0.000000,0.015000,0
CA,91902,CHULA VISTA,0.087500,0.060000,0.002500,0.010000,0.015000,0
CA,91903,SAN DIEGO CO LOCAL TAX SL,0.077500,0.060000,0.002500,0.000000,0.015000,0
CA,91905,SAN DIEGO CO LOCAL TAX SL,0.077500,0.060000,0.002500,0.000000,0.015000,0
CA,91906,SAN DIEGO CO LOCAL TAX SL,0.077500,0.060000,0.002500,0.000000,0.015000,0
CA,91908,SAN DIEGO CO LOCAL TAX SL,0.077500,0.060000,0.002500,0.000000,0.015000,0
CA,91909,CHULA VISTA,0.087500,0.060000,0.002500,0.010000,0.015000,0
CA,91910,BAYFRONT PROJECT SPECIAL TAX FINANCING DISTRICT,0.087500,0.060000,0.002500,0.010000,0.015000,0
CA,91911,BAYFRONT PROJECT SPECIAL TAX FINANCING DISTRICT,0.087500,0.060000,0.002500,0.010000,0.015000,0
CA,91912,CHULA VISTA,0.087500,0.060000,0.002500,0.010000,0.015000,0
CA,91913,CHULA VISTA,0.087500,0.060000,0.002500,0.010000,0.015000,0
CA,91914,CHULA VISTA,0.087500,0.060000,0.002500,0.010000,0.015000,0
CA,91915,CHULA VISTA,0.087500,0.060000,0.002500,0.010000,0.015000,0
CA,91916,SAN DIEGO CO LOCAL TAX SL,0.077500,0.060000,0.002500,0.000000,0.015000,0
CA,91917,SAN DIEGO CO LOCAL TAX SL,0.077500,0.060000,0.002500,0.000000,0.015000,0
CA,91921,CHULA VISTA,0.087500,0.060000,0.002500,0.010000,0.015000,0
CA,91931,SAN DIEGO CO LOCAL TAX SL,0.077500,0.060000,0.002500,0.000000,0.015000,0
CA,91932,IMPERIAL BEACH,0.087500,0.060000,0.002500,0.010000,0.015000,0
CA,91933,IMPERIAL BEACH,0.087500,0.060000,0.002500,0.010000,0.015000,0
CA,91934,SAN DIEGO CO LOCAL TAX SL,0.077500,0.060000,0.002500,0.000000,0.015000,0
CA,91935,SAN DIEGO CO LOCAL TAX SL,0.077500,0.060000,0.002500,0.000000,0.015000,0
CA,91941,LEMON GROVE,0.087500,0.060000,0.002500,0.010000,0.015000,0
CA,91942,LA MESA,0.085000,0.060000,0.002500,0.007500,0.015000,0
CA,91943,LA MESA,0.085000,0.060000,0.002500,0.007500,0.015000,0
CA,91944,LA MESA,0.085000,0.060000,0.002500,0.007500,0.015000,0
CA,91945,LEMON GROVE,0.087500,0.060000,0.002500,0.010000,0.015000,0
CA,91946,LEMON GROVE,0.087500,0.060000,0.002500,0.010000,0.015000,0
CA,91948,SAN DIEGO CO LOCAL TAX SL,0.077500,0.060000,0.002500,0.000000,0.015000,0
CA,91950,CHULA VISTA,0.087500,0.060000,0.002500,0.010000,0.015000,0
CA,91951,NATIONAL CITY,0.087500,0.060000,0.002500,0.010000,0.015000,0
CA,91962,SAN DIEGO CO LOCAL TAX SL,0.077500,0.060000,0.002500,0.000000,0.015000,0
CA,91963,SAN DIEGO CO LOCAL TAX SL,0.077500,0.060000,0.002500,0.000000,0.015000,0
CA,91976,SAN DIEGO CO LOCAL TAX SL,0.077500,0.060000,0.002500,0.000000,0.015000,0
CA,91977,LA MESA,0.085000,0.060000,0.002500,0.007500,0.015000,0
CA,91978,SAN DIEGO CO LOCAL TAX SL,0.077500,0.060000,0.002500,0.000000,0.015000,0
CA,91979,SAN DIEGO CO LOCAL TAX SL,0.077500,0.060000,0.002500,0.000000,0.015000,0
CA,91980,SAN DIEGO CO LOCAL TAX SL,0.077500,0.060000,0.002500,0.000000,0.015000,0
CA,91987,SAN DIEGO CO LOCAL TAX SL,0.077500,0.060000,0.002500,0.000000,0.015000,0
CA,92003,OCEANSIDE TOURISM MARKETING DISTRICT,0.082500,0.060000,0.002500,0.005000,0.015000,0
CA,92004,SAN DIEGO CO LOCAL TAX SL,0.077500,0.060000,0.002500,0.000000,0.015000,0
CA,92007,ENCINITAS,0.077500,0.060000,0.002500,0.000000,0.015000,0
CA,92008,OCEANSIDE TOURISM MARKETING DISTRICT,0.082500,0.060000,0.002500,0.005000,0.015000,0
CA,92009,CARLSBAD,0.077500,0.060000,0.002500,0.000000,0.015000,0
CA,92010,CARLSBAD,0.077500,0.060000,0.002500,0.000000,0.015000,0
CA,92011,CARLSBAD,0.077500,0.060000,0.002500,0.000000,0.015000,0
CA,92013,CARLSBAD,0.077500,0.060000,0.002500,0.000000,0.015000,0
CA,92014,SOLANA BEACH,0.087500,0.060000,0.002500,0.010000,0.015000,0
CA,92018,CARLSBAD,0.077500,0.060000,0.002500,0.000000,0.015000,0
CA,92019,EL CAJON,0.082500,0.060000,0.002500,0.005000,0.015000,0
CA,92020,EL CAJON,0.082500,0.060000,0.002500,0.005000,0.015000,0
CA,92021,EL CAJON,0.082500,0.060000,0.002500,0.005000,0.015000,0
CA,92022,EL CAJON,0.082500,0.060000,0.002500,0.005000,0.015000,0
CA,92023,ENCINITAS,0.077500,0.060000,0.002500,0.000000,0.015000,0
CA,92024,CARLSBAD,0.077500,0.060000,0.002500,0.000000,0.015000,0
CA,92025,ESCONDIDO,0.087500,0.060000,0.002500,0.010000,0.015000,0
CA,92026,ESCONDIDO,0.087500,0.060000,0.002500,0.010000,0.015000,0
CA,92027,ESCONDIDO,0.087500,0.060000,0.002500,0.010000,0.015000,0
CA,92028,TEMECULA,0.087500,0.060000,0.002500,0.010000,0.015000,0
CA,92029,ESCONDIDO,0.087500,0.060000,0.002500,0.010000,0.015000,0
CA,92030,ESCONDIDO,0.087500,0.060000,0.002500,0.010000,0.015000,0
CA,92033,ESCONDIDO,0.087500,0.060000,0.002500,0.010000,0.015000,0
CA,92036,SAN DIEGO CO LOCAL TAX SL,0.077500,0.060000,0.002500,0.000000,0.015000,0
CA,92037,SAN DIEGO TOT ZONE 2,0.077500,0.060000,0.002500,0.000000,0.015000,0
CA,92038,SAN DIEGO TOT ZONE 2,0.077500,0.060000,0.002500,0.000000,0.015000,0
CA,92039,SAN DIEGO TOT ZONE 2,0.077500,0.060000,0.002500,0.000000,0.015000,0
CA,92040,SANTEE,0.077500,0.060000,0.002500,0.000000,0.015000,0
CA,92046,ESCONDIDO,0.087500,0.060000,0.002500,0.010000,0.015000,0
CA,92049,OCEANSIDE TOURISM MARKETING DISTRICT,0.082500,0.060000,0.002500,0.005000,0.015000,0
CA,92051,OCEANSIDE TOURISM MARKETING DISTRICT,0.082500,0.060000,0.002500,0.005000,0.015000,0
CA,92052,OCEANSIDE TOURISM MARKETING DISTRICT,0.082500,0.060000,0.002500,0.005000,0.015000,0
CA,92054,OCEANSIDE TOURISM MARKETING DISTRICT,0.082500,0.060000,0.002500,0.005000,0.015000,0
CA,92055,SAN DIEGO CO LOCAL TAX SL,0.077500,0.060000,0.002500,0.000000,0.015000,0
CA,92056,OCEANSIDE TOURISM MARKETING DISTRICT,0.082500,0.060000,0.002500,0.005000,0.015000,0
CA,92057,OCEANSIDE TOURISM MARKETING DISTRICT,0.082500,0.060000,0.002500,0.005000,0.015000,0
CA,92058,OCEANSIDE TOURISM MARKETING DISTRICT,0.082500,0.060000,0.002500,0.005000,0.015000,0
CA,92059,RIVERSIDE COUNTY DISTRICT TAX SP,0.077500,0.060000,0.002500,0.000000,0.015000,0
CA,92060,SAN DIEGO CO LOCAL TAX SL,0.077500,0.060000,0.002500,0.000000,0.015000,0
CA,92061,SAN DIEGO CO LOCAL TAX SL,0.077500,0.060000,0.002500,0.000000,0.015000,0
CA,92064,SAN DIEGO TOT ZONE 2,0.077500,0.060000,0.002500,0.000000,0.015000,0
CA,92065,SAN DIEGO TOT ZONE 3,0.077500,0.060000,0.002500,0.000000,0.015000,0
CA,92066,SAN DIEGO CO LOCAL TAX SL,0.077500,0.060000,0.002500,0.000000,0.015000,0
CA,92067,SAN DIEGO TOT ZONE 1,0.077500,0.060000,0.002500,0.000000,0.015000,0
CA,92068,OCEANSIDE TOURISM MARKETING DISTRICT,0.082500,0.060000,0.002500,0.005000,0.015000,0
CA,92069,ESCONDIDO,0.087500,0.060000,0.002500,0.010000,0.015000,0
CA,92070,SAN DIEGO CO LOCAL TAX SL,0.077500,0.060000,0.002500,0.000000,0.015000,0
CA,92071,EL CAJON,0.082500,0.060000,0.002500,0.005000,0.015000,0
CA,92072,SANTEE,0.077500,0.060000,0.002500,0.000000,0.015000,0
CA,92074,POWAY,0.077500,0.060000,0.002500,0.000000,0.015000,0
CA,92075,SOLANA BEACH,0.087500,0.060000,0.002500,0.010000,0.015000,0
CA,92078,SAN MARCOS,0.087500,0.060000,0.002500,0.010000,0.015000,0
CA,92079,SAN MARCOS,0.087500,0.060000,0.002500,0.010000,0.015000,0
CA,92081,VISTA,0.082500,0.060000,0.002500,0.005000,0.015000,0
CA,92082,RINCON RESERVATION,0.155000,0.060000,0.002500,0.000000,0.092500,0
CA,92083,SAN MARCOS,0.087500,0.060000,0.002500,0.010000,0.015000,0
CA,92084,SAN MARCOS,0.087500,0.060000,0.002500,0.010000,0.015000,0
CA,92085,VISTA,0.082500,0.060000,0.002500,0.005000,0.015000,0
CA,92086,SAN DIEGO CO LOCAL TAX SL,0.077500,0.060000,0.002500,0.000000,0.015000,0
CA,92088,SAN DIEGO CO LOCAL TAX SL,0.077500,0.060000,0.002500,0.000000,0.015000,0
CA,92091,SAN DIEGO TOT ZONE 2,0.077500,0.060000,0.002500,0.000000,0.015000,0
CA,92092,SAN DIEGO TOT ZONE 2,0.077500,0.060000,0.002500,0.000000,0.015000,0
CA,92093,SAN DIEGO TOT ZONE 2,0.077500,0.060000,0.002500,0.000000,0.015000,0
CA,92096,SAN MARCOS,0.087500,0.060000,0.002500,0.010000,0.015000,0
CA,92101,SAN DIEGO TOT ZONE 1,0.077500,0.060000,0.002500,0.000000,0.015000,0
CA,92102,CHULA VISTA,0.087500,0.060000,0.002500,0.010000,0.015000,0
CA,92103,SAN DIEGO TOT ZONE 2,0.077500,0.060000,0.002500,0.000000,0.015000,0
CA,92104,SAN DIEGO TOT ZONE 2,0.077500,0.060000,0.002500,0.000000,0.015000,0
CA,92105,SAN DIEGO TOT ZONE 2,0.077500,0.060000,0.002500,0.000000,0.015000,0
CA,92106,SAN DIEGO TOT ZONE 2,0.077500,0.060000,0.002500,0.000000,0.015000,0
CA,92107,SAN DIEGO TOT ZONE 2,0.077500,0.060000,0.002500,0.000000,0.015000,0
CA,92108,SAN DIEGO TOT ZONE 2,0.077500,0.060000,0.002500,0.000000,0.015000,0
CA,92109,ESCONDIDO,0.087500,0.060000,0.002500,0.010000,0.015000,0
CA,92110,SAN DIEGO INTERNATIONAL AIRPORT,0.077500,0.060000,0.002500,0.000000,0.015000,0
CA,92111,SAN DIEGO TOT ZONE 2,0.077500,0.060000,0.002500,0.000000,0.015000,0
CA,92112,SAN DIEGO TOT ZONE 3,0.077500,0.060000,0.002500,0.000000,0.015000,0
CA,92113,NATIONAL CITY,0.087500,0.060000,0.002500,0.010000,0.015000,0
CA,92114,LEMON GROVE,0.087500,0.060000,0.002500,0.010000,0.015000,0
CA,92115,SAN DIEGO TOT ZONE 2,0.077500,0.060000,0.002500,0.000000,0.015000,0
CA,92116,NATIONAL CITY,0.087500,0.060000,0.002500,0.010000,0.015000,0
CA,92117,OCEANSIDE TOURISM MARKETING DISTRICT,0.082500,0.060000,0.002500,0.005000,0.015000,0
CA,92118,SAN DIEGO TOT ZONE 3,0.077500,0.060000,0.002500,0.000000,0.015000,0
CA,92119,LA MESA,0.085000,0.060000,0.002500,0.007500,0.015000,0
CA,92120,LEMON GROVE,0.087500,0.060000,0.002500,0.010000,0.015000,0
CA,92121,SAN DIEGO TOT ZONE 2,0.077500,0.060000,0.002500,0.000000,0.015000,0
CA,92122,SAN DIEGO TOT ZONE 2,0.077500,0.060000,0.002500,0.000000,0.015000,0
CA,92123,SAN DIEGO TOT ZONE 2,0.077500,0.060000,0.002500,0.000000,0.015000,0
CA,92124,SAN DIEGO TOT ZONE 2,0.077500,0.060000,0.002500,0.000000,0.015000,0
CA,92126,SAN DIEGO TOT ZONE 2,0.077500,0.060000,0.002500,0.000000,0.015000,0
CA,92127,SAN DIEGO TOT ZONE 1,0.077500,0.060000,0.002500,0.000000,0.015000,0
CA,92128,SAN DIEGO TOT ZONE 1,0.077500,0.060000,0.002500,0.000000,0.015000,0
CA,92129,SAN DIEGO TOT ZONE 1,0.077500,0.060000,0.002500,0.000000,0.015000,0
CA,92130,SAN DIEGO TOT ZONE 1,0.077500,0.060000,0.002500,0.000000,0.015000,0
CA,92131,SAN DIEGO TOT ZONE 2,0.077500,0.060000,0.002500,0.000000,0.015000,0
CA,92132,SAN DIEGO TOT ZONE 3,0.077500,0.060000,0.002500,0.000000,0.015000,0
CA,92134,SAN DIEGO TOT ZONE 2,0.077500,0.060000,0.002500,0.000000,0.015000,0
CA,92135,CORONADO,0.077500,0.060000,0.002500,0.000000,0.015000,0
CA,92136,NATIONAL CITY,0.087500,0.060000,0.002500,0.010000,0.015000,0
CA,92137,SAN DIEGO TOT ZONE 2,0.077500,0.060000,0.002500,0.000000,0.015000,0
CA,92138,SAN DIEGO TOT ZONE 2,0.077500,0.060000,0.002500,0.000000,0.015000,0
CA,92139,NATIONAL CITY,0.087500,0.060000,0.002500,0.010000,0.015000,0
CA,92140,SAN DIEGO TOT ZONE 2,0.077500,0.060000,0.002500,0.000000,0.015000,0
CA,92142,SAN DIEGO TOT ZONE 2,0.077500,0.060000,0.002500,0.000000,0.015000,0
CA,92143,SAN DIEGO TOT ZONE 1,0.077500,0.060000,0.002500,0.000000,0.015000,0
CA,92145,SAN DIEGO TOT ZONE 2,0.077500,0.060000,0.002500,0.000000,0.015000,0
CA,92147,SAN DIEGO TOT ZONE 2,0.077500,0.060000,0.002500,0.000000,0.015000,0
CA,92149,SAN DIEGO TOT ZONE 2,0.077500,0.060000,0.002500,0.000000,0.015000,0
CA,92150,SAN DIEGO TOT ZONE 1,0.077500,0.060000,0.002500,0.000000,0.015000,0
CA,92152,SAN DIEGO TOT ZONE 2,0.077500,0.060000,0.002500,0.000000,0.015000,0
CA,92153,SAN DIEGO TOT ZONE 1,0.077500,0.060000,0.002500,0.000000,0.015000,0
CA,92154,CHULA VISTA,0.087500,0.060000,0.002500,0.010000,0.015000,0
CA,92155,CORONADO,0.077500,0.060000,0.002500,0.000000,0.015000,0
CA,92158,SAN DIEGO CO LOCAL TAX SL,0.077500,0.060000,0.002500,0.000000,0.015000,0
CA,92159,SAN DIEGO TOT ZONE 2,0.077500,0.060000,0.002500,0.000000,0.015000,0
CA,92160,SAN DIEGO TOT ZONE 2,0.077500,0.060000,0.002500,0.000000,0.015000,0
CA,92161,SAN DIEGO TOT ZONE 2,0.077500,0.060000,0.002500,0.000000,0.015000,0
CA,92163,SAN DIEGO TOT ZONE 2,0.077500,0.060000,0.002500,0.000000,0.015000,0
CA,92165,SAN DIEGO TOT ZONE 2,0.077500,0.060000,0.002500,0.000000,0.015000,0
CA,92166,SAN DIEGO TOT ZONE 2,0.077500,0.060000,0.002500,0.000000,0.015000,0
CA,92167,SAN DIEGO TOT ZONE 2,0.077500,0.060000,0.002500,0.000000,0.015000,0
CA,92168,SAN DIEGO TOT ZONE 2,0.077500,0.060000,0.002500,0.000000,0.015000,0
CA,92169,SAN DIEGO TOT ZONE 2,0.077500,0.060000,0.002500,0.000000,0.015000,0
CA,92170,SAN DIEGO TOT ZONE 2,0.077500,0.060000,0.002500,0.000000,0.015000,0
CA,92171,SAN DIEGO TOT ZONE 2,0.077500,0.060000,0.002500,0.000000,0.015000,0
CA,92172,SAN DIEGO TOT ZONE 1,0.077500,0.060000,0.002500,0.000000,0.015000,0
CA,92173,SAN DIEGO TOT ZONE 1,0.077500,0.060000,0.002500,0.000000,0.015000,0
CA,92174,SAN DIEGO TOT ZONE 2,0.077500,0.060000,0.002500,0.000000,0.015000,0
CA,92175,SAN DIEGO TOT ZONE 2,0.077500,0.060000,0.002500,0.000000,0.015000,0
CA,92176,SAN DIEGO TOT ZONE 2,0.077500,0.060000,0.002500,0.000000,0.015000,0
CA,92177,SAN DIEGO TOT ZONE 2,0.077500,0.060000,0.002500,0.000000,0.015000,0
CA,92178,CORONADO,0.077500,0.060000,0.002500,0.000000,0.015000,0
CA,92179,SAN DIEGO CO LOCAL TAX SL,0.077500,0.060000,0.002500,0.000000,0.015000,0
CA,92182,SAN DIEGO TOT ZONE 2,0.077500,0.060000,0.002500,0.000000,0.015000,0
CA,92186,SAN DIEGO TOT ZONE 2,0.077500,0.060000,0.002500,0.000000,0.015000,0
CA,92187,SAN DIEGO TOT ZONE 3,0.077500,0.060000,0.002500,0.000000,0.015000,0
CA,92191,SAN DIEGO TOT ZONE 2,0.077500,0.060000,0.002500,0.000000,0.015000,0
CA,92192,SAN DIEGO TOT ZONE 2,0.077500,0.060000,0.002500,0.000000,0.015000,0
CA,92193,SAN DIEGO TOT ZONE 2,0.077500,0.060000,0.002500,0.000000,0.015000,0
CA,92195,SAN DIEGO TOT ZONE 2,0.077500,0.060000,0.002500,0.000000,0.015000,0
CA,92196,SAN DIEGO TOT ZONE 2,0.077500,0.060000,0.002500,0.000000,0.015000,0
CA,92197,SAN DIEGO TOT ZONE 1,0.077500,0.060000,0.002500,0.000000,0.015000,0
CA,92198,SAN DIEGO TOT ZONE 1,0.077500,0.060000,0.002500,0.000000,0.015000,0
CA,92199,SAN DIEGO TOT ZONE 1,0.077500,0.060000,0.002500,0.000000,0.015000,0
CA,92201,COACHELLA,0.087500,0.060000,0.002500,0.010000,0.015000,0
CA,92202,INDIO,0.087500,0.060000,0.002500,0.010000,0.015000,0
CA,92203,COACHELLA,0.087500,0.060000,0.002500,0.010000,0.015000,0
CA,92210,PALM DESERT,0.087500,0.060000,0.002500,0.010000,0.015000,0
CA,92211,INDIO,0.087500,0.060000,0.002500,0.010000,0.015000,0
CA,92220,BEAUMONT,0.077500,0.060000,0.002500,0.000000,0.015000,0
CA,92222,IMPERIAL CO LOCAL TAX SL,0.077500,0.060000,0.002500,0.000000,0.015000,0
CA,92223,BEAUMONT,0.077500,0.060000,0.002500,0.000000,0.015000,0
CA,92225,COLORADO RIVER INDIAN RESERVATION,0.097500,0.060000,0.002500,0.000000,0.035000,0
CA,92226,BLYTHE,0.087500,0.060000,0.002500,0.010000,0.015000,0
CA,92227,BRAWLEY,0.087500,0.060000,0.002500,0.010000,0.015000,0
CA,92230,RIVERSIDE COUNTY DISTRICT TAX SP,0.077500,0.060000,0.002500,0.000000,0.015000,0
CA,92231,CALEXICO,0.082500,0.060000,0.002500,0.005000,0.015000,0
CA,92232,CALEXICO,0.082500,0.060000,0.002500,0.005000,0.015000,0
CA,92233,CALIPATRIA,0.077500,0.060000,0.002500,0.000000,0.015000,0
CA,92234,AGUA CALIENTE INDIAN RESERVATION,0.092500,0.060000,0.002500,0.015000,0.015000,0
CA,92235,CATHEDRAL CITY,0.092500,0.060000,0.002500,0.015000,0.015000,0
CA,92236,COACHELLA,0.087500,0.060000,0.002500,0.010000,0.015000,0
CA,92239,RIVERSIDE COUNTY DISTRICT TAX SP,0.077500,0.060000,0.002500,0.000000,0.015000,0
CA,92240,CATHEDRAL CITY,0.092500,0.060000,0.002500,0.015000,0.015000,0
CA,92241,CATHEDRAL CITY,0.092500,0.060000,0.002500,0.015000,0.015000,0
CA,92242,COLORADO RIVER INDIAN RESERVATION,0.097500,0.060000,0.002500,0.000000,0.035000,0
CA,92243,BRAWLEY,0.087500,0.060000,0.002500,0.010000,0.015000,0
CA,92244,EL CENTRO,0.082500,0.060000,0.002500,0.005000,0.015000,0
CA,92247,LA QUINTA,0.087500,0.060000,0.002500,0.010000,0.015000,0
CA,92248,LA QUINTA,0.087500,0.060000,0.002500,0.010000,0.015000,0
CA,92249,CALEXICO,0.082500,0.060000,0.002500,0.005000,0.015000,0
CA,92250,HOLTVILLE,0.077500,0.060000,0.002500,0.000000,0.015000,0
CA,92251,EL CENTRO,0.082500,0.060000,0.002500,0.005000,0.015000,0
CA,92252,TWENTYNINE PALMS TOURISM BUSINESS IMPROVEMENT DISTRICT,0.077500,0.060000,0.002500,0.000000,0.015000,0
CA,92253,LA QUINTA,0.087500,0.060000,0.002500,0.010000,0.015000,0
CA,92254,RIVERSIDE COUNTY DISTRICT TAX SP,0.077500,0.060000,0.002500,0.000000,0.015000,0
CA,92255,PALM DESERT,0.087500,0.060000,0.002500,0.010000,0.015000,0
CA,92256,SAN BERNARDINO,0.077500,0.060000,0.002500,0.000000,0.015000,0
CA,92257,IMPERIAL CO LOCAL TAX SL,0.077500,0.060000,0.002500,0.000000,0.015000,0
CA,92258,PALM SPRINGS SMALL HOTEL TOURISM BUSINESS IMPROVEMENT DISTRICT,0.092500,0.060000,0.002500,0.015000,0.015000,0
CA,92259,IMPERIAL CO LOCAL TAX SL,0.077500,0.060000,0.002500,0.000000,0.015000,0
CA,92260,PALM DESERT,0.087500,0.060000,0.002500,0.010000,0.015000,0
CA,92261,PALM DESERT,0.087500,0.060000,0.002500,0.010000,0.015000,0
CA,92262,PALM SPRINGS INTERNATIONAL AIRPORT,0.092500,0.060000,0.002500,0.015000,0.015000,0
CA,92263,AGUA CALIENTE INDIAN RESERVATION,0.092500,0.060000,0.002500,0.015000,0.015000,0
CA,92264,PALM SPRINGS INTERNATIONAL AIRPORT,0.092500,0.060000,0.002500,0.015000,0.015000,0
CA,92266,IMPERIAL CO LOCAL TAX SL,0.077500,0.060000,0.002500,0.000000,0.015000,0
CA,92267,SAN BERNARDINO,0.077500,0.060000,0.002500,0.000000,0.015000,0
CA,92268,YUCCA VALLEY,0.087500,0.060000,0.002500,0.010000,0.015000,0
CA,92270,RANCHO MIRAGE,0.077500,0.060000,0.002500,0.000000,0.015000,0
CA,92273,IMPERIAL CO LOCAL TAX SL,0.077500,0.060000,0.002500,0.000000,0.015000,0
CA,92274,COACHELLA,0.087500,0.060000,0.002500,0.010000,0.015000,0
CA,92275,IMPERIAL CO LOCAL TAX SL,0.077500,0.060000,0.002500,0.000000,0.015000,0
CA,92276,CATHEDRAL CITY,0.092500,0.060000,0.002500,0.015000,0.015000,0
CA,92277,TWENTYNINE PALMS TOURISM BUSINESS IMPROVEMENT DISTRICT,0.077500,0.060000,0.002500,0.000000,0.015000,0
CA,92278,TWENTYNINE PALMS TOURISM BUSINESS IMPROVEMENT DISTRICT,0.077500,0.060000,0.002500,0.000000,0.015000,0
CA,92280,SAN BERNARDINO,0.077500,0.060000,0.002500,0.000000,0.015000,0
CA,92281,WESTMORLAND,0.077500,0.060000,0.002500,0.000000,0.015000,0
CA,92282,PALM SPRINGS SMALL HOTEL TOURISM BUSINESS IMPROVEMENT DISTRICT,0.092500,0.060000,0.002500,0.015000,0.015000,0
CA,92283,FORT YUMA INDIAN RESERVATION,0.077500,0.060000,0.002500,0.000000,0.015000,0
CA,92284,YUCCA VALLEY,0.087500,0.060000,0.002500,0.010000,0.015000,0
CA,92285,YUCCA VALLEY,0.087500,0.060000,0.002500,0.010000,0.015000,0
CA,92286,YUCCA VALLEY,0.087500,0.060000,0.002500,0.010000,0.015000,0
CA,92301,VICTORVILLE,0.087500,0.060000,0.002500,0.010000,0.015000,0
CA,92304,SAN BERNARDINO,0.077500,0.060000,0.002500,0.000000,0.015000,0
CA,92305,SAN BERNARDINO,0.077500,0.060000,0.002500,0.000000,0.015000,0
CA,92307,APPLE VALLEY,0.087500,0.060000,0.002500,0.010000,0.015000,0
CA,92308,APPLE VALLEY,0.087500,0.060000,0.002500,0.010000,0.015000,0
CA,92309,SAN BERNARDINO,0.077500,0.060000,0.002500,0.000000,0.015000,0
CA,92310,BARSTOW,0.087500,0.060000,0.002500,0.010000,0.015000,0
CA,92311,BARSTOW,0.087500,0.060000,0.002500,0.010000,0.015000,0
CA,92312,BARSTOW,0.087500,0.060000,0.002500,0.010000,0.015000,0
CA,92313,COLTON,0.087500,0.060000,0.002500,0.010000,0.015000,0
CA,92314,SAN BERNARDINO,0.077500,0.060000,0.002500,0.000000,0.015000,0
CA,92315,BIG BEAR LAKE,0.077500,0.060000,0.002500,0.000000,0.015000,0
CA,92316,COLTON,0.087500,0.060000,0.002500,0.010000,0.015000,0
CA,92317,SAN BERNARDINO,0.077500,0.060000,0.002500,0.000000,0.015000,0
CA,92318,LOMA LINDA,0.077500,0.060000,0.002500,0.000000,0.015000,0
CA,92320,YUCAIPA,0.087500,0.060000,0.002500,0.010000,0.015000,0
CA,92321,SAN BERNARDINO,0.077500,0.060000,0.002500,0.000000,0.015000,0
CA,92322,SAN BERNARDINO,0.077500,0.060000,0.002500,0.000000,0.015000,0
CA,92323,SAN BERNARDINO,0.077500,0.060000,0.002500,0.000000,0.015000,0
CA,92324,COLTON,0.087500,0.060000,0.002500,0.010000,0.015000,0
CA,92325,SAN BERNARDINO,0.077500,0.060000,0.002500,0.000000,0.015000,0
CA,92327,SAN BERNARDINO,0.077500,0.060000,0.002500,0.000000,0.015000,0
CA,92328,INYO COUNTY DISTRICT TAX SP,0.077500,0.060000,0.002500,0.000000,0.015000,0
CA,92329,SAN BERNARDINO,0.077500,0.060000,0.002500,0.000000,0.015000,0
CA,92331,FONTANA,0.087500,0.060000,0.002500,0.010000,0.015000,0
CA,92332,SAN BERNARDINO,0.077500,0.060000,0.002500,0.000000,0.015000,0
CA,92333,SAN BERNARDINO,0.077500,0.060000,0.002500,0.000000,0.015000,0
CA,92334,FONTANA,0.087500,0.060000,0.002500,0.010000,0.015000,0
CA,92335,FONTANA,0.087500,0.060000,0.002500,0.010000,0.015000,0
CA,92336,FONTANA,0.087500,0.060000,0.002500,0.010000,0.015000,0
CA,92337,FONTANA,0.087500,0.060000,0.002500,0.010000,0.015000,0
CA,92338,SAN BERNARDINO,0.077500,0.060000,0.002500,0.000000,0.015000,0
CA,92339,SAN BERNARDINO,0.077500,0.060000,0.002500,0.000000,0.015000,0
CA,92340,HESPERIA  CA,0.077500,0.060000,0.002500,0.000000,0.015000,0
CA,92341,SAN BERNARDINO,0.077500,0.060000,0.002500,0.000000,0.015000,0
CA,92342,SAN BERNARDINO,0.077500,0.060000,0.002500,0.000000,0.015000,0
CA,92344,HESPERIA  CA,0.077500,0.060000,0.002500,0.000000,0.015000,0
CA,92345,VICTORVILLE,0.087500,0.060000,0.002500,0.010000,0.015000,0
CA,92346,REDLANDS,0.087500,0.060000,0.002500,0.010000,0.015000,0
CA,92347,SAN BERNARDINO,0.077500,0.060000,0.002500,0.000000,0.015000,0
CA,92350,LOMA LINDA,0.077500,0.060000,0.002500,0.000000,0.015000,0
CA,92352,SAN BERNARDINO,0.077500,0.060000,0.002500,0.000000,0.015000,0
CA,92354,REDLANDS,0.087500,0.060000,0.002500,0.010000,0.015000,0
CA,92356,SAN BERNARDINO,0.077500,0.060000,0.002500,0.000000,0.015000,0
CA,92357,LOMA LINDA,0.077500,0.060000,0.002500,0.000000,0.015000,0
CA,92358,SAN BERNARDINO,0.077500,0.060000,0.002500,0.000000,0.015000,0
CA,92359,REDLANDS,0.087500,0.060000,0.002500,0.010000,0.015000,0
CA,92363,FORT MOJAVE OFF-RESERVATION TRUST LAND,0.077500,0.060000,0.002500,0.000000,0.015000,0
CA,92364,SAN BERNARDINO,0.077500,0.060000,0.002500,0.000000,0.015000,0
CA,92365,SAN BERNARDINO,0.077500,0.060000,0.002500,0.000000,0.015000,0
CA,92366,SAN BERNARDINO,0.077500,0.060000,0.002500,0.000000,0.015000,0
CA,92368,VICTORVILLE,0.087500,0.060000,0.002500,0.010000,0.015000,0
CA,92369,SAN BERNARDINO,0.087500,0.060000,0.002500,0.010000,0.015000,0
CA,92371,SAN BERNARDINO,0.077500,0.060000,0.002500,0.000000,0.015000,0
CA,92372,SAN BERNARDINO,0.077500,0.060000,0.002500,0.000000,0.015000,0
CA,92373,REDLANDS,0.087500,0.060000,0.002500,0.010000,0.015000,0
CA,92374,REDLANDS,0.087500,0.060000,0.002500,0.010000,0.015000,0
CA,92375,REDLANDS,0.087500,0.060000,0.002500,0.010000,0.015000,0
CA,92376,FONTANA,0.087500,0.060000,0.002500,0.010000,0.015000,0
CA,92377,RIALTO,0.077500,0.060000,0.002500,0.000000,0.015000,0
CA,92378,SAN BERNARDINO,0.077500,0.060000,0.002500,0.000000,0.015000,0
CA,92382,SAN BERNARDINO,0.077500,0.060000,0.002500,0.000000,0.015000,0
CA,92384,INYO COUNTY DISTRICT TAX SP,0.077500,0.060000,0.002500,0.000000,0.015000,0
CA,92385,SAN BERNARDINO,0.077500,0.060000,0.002500,0.000000,0.015000,0
CA,92386,SAN BERNARDINO,0.077500,0.060000,0.002500,0.000000,0.015000,0
CA,92389,INYO COUNTY DISTRICT TAX SP,0.077500,0.060000,0.002500,0.000000,0.015000,0
CA,92391,SAN BERNARDINO,0.077500,0.060000,0.002500,0.000000,0.015000,0
CA,92392,VICTORVILLE,0.087500,0.060000,0.002500,0.010000,0.015000,0
CA,92393,VICTORVILLE,0.087500,0.060000,0.002500,0.010000,0.015000,0
CA,92394,VICTORVILLE,0.087500,0.060000,0.002500,0.010000,0.015000,0
CA,92395,VICTORVILLE,0.087500,0.060000,0.002500,0.010000,0.015000,0
CA,92397,LOS ANGELES,0.097500,0.060000,0.002500,0.000000,0.035000,0
CA,92398,SAN BERNARDINO,0.077500,0.060000,0.002500,0.000000,0.015000,0
CA,92399,YUCAIPA,0.087500,0.060000,0.002500,0.010000,0.015000,0
CA,92401,SAN BERNARDINO,0.087500,0.060000,0.002500,0.010000,0.015000,0
CA,92402,SAN BERNARDINO,0.087500,0.060000,0.002500,0.010000,0.015000,0
CA,92403,SAN BERNARDINO,0.087500,0.060000,0.002500,0.010000,0.015000,0
CA,92404,SAN BERNARDINO,0.087500,0.060000,0.002500,0.010000,0.015000,0
CA,92405,SAN BERNARDINO,0.087500,0.060000,0.002500,0.010000,0.015000,0
CA,92406,SAN BERNARDINO,0.087500,0.060000,0.002500,0.010000,0.015000,0
CA,92407,SAN BERNARDINO,0.087500,0.060000,0.002500,0.010000,0.015000,0
CA,92408,COLTON,0.087500,0.060000,0.002500,0.010000,0.015000,0
CA,92410,COLTON,0.087500,0.060000,0.002500,0.010000,0.015000,0
CA,92411,SAN BERNARDINO,0.087500,0.060000,0.002500,0.010000,0.015000,0
CA,92413,SAN BERNARDINO,0.087500,0.060000,0.002500,0.010000,0.015000,0
CA,92415,ONTARIO,0.087500,0.060000,0.002500,0.010000,0.015000,0
CA,92418,SAN BERNARDINO,0.087500,0.060000,0.002500,0.010000,0.015000,0
CA,92423,SAN BERNARDINO,0.087500,0.060000,0.002500,0.010000,0.015000,0
CA,92427,SAN BERNARDINO,0.087500,0.060000,0.002500,0.010000,0.015000,0
CA,92501,RIVERSIDE,0.087500,0.060000,0.002500,0.010000,0.015000,0
CA,92502,RIVERSIDE,0.087500,0.060000,0.002500,0.010000,0.015000,0
CA,92503,RIVERSIDE,0.087500,0.060000,0.002500,0.010000,0.015000,0
CA,92504,RIVERSIDE,0.087500,0.060000,0.002500,0.010000,0.015000,0
CA,92505,RIVERSIDE,0.087500,0.060000,0.002500,0.010000,0.015000,0
CA,92506,RIVERSIDE,0.087500,0.060000,0.002500,0.010000,0.015000,0
CA,92507,MORENO VALLEY,0.087500,0.060000,0.002500,0.010000,0.015000,0
CA,92508,RIVERSIDE,0.087500,0.060000,0.002500,0.010000,0.015000,0
CA,92509,RIVERSIDE,0.087500,0.060000,0.002500,0.010000,0.015000,0
CA,92513,RIVERSIDE,0.087500,0.060000,0.002500,0.010000,0.015000,0
CA,92514,RIVERSIDE,0.087500,0.060000,0.002500,0.010000,0.015000,0
CA,92516,RIVERSIDE,0.087500,0.060000,0.002500,0.010000,0.015000,0
CA,92517,RIVERSIDE,0.087500,0.060000,0.002500,0.010000,0.015000,0
CA,92518,RIVERSIDE COUNTY DISTRICT TAX SP,0.077500,0.060000,0.002500,0.000000,0.015000,0
CA,92519,JURUPA VALLEY,0.077500,0.060000,0.002500,0.000000,0.015000,0
CA,92521,RIVERSIDE,0.087500,0.060000,0.002500,0.010000,0.015000,0
CA,92522,RIVERSIDE,0.087500,0.060000,0.002500,0.010000,0.015000,0
CA,92530,LAKE ELSINORE,0.087500,0.060000,0.002500,0.010000,0.015000,0
CA,92531,LAKE ELSINORE,0.087500,0.060000,0.002500,0.010000,0.015000,0
CA,92532,LAKE ELSINORE,0.087500,0.060000,0.002500,0.010000,0.015000,0
CA,92536,TEMECULA WINE COUNTRY TOURISM MARKETING DISTRICT,0.077500,0.060000,0.002500,0.000000,0.015000,0
CA,92539,RIVERSIDE COUNTY DISTRICT TAX SP,0.077500,0.060000,0.002500,0.000000,0.015000,0
CA,92543,SAN JACINTO,0.087500,0.060000,0.002500,0.010000,0.015000,0
CA,92544,HEMET,0.087500,0.060000,0.002500,0.010000,0.015000,0
CA,92545,HEMET,0.087500,0.060000,0.002500,0.010000,0.015000,0
CA,92546,HEMET,0.087500,0.060000,0.002500,0.010000,0.015000,0
CA,92548,RIVERSIDE COUNTY DISTRICT TAX SP,0.077500,0.060000,0.002500,0.000000,0.015000,0
CA,92549,RIVERSIDE COUNTY DISTRICT TAX SP,0.077500,0.060000,0.002500,0.000000,0.015000,0
CA,92551,MORENO VALLEY,0.087500,0.060000,0.002500,0.010000,0.015000,0
CA,92552,MORENO VALLEY,0.087500,0.060000,0.002500,0.010000,0.015000,0
CA,92553,MORENO VALLEY,0.087500,0.060000,0.002500,0.010000,0.015000,0
CA,92554,MORENO VALLEY,0.087500,0.060000,0.002500,0.010000,0.015000,0
CA,92555,MORENO VALLEY,0.087500,0.060000,0.002500,0.010000,0.015000,0
CA,92556,MORENO VALLEY,0.087500,0.060000,0.002500,0.010000,0.015000,0
CA,92557,MORENO VALLEY,0.087500,0.060000,0.002500,0.010000,0.015000,0
CA,92561,GREATER PALM SPRINGS TOURISM BID,0.077500,0.060000,0.002500,0.000000,0.015000,0
CA,92562,MURRIETA,0.087500,0.060000,0.002500,0.010000,0.015000,0
CA,92563,MURRIETA,0.087500,0.060000,0.002500,0.010000,0.015000,0
CA,92564,MURRIETA,0.087500,0.060000,0.002500,0.010000,0.015000,0
CA,92567,RIVERSIDE COUNTY DISTRICT TAX SP,0.077500,0.060000,0.002500,0.000000,0.015000,0
CA,92570,LAKE ELSINORE,0.087500,0.060000,0.002500,0.010000,0.015000,0
CA,92571,MENIFEE,0.087500,0.060000,0.002500,0.010000,0.015000,0
CA,92572,PERRIS,0.077500,0.060000,0.002500,0.000000,0.015000,0
CA,92581,SAN JACINTO,0.087500,0.060000,0.002500,0.010000,0.015000,0
CA,92582,SAN JACINTO,0.087500,0.060000,0.002500,0.010000,0.015000,0
CA,92583,SAN JACINTO,0.087500,0.060000,0.002500,0.010000,0.015000,0
CA,92584,LAKE ELSINORE,0.087500,0.060000,0.002500,0.010000,0.015000,0
CA,92585,MENIFEE,0.087500,0.060000,0.002500,0.010000,0.015000,0
CA,92586,MENIFEE,0.087500,0.060000,0.002500,0.010000,0.015000,0
CA,92587,MENIFEE,0.087500,0.060000,0.002500,0.010000,0.015000,0
CA,92589,TEMECULA,0.087500,0.060000,0.002500,0.010000,0.015000,0
CA,92590,TEMECULA,0.087500,0.060000,0.002500,0.010000,0.015000,0
CA,92591,TEMECULA,0.087500,0.060000,0.002500,0.010000,0.015000,0
CA,92592,TEMECULA,0.087500,0.060000,0.002500,0.010000,0.015000,0
CA,92593,TEMECULA,0.087500,0.060000,0.002500,0.010000,0.015000,0
CA,92595,LAKE ELSINORE,0.087500,0.060000,0.002500,0.010000,0.015000,0
CA,92596,MURRIETA,0.087500,0.060000,0.002500,0.010000,0.015000,0
CA,92599,PERRIS,0.077500,0.060000,0.002500,0.000000,0.015000,0
CA,92602,IRVINE,0.077500,0.060000,0.002500,0.000000,0.015000,0
CA,92603,IRVINE,0.077500,0.060000,0.002500,0.000000,0.015000,0
CA,92604,IRVINE,0.077500,0.060000,0.002500,0.000000,0.015000,0
CA,92605,HUNTINGTON BEACH,0.077500,0.060000,0.002500,0.000000,0.015000,0
CA,92606,IRVINE,0.077500,0.060000,0.002500,0.000000,0.015000,0
CA,92607,LAGUNA NIGUEL,0.077500,0.060000,0.002500,0.000000,0.015000,0
CA,92609,LAKE FOREST,0.077500,0.060000,0.002500,0.000000,0.015000,0
CA,92610,LAKE FOREST,0.077500,0.060000,0.002500,0.000000,0.015000,0
CA,92612,IRVINE,0.077500,0.060000,0.002500,0.000000,0.015000,0
CA,92614,ORANGE COUNTY DISTRICT TAX SP,0.077500,0.060000,0.002500,0.000000,0.015000,0
CA,92615,HUNTINGTON BEACH,0.077500,0.060000,0.002500,0.000000,0.015000,0
CA,92616,IRVINE,0.077500,0.060000,0.002500,0.000000,0.015000,0
CA,92617,IRVINE,0.077500,0.060000,0.002500,0.000000,0.015000,0
CA,92618,IRVINE,0.077500,0.060000,0.002500,0.000000,0.015000,0
CA,92619,IRVINE,0.077500,0.060000,0.002500,0.000000,0.015000,0
CA,92620,IRVINE,0.077500,0.060000,0.002500,0.000000,0.015000,0
CA,92623,IRVINE,0.077500,0.060000,0.002500,0.000000,0.015000,0
CA,92624,DANA POINT,0.077500,0.060000,0.002500,0.000000,0.015000,0
CA,92625,NEWPORT BEACH,0.077500,0.060000,0.002500,0.000000,0.015000,0
CA,92626,COSTA MESA BUSINESS IMPROVEMENT AREA,0.077500,0.060000,0.002500,0.000000,0.015000,0
CA,92627,COSTA MESA BUSINESS IMPROVEMENT AREA,0.077500,0.060000,0.002500,0.000000,0.015000,0
CA,92628,COSTA MESA BUSINESS IMPROVEMENT AREA,0.077500,0.060000,0.002500,0.000000,0.015000,0
CA,92629,DANA POINT,0.077500,0.060000,0.002500,0.000000,0.015000,0
CA,92630,LAKE FOREST,0.077500,0.060000,0.002500,0.000000,0.015000,0
CA,92637,ALISO VIEJO,0.077500,0.060000,0.002500,0.000000,0.015000,0
CA,92646,HUNTINGTON BEACH,0.077500,0.060000,0.002500,0.000000,0.015000,0
CA,92647,WESTMINSTER,0.092500,0.060000,0.002500,0.015000,0.015000,0
CA,92648,HUNTINGTON BEACH,0.077500,0.060000,0.002500,0.000000,0.015000,0
CA,92649,SEAL BEACH,0.092500,0.060000,0.002500,0.015000,0.015000,0
CA,92650,IRVINE,0.077500,0.060000,0.002500,0.000000,0.015000,0
CA,92651,LAGUNA BEACH,0.077500,0.060000,0.002500,0.000000,0.015000,0
CA,92652,LAGUNA BEACH,0.077500,0.060000,0.002500,0.000000,0.015000,0
CA,92653,ALISO VIEJO,0.077500,0.060000,0.002500,0.000000,0.015000,0
CA,92654,LAGUNA HILLS,0.077500,0.060000,0.002500,0.000000,0.015000,0
CA,92655,WESTMINSTER,0.092500,0.060000,0.002500,0.015000,0.015000,0
CA,92656,ALISO VIEJO,0.077500,0.060000,0.002500,0.000000,0.015000,0
CA,92657,NEWPORT BEACH,0.077500,0.060000,0.002500,0.000000,0.015000,0
CA,92658,NEWPORT BEACH,0.077500,0.060000,0.002500,0.000000,0.015000,0
CA,92659,NEWPORT BEACH,0.077500,0.060000,0.002500,0.000000,0.015000,0
CA,92660,COSTA MESA BUSINESS IMPROVEMENT AREA,0.077500,0.060000,0.002500,0.000000,0.015000,0
CA,92661,NEWPORT BEACH,0.077500,0.060000,0.002500,0.000000,0.015000,0
CA,92662,NEWPORT BEACH,0.077500,0.060000,0.002500,0.000000,0.015000,0
CA,92663,COSTA MESA BUSINESS IMPROVEMENT AREA,0.077500,0.060000,0.002500,0.000000,0.015000,0
CA,92672,SAN CLEMENTE,0.077500,0.060000,0.002500,0.000000,0.015000,0
CA,92673,SAN CLEMENTE,0.077500,0.060000,0.002500,0.000000,0.015000,0
CA,92674,SAN CLEMENTE,0.077500,0.060000,0.002500,0.000000,0.015000,0
CA,92675,SAN JUAN CAPISTRANO,0.077500,0.060000,0.002500,0.000000,0.015000,0
CA,92676,LAKE FOREST,0.077500,0.060000,0.002500,0.000000,0.015000,0
CA,92677,LAGUNA NIGUEL,0.077500,0.060000,0.002500,0.000000,0.015000,0
CA,92678,ORANGE COUNTY DISTRICT TAX SP,0.077500,0.060000,0.002500,0.000000,0.015000,0
CA,92679,ORANGE COUNTY DISTRICT TAX SP,0.077500,0.060000,0.002500,0.000000,0.015000,0
CA,92683,WESTMINSTER,0.092500,0.060000,0.002500,0.015000,0.015000,0
CA,92684,WESTMINSTER,0.092500,0.060000,0.002500,0.015000,0.015000,0
CA,92685,WESTMINSTER,0.092500,0.060000,0.002500,0.015000,0.015000,0
CA,92688,ORANGE COUNTY DISTRICT TAX SP,0.077500,0.060000,0.002500,0.000000,0.015000,0
CA,92690,MISSION VIEJO,0.077500,0.060000,0.002500,0.000000,0.015000,0
CA,92691,LAKE FOREST,0.077500,0.060000,0.002500,0.000000,0.015000,0
CA,92692,SAN JUAN CAPISTRANO,0.077500,0.060000,0.002500,0.000000,0.015000,0
CA,92693,SAN JUAN CAPISTRANO,0.077500,0.060000,0.002500,0.000000,0.015000,0
CA,92694,ORANGE COUNTY DISTRICT TAX SP,0.077500,0.060000,0.002500,0.000000,0.015000,0
CA,92697,IRVINE,0.077500,0.060000,0.002500,0.000000,0.015000,0
CA,92698,ALISO VIEJO,0.077500,0.060000,0.002500,0.000000,0.015000,0
CA,92701,SANTA ANA,0.092500,0.060000,0.002500,0.015000,0.015000,0
CA,92702,SANTA ANA,0.092500,0.060000,0.002500,0.015000,0.015000,0
CA,92703,SANTA ANA,0.092500,0.060000,0.002500,0.015000,0.015000,0
CA,92704,SANTA ANA,0.092500,0.060000,0.002500,0.015000,0.015000,0
CA,92705,SANTA ANA,0.092500,0.060000,0.002500,0.015000,0.015000,0
CA,92706,SANTA ANA,0.092500,0.060000,0.002500,0.015000,0.015000,0
CA,92707,SANTA ANA,0.092500,0.060000,0.002500,0.015000,0.015000,0
CA,92708,SANTA ANA,0.092500,0.060000,0.002500,0.015000,0.015000,0
CA,92711,SANTA ANA,0.092500,0.060000,0.002500,0.015000,0.015000,0
CA,92728,FOUNTAIN VALLEY,0.087500,0.060000,0.002500,0.010000,0.015000,0
CA,92735,SANTA ANA,0.092500,0.060000,0.002500,0.015000,0.015000,0
CA,92780,TUSTIN,0.077500,0.060000,0.002500,0.000000,0.015000,0
CA,92781,TUSTIN,0.077500,0.060000,0.002500,0.000000,0.015000,0
CA,92782,IRVINE,0.077500,0.060000,0.002500,0.000000,0.015000,0
CA,92799,SANTA ANA,0.092500,0.060000,0.002500,0.015000,0.015000,0
CA,92801,ANAHEIM,0.077500,0.060000,0.002500,0.000000,0.015000,0
CA,92802,GARDEN GROVE,0.087500,0.060000,0.002500,0.010000,0.015000,0
CA,92803,ANAHEIM,0.077500,0.060000,0.002500,0.000000,0.015000,0
CA,92804,SANTA ANA,0.092500,0.060000,0.002500,0.015000,0.015000,0
CA,92805,ANAHEIM,0.077500,0.060000,0.002500,0.000000,0.015000,0
CA,92806,PLACENTIA,0.087500,0.060000,0.002500,0.010000,0.015000,0
CA,92807,PLACENTIA,0.087500,0.060000,0.002500,0.010000,0.015000,0
CA,92808,ANAHEIM,0.077500,0.060000,0.002500,0.000000,0.015000,0
CA,92809,ANAHEIM,0.077500,0.060000,0.002500,0.000000,0.015000,0
CA,92811,PLACENTIA,0.087500,0.060000,0.002500,0.010000,0.015000,0
CA,92812,ANAHEIM TOURISM IMPROVEMENT DISTRICT,0.077500,0.060000,0.002500,0.000000,0.015000,0
CA,92814,ANAHEIM,0.077500,0.060000,0.002500,0.000000,0.015000,0
CA,92815,ANAHEIM,0.077500,0.060000,0.002500,0.000000,0.015000,0
CA,92816,ANAHEIM,0.077500,0.060000,0.002500,0.000000,0.015000,0
CA,92817,ANAHEIM,0.077500,0.060000,0.002500,0.000000,0.015000,0
CA,92821,BREA,0.077500,0.060000,0.002500,0.000000,0.015000,0
CA,92822,BREA,0.077500,0.060000,0.002500,0.000000,0.015000,0
CA,92823,BREA,0.077500,0.060000,0.002500,0.000000,0.015000,0
CA,92825,ANAHEIM,0.077500,0.060000,0.002500,0.000000,0.015000,0
CA,92831,PLACENTIA,0.087500,0.060000,0.002500,0.010000,0.015000,0
CA,92832,FULLERTON,0.077500,0.060000,0.002500,0.000000,0.015000,0
CA,92833,FULLERTON,0.077500,0.060000,0.002500,0.000000,0.015000,0
CA,92834,FULLERTON,0.077500,0.060000,0.002500,0.000000,0.015000,0
CA,92835,FULLERTON,0.077500,0.060000,0.002500,0.000000,0.015000,0
CA,92836,FULLERTON,0.077500,0.060000,0.002500,0.000000,0.015000,0
CA,92837,FULLERTON,0.077500,0.060000,0.002500,0.000000,0.015000,0
CA,92838,FULLERTON,0.077500,0.060000,0.002500,0.000000,0.015000,0
CA,92840,GARDEN GROVE TOURISM IMPROVEMENT DISTRICT (TIER 2),0.087500,0.060000,0.002500,0.010000,0.015000,0
CA,92841,WESTMINSTER,0.092500,0.060000,0.002500,0.015000,0.015000,0
CA,92842,GARDEN GROVE,0.087500,0.060000,0.002500,0.010000,0.015000,0
CA,92843,SANTA ANA,0.092500,0.060000,0.002500,0.015000,0.015000,0
CA,92844,WESTMINSTER,0.092500,0.060000,0.002500,0.015000,0.015000,0
CA,92845,GARDEN GROVE,0.087500,0.060000,0.002500,0.010000,0.015000,0
CA,92846,GARDEN GROVE,0.087500,0.060000,0.002500,0.010000,0.015000,0
CA,92856,ORANGE,0.077500,0.060000,0.002500,0.000000,0.015000,0
CA,92857,ORANGE,0.077500,0.060000,0.002500,0.000000,0.015000,0
CA,92859,ORANGE,0.077500,0.060000,0.002500,0.000000,0.015000,0
CA,92860,NORCO,0.087500,0.060000,0.002500,0.010000,0.015000,0
CA,92861,ORANGE COUNTY DISTRICT TAX SP,0.077500,0.060000,0.002500,0.000000,0.015000,0
CA,92862,ORANGE COUNTY DISTRICT TAX SP,0.077500,0.060000,0.002500,0.000000,0.015000,0
CA,92863,ORANGE,0.077500,0.060000,0.002500,0.000000,0.015000,0
CA,92864,ORANGE,0.077500,0.060000,0.002500,0.000000,0.015000,0
CA,92865,ORANGE,0.077500,0.060000,0.002500,0.000000,0.015000,0
CA,92866,ORANGE,0.077500,0.060000,0.002500,0.000000,0.015000,0
CA,92867,ORANGE COUNTY DISTRICT TAX SP,0.077500,0.060000,0.002500,0.000000,0.015000,0
CA,92868,SANTA ANA,0.092500,0.060000,0.002500,0.015000,0.015000,0
CA,92869,ORANGE,0.077500,0.060000,0.002500,0.000000,0.015000,0
CA,92870,PLACENTIA,0.087500,0.060000,0.002500,0.010000,0.015000,0
CA,92871,PLACENTIA,0.087500,0.060000,0.002500,0.010000,0.015000,0
CA,92877,CORONA,0.087500,0.060000,0.002500,0.010000,0.015000,0
CA,92878,CORONA,0.087500,0.060000,0.002500,0.010000,0.015000,0
CA,92879,CORONA,0.087500,0.060000,0.002500,0.010000,0.015000,0
CA,92880,CORONA,0.087500,0.060000,0.002500,0.010000,0.015000,0
CA,92881,CORONA,0.087500,0.060000,0.002500,0.010000,0.015000,0
CA,92882,CORONA,0.087500,0.060000,0.002500,0.010000,0.015000,0
CA,92883,CORONA,0.087500,0.060000,0.002500,0.010000,0.015000,0
CA,92885,YORBA LINDA,0.077500,0.060000,0.002500,0.000000,0.015000,0
CA,92886,YORBA LINDA,0.077500,0.060000,0.002500,0.000000,0.015000,0
CA,92887,YORBA LINDA,0.077500,0.060000,0.002500,0.000000,0.015000,0
CA,92899,ANAHEIM,0.077500,0.060000,0.002500,0.000000,0.015000,0
CA,93001,OXNARD,0.092500,0.060000,0.002500,0.020000,0.010000,0
CA,93002,SAN BUENAVENTURA,0.077500,0.060000,0.002500,0.005000,0.010000,0
CA,93003,SAN BUENAVENTURA,0.077500,0.060000,0.002500,0.005000,0.010000,0
CA,93004,OXNARD,0.092500,0.060000,0.002500,0.020000,0.010000,0
CA,93005,SAN BUENAVENTURA,0.077500,0.060000,0.002500,0.005000,0.010000,0
CA,93006,SAN BUENAVENTURA,0.077500,0.060000,0.002500,0.005000,0.010000,0
CA,93007,SAN BUENAVENTURA,0.077500,0.060000,0.002500,0.005000,0.010000,0
CA,93009,SAN BUENAVENTURA,0.077500,0.060000,0.002500,0.005000,0.010000,0
CA,93010,VENTURA CO LOCAL TAX SL,0.072500,0.060000,0.002500,0.000000,0.010000,0
CA,93011,CAMARILLO,0.072500,0.060000,0.002500,0.000000,0.010000,0
CA,93012,VENTURA CO LOCAL TAX SL,0.072500,0.060000,0.002500,0.000000,0.010000,0
CA,93013,CARPINTERIA,0.090000,0.060000,0.002500,0.012500,0.015000,0
CA,93014,CARPINTERIA,0.090000,0.060000,0.002500,0.012500,0.015000,0
CA,93015,VENTURA CO LOCAL TAX SL,0.072500,0.060000,0.002500,0.000000,0.010000,0
CA,93016,FILLMORE,0.072500,0.060000,0.002500,0.000000,0.010000,0
CA,93020,MOORPARK,0.072500,0.060000,0.002500,0.000000,0.010000,0
CA,93021,VENTURA CO LOCAL TAX SL,0.072500,0.060000,0.002500,0.000000,0.010000,0
CA,93022,OJAI TOURISM IMPROVEMENT DISTRICT,0.072500,0.060000,0.002500,0.000000,0.010000,0
CA,93023,OJAI TOURISM IMPROVEMENT DISTRICT,0.072500,0.060000,0.002500,0.000000,0.010000,0
CA,93024,OJAI,0.072500,0.060000,0.002500,0.000000,0.010000,0
CA,93030,OXNARD,0.092500,0.060000,0.002500,0.020000,0.010000,0
CA,93031,OXNARD,0.092500,0.060000,0.002500,0.020000,0.010000,0
CA,93032,OXNARD,0.092500,0.060000,0.002500,0.020000,0.010000,0
CA,93033,OXNARD,0.092500,0.060000,0.002500,0.020000,0.010000,0
CA,93034,OXNARD,0.092500,0.060000,0.002500,0.020000,0.010000,0
CA,93035,OXNARD,0.092500,0.060000,0.002500,0.020000,0.010000,0
CA,93036,OXNARD,0.092500,0.060000,0.002500,0.020000,0.010000,0
CA,93040,VENTURA CO LOCAL TAX SL,0.072500,0.060000,0.002500,0.000000,0.010000,0
CA,93041,OXNARD,0.092500,0.060000,0.002500,0.020000,0.010000,0
CA,93042,OXNARD,0.092500,0.060000,0.002500,0.020000,0.010000,0
CA,93043,PORT HUENEME,0.087500,0.060000,0.002500,0.015000,0.010000,0
CA,93044,PORT HUENEME,0.087500,0.060000,0.002500,0.015000,0.010000,0
CA,93060,SANTA PAULA,0.092500,0.060000,0.002500,0.020000,0.010000,0
CA,93061,SANTA PAULA,0.092500,0.060000,0.002500,0.020000,0.010000,0
CA,93062,SIMI VALLEY,0.072500,0.060000,0.002500,0.000000,0.010000,0
CA,93063,LOS ANGELES,0.097500,0.060000,0.002500,0.000000,0.035000,0
CA,93064,VENTURA CO LOCAL TAX SL,0.072500,0.060000,0.002500,0.000000,0.010000,0
CA,93065,VENTURA CO LOCAL TAX SL,0.072500,0.060000,0.002500,0.000000,0.010000,0
CA,93066,VENTURA CO LOCAL TAX SL,0.072500,0.060000,0.002500,0.000000,0.010000,0
CA,93067,SANTA BARBARA SOUTH COAST TOURISM BUSINESS IMPROVEMENT AREA,0.077500,0.060000,0.002500,0.000000,0.015000,0
CA,93094,SIMI VALLEY,0.072500,0.060000,0.002500,0.000000,0.010000,0
CA,93099,SIMI VALLEY,0.072500,0.060000,0.002500,0.000000,0.010000,0
CA,93101,SANTA BARBARA,0.092500,0.060000,0.002500,0.015000,0.015000,0
CA,93102,SANTA BARBARA,0.092500,0.060000,0.002500,0.015000,0.015000,0
CA,93103,SANTA BARBARA,0.092500,0.060000,0.002500,0.015000,0.015000,0
CA,93105,SANTA BARBARA,0.092500,0.060000,0.002500,0.015000,0.015000,0
CA,93106,SANTA BARBARA SOUTH COAST TOURISM BUSINESS IMPROVEMENT AREA,0.077500,0.060000,0.002500,0.000000,0.015000,0
CA,93107,SANTA BARBARA SOUTH COAST TOURISM BUSINESS IMPROVEMENT AREA,0.077500,0.060000,0.002500,0.000000,0.015000,0
CA,93108,SANTA BARBARA,0.092500,0.060000,0.002500,0.015000,0.015000,0
CA,93109,SANTA BARBARA,0.092500,0.060000,0.002500,0.015000,0.015000,0
CA,93110,SANTA BARBARA,0.092500,0.060000,0.002500,0.015000,0.015000,0
CA,93111,GOLETA,0.087500,0.060000,0.002500,0.010000,0.015000,0
CA,93116,GOLETA,0.087500,0.060000,0.002500,0.010000,0.015000,0
CA,93117,SANTA BARBARA,0.092500,0.060000,0.002500,0.015000,0.015000,0
CA,93118,GOLETA,0.087500,0.060000,0.002500,0.010000,0.015000,0
CA,93120,SANTA BARBARA,0.092500,0.060000,0.002500,0.015000,0.015000,0
CA,93121,SANTA BARBARA,0.092500,0.060000,0.002500,0.015000,0.015000,0
CA,93130,SANTA BARBARA,0.092500,0.060000,0.002500,0.015000,0.015000,0
CA,93140,SANTA BARBARA,0.092500,0.060000,0.002500,0.015000,0.015000,0
CA,93150,SANTA BARBARA SOUTH COAST TOURISM BUSINESS IMPROVEMENT AREA,0.077500,0.060000,0.002500,0.000000,0.015000,0
CA,93160,GOLETA,0.087500,0.060000,0.002500,0.010000,0.015000,0
CA,93190,SANTA BARBARA,0.092500,0.060000,0.002500,0.015000,0.015000,0
CA,93199,GOLETA,0.087500,0.060000,0.002500,0.010000,0.015000,0
CA,93201,TULARE CO LOCAL TAX SL,0.077500,0.060000,0.002500,0.000000,0.015000,0
CA,93202,KINGS,0.072500,0.060000,0.002500,0.000000,0.010000,0
CA,93203,KERN,0.082500,0.060000,0.002500,0.000000,0.020000,0
CA,93204,KERN,0.082500,0.060000,0.002500,0.000000,0.020000,0
CA,93205,KERN,0.082500,0.060000,0.002500,0.000000,0.020000,0
CA,93206,KERN,0.082500,0.060000,0.002500,0.000000,0.020000,0
CA,93207,TULARE CO LOCAL TAX SL,0.077500,0.060000,0.002500,0.000000,0.015000,0
CA,93208,TULARE CO LOCAL TAX SL,0.077500,0.060000,0.002500,0.000000,0.015000,0
CA,93210,COALINGA,0.089750,0.060000,0.002500,0.010000,0.017250,0
CA,93212,CORCORAN,0.082500,0.060000,0.002500,0.010000,0.010000,0
CA,93215,DELANO,0.082500,0.060000,0.002500,0.010000,0.010000,0
CA,93216,DELANO,0.082500,0.060000,0.002500,0.010000,0.010000,0
CA,93218,TULARE CO LOCAL TAX SL,0.077500,0.060000,0.002500,0.000000,0.015000,0
CA,93219,TULARE CO LOCAL TAX SL,0.077500,0.060000,0.002500,0.000000,0.015000,0
CA,93220,KERN,0.082500,0.060000,0.002500,0.000000,0.020000,0
CA,93221,EXETER,0.087500,0.060000,0.002500,0.010000,0.015000,0
CA,93222,KERN,0.082500,0.060000,0.002500,0.000000,0.020000,0
CA,93223,FARMERSVILLE,0.087500,0.060000,0.002500,0.010000,0.015000,0
CA,93224,KERN,0.082500,0.060000,0.002500,0.000000,0.020000,0
CA,93225,KERN,0.082500,0.060000,0.002500,0.000000,0.020000,0
CA,93226,KERN,0.082500,0.060000,0.002500,0.000000,0.020000,0
CA,93227,TULARE CO LOCAL TAX SL,0.077500,0.060000,0.002500,0.000000,0.015000,0
CA,93230,HANFORD,0.082500,0.060000,0.002500,0.010000,0.010000,0
CA,93232,HANFORD,0.082500,0.060000,0.002500,0.010000,0.010000,0
CA,93234,HURON,0.089750,0.060000,0.002500,0.010000,0.017250,0
CA,93235,TULARE CO LOCAL TAX SL,0.077500,0.060000,0.002500,0.000000,0.015000,0
CA,93237,TULARE CO LOCAL TAX SL,0.077500,0.060000,0.002500,0.000000,0.015000,0
CA,93238,KERN,0.082500,0.060000,0.002500,0.000000,0.020000,0
CA,93239,AVENAL,0.082500,0.060000,0.002500,0.010000,0.010000,0
CA,93240,KERN,0.082500,0.060000,0.002500,0.000000,0.020000,0
CA,93241,KERN,0.082500,0.060000,0.002500,0.000000,0.020000,0
CA,93242,FRESNO CO LOCAL TAX SL,0.079750,0.060000,0.002500,0.000000,0.017250,0
CA,93243,LOS ANGELES,0.097500,0.060000,0.002500,0.000000,0.035000,0
CA,93244,TULARE CO LOCAL TAX SL,0.077500,0.060000,0.002500,0.000000,0.015000,0
CA,93245,LEMOORE,0.082500,0.060000,0.002500,0.010000,0.010000,0
CA,93246,KINGS,0.072500,0.060000,0.002500,0.000000,0.010000,0
CA,93247,LINDSAY,0.087500,0.060000,0.002500,0.010000,0.015000,0
CA,93249,KERN,0.082500,0.060000,0.002500,0.000000,0.020000,0
CA,93250,MCFARLAND,0.092500,0.060000,0.002500,0.020000,0.010000,0
CA,93251,KERN,0.082500,0.060000,0.002500,0.000000,0.020000,0
CA,93252,KERN,0.082500,0.060000,0.002500,0.000000,0.020000,0
CA,93254,SANTA BARBARA COUNTY DISTRICT TAX SP,0.077500,0.060000,0.002500,0.000000,0.015000,0
CA,93255,KERN,0.082500,0.060000,0.002500,0.000000,0.020000,0
CA,93256,TULARE CO LOCAL TAX SL,0.077500,0.060000,0.002500,0.000000,0.015000,0
CA,93257,PORTERVILLE,0.092500,0.060000,0.002500,0.015000,0.015000,0
CA,93258,PORTERVILLE,0.092500,0.060000,0.002500,0.015000,0.015000,0
CA,93260,TULARE CO LOCAL TAX SL,0.077500,0.060000,0.002500,0.000000,0.015000,0
CA,93261,TULARE CO LOCAL TAX SL,0.077500,0.060000,0.002500,0.000000,0.015000,0
CA,93262,TULARE CO LOCAL TAX SL,0.077500,0.060000,0.002500,0.000000,0.015000,0
CA,93263,KERN,0.082500,0.060000,0.002500,0.000000,0.020000,0
CA,93265,TULARE CO LOCAL TAX SL,0.077500,0.060000,0.002500,0.000000,0.015000,0
CA,93266,KINGS,0.072500,0.060000,0.002500,0.000000,0.010000,0
CA,93267,TULARE CO LOCAL TAX SL,0.077500,0.060000,0.002500,0.000000,0.015000,0
CA,93268,TAFT,0.082500,0.060000,0.002500,0.010000,0.010000,0
CA,93270,TULARE CO LOCAL TAX SL,0.077500,0.060000,0.002500,0.000000,0.015000,0
CA,93271,TULARE CO LOCAL TAX SL,0.077500,0.060000,0.002500,0.000000,0.015000,0
CA,93272,TULARE CO LOCAL TAX SL,0.077500,0.060000,0.002500,0.000000,0.015000,0
CA,93274,VISALIA,0.085000,0.060000,0.002500,0.007500,0.015000,0
CA,93275,TULARE,0.082500,0.060000,0.002500,0.005000,0.015000,0
CA,93276,KERN,0.082500,0.060000,0.002500,0.000000,0.020000,0
CA,93277,VISALIA,0.085000,0.060000,0.002500,0.007500,0.015000,0
CA,93278,VISALIA,0.085000,0.060000,0.002500,0.007500,0.015000,0
CA,93279,VISALIA,0.085000,0.060000,0.002500,0.007500,0.015000,0
CA,93280,WASCO,0.082500,0.060000,0.002500,0.010000,0.010000,0
CA,93282,TULARE CO LOCAL TAX SL,0.077500,0.060000,0.002500,0.000000,0.015000,0
CA,93283,KERN,0.082500,0.060000,0.002500,0.000000,0.020000,0
CA,93285,KERN,0.082500,0.060000,0.002500,0.000000,0.020000,0
CA,93286,WOODLAKE,0.087500,0.060000,0.002500,0.010000,0.015000,0
CA,93287,KERN,0.082500,0.060000,0.002500,0.000000,0.020000,0
CA,93290,VISALIA,0.085000,0.060000,0.002500,0.007500,0.015000,0
CA,93291,VISALIA,0.085000,0.060000,0.002500,0.007500,0.015000,0
CA,93292,FARMERSVILLE,0.087500,0.060000,0.002500,0.010000,0.015000,0
CA,93301,BAKERSFIELD,0.082500,0.060000,0.002500,0.010000,0.010000,0
CA,93302,BAKERSFIELD,0.082500,0.060000,0.002500,0.010000,0.010000,0
CA,93303,BAKERSFIELD,0.082500,0.060000,0.002500,0.010000,0.010000,0
CA,93304,BAKERSFIELD,0.082500,0.060000,0.002500,0.010000,0.010000,0
CA,93305,BAKERSFIELD,0.082500,0.060000,0.002500,0.010000,0.010000,0
CA,93306,BAKERSFIELD,0.082500,0.060000,0.002500,0.010000,0.010000,0
CA,93307,BAKERSFIELD,0.082500,0.060000,0.002500,0.010000,0.010000,0
CA,93308,BAKERSFIELD,0.082500,0.060000,0.002500,0.010000,0.010000,0
CA,93309,BAKERSFIELD,0.082500,0.060000,0.002500,0.010000,0.010000,0
CA,93311,BAKERSFIELD,0.082500,0.060000,0.002500,0.010000,0.010000,0
CA,93312,BAKERSFIELD,0.082500,0.060000,0.002500,0.010000,0.010000,0
CA,93313,BAKERSFIELD,0.082500,0.060000,0.002500,0.010000,0.010000,0
CA,93314,BAKERSFIELD,0.082500,0.060000,0.002500,0.010000,0.010000,0
CA,93380,KERN,0.082500,0.060000,0.002500,0.000000,0.020000,0
CA,93383,BAKERSFIELD,0.082500,0.060000,0.002500,0.010000,0.010000,0
CA,93384,BAKERSFIELD,0.082500,0.060000,0.002500,0.010000,0.010000,0
CA,93385,BAKERSFIELD,0.082500,0.060000,0.002500,0.010000,0.010000,0
CA,93386,KERN,0.082500,0.060000,0.002500,0.000000,0.020000,0
CA,93387,BAKERSFIELD,0.082500,0.060000,0.002500,0.010000,0.010000,0
CA,93388,BAKERSFIELD,0.082500,0.060000,0.002500,0.010000,0.010000,0
CA,93389,BAKERSFIELD,0.082500,0.060000,0.002500,0.010000,0.010000,0
CA,93390,BAKERSFIELD,0.082500,0.060000,0.002500,0.010000,0.010000,0
CA,93401,SAN LUIS OBISPO,0.087500,0.060000,0.002500,0.015000,0.010000,0
CA,93402,SAN LUIS OBISPO COUNTY TOURISM BUSINESS IMPROVEMENT DISTRICT,0.072500,0.060000,0.002500,0.000000,0.010000,0
CA,93403,SAN LUIS OBISPO,0.087500,0.060000,0.002500,0.015000,0.010000,0
CA,93405,SAN LUIS OBISPO,0.087500,0.060000,0.002500,0.015000,0.010000,0
CA,93406,SAN LUIS OBISPO,0.087500,0.060000,0.002500,0.015000,0.010000,0
CA,93407,SAN LUIS OBISPO COUNTY TOURISM BUSINESS IMPROVEMENT DISTRICT,0.072500,0.060000,0.002500,0.000000,0.010000,0
CA,93408,SAN LUIS OBISPO,0.087500,0.060000,0.002500,0.015000,0.010000,0
CA,93409,SAN LUIS OBISPO COUNTY TOURISM BUSINESS IMPROVEMENT DISTRICT,0.072500,0.060000,0.002500,0.000000,0.010000,0
CA,93410,ARROYO GRANDE TOURISM BUSINESS IMPROVEMENT DISTRICT,0.087500,0.060000,0.002500,0.015000,0.010000,0
CA,93412,SAN LUIS OBISPO COUNTY TOURISM BUSINESS IMPROVEMENT DISTRICT,0.072500,0.060000,0.002500,0.000000,0.010000,0
CA,93420,ARROYO GRANDE TOURISM BUSINESS IMPROVEMENT DISTRICT,0.087500,0.060000,0.002500,0.015000,0.010000,0
CA,93421,ARROYO GRANDE TOURISM BUSINESS IMPROVEMENT DISTRICT,0.087500,0.060000,0.002500,0.015000,0.010000,0
CA,93422,ATASCADERO TOURISM BUSINESS IMPROVEMENT DISTRICT,0.087500,0.060000,0.002500,0.015000,0.010000,0
CA,93423,ATASCADERO TOURISM BUSINESS IMPROVEMENT DISTRICT,0.087500,0.060000,0.002500,0.015000,0.010000,0
CA,93424,SAN LUIS OBISPO COUNTY TOURISM BUSINESS IMPROVEMENT DISTRICT,0.072500,0.060000,0.002500,0.000000,0.010000,0
CA,93426,MONTEREY COUNTY TOURISM IMPROVEMENT DISTRICT,0.087500,0.060000,0.002500,0.000000,0.025000,0
CA,93427,BUELLTON,0.077500,0.060000,0.002500,0.000000,0.015000,0
CA,93428,SAN LUIS OBISPO,0.072500,0.060000,0.002500,0.000000,0.010000,0
CA,93429,SANTA BARBARA COUNTY DISTRICT TAX SP,0.077500,0.060000,0.002500,0.000000,0.015000,0
CA,93430,SAN LUIS OBISPO,0.072500,0.060000,0.002500,0.000000,0.010000,0
CA,93432,SAN LUIS OBISPO,0.072500,0.060000,0.002500,0.000000,0.010000,0
CA,93433,GROVER BEACH,0.087500,0.060000,0.002500,0.015000,0.010000,0
CA,93434,GUADALUPE,0.087500,0.060000,0.002500,0.010000,0.015000,0
CA,93435,SAN LUIS OBISPO COUNTY TOURISM BUSINESS IMPROVEMENT DISTRICT,0.072500,0.060000,0.002500,0.000000,0.010000,0
CA,93436,LOMPOC TOURISM IMPROVEMENT DISTRICT,0.087500,0.060000,0.002500,0.010000,0.015000,0
CA,93437,LOMPOC TOURISM IMPROVEMENT DISTRICT,0.087500,0.060000,0.002500,0.010000,0.015000,0
CA,93438,LOMPOC TOURISM IMPROVEMENT DISTRICT,0.087500,0.060000,0.002500,0.010000,0.015000,0
CA,93440,SANTA YNEZ VALLEY TOURISM BUSINESS IMPROVEMENT DISTRICT,0.077500,0.060000,0.002500,0.000000,0.015000,0
CA,93441,SANTA BARBARA COUNTY DISTRICT TAX SP,0.077500,0.060000,0.002500,0.000000,0.015000,0
CA,93442,MORRO BAY TOURISM BUSINESS IMPROVEMENT DISTRICT,0.087500,0.060000,0.002500,0.015000,0.010000,0
CA,93443,MORRO BAY TOURISM BUSINESS IMPROVEMENT DISTRICT,0.087500,0.060000,0.002500,0.015000,0.010000,0
CA,93444,SAN LUIS OBISPO COUNTY TOURISM BUSINESS IMPROVEMENT DISTRICT,0.072500,0.060000,0.002500,0.000000,0.010000,0
CA,93445,GROVER BEACH,0.087500,0.060000,0.002500,0.015000,0.010000,0
CA,93446,PASO ROBLES TOURISM BUSINESS IMPROVEMENT DISTRICT,0.087500,0.060000,0.002500,0.015000,0.010000,0
CA,93447,PASO ROBLES TOURISM BUSINESS IMPROVEMENT DISTRICT,0.087500,0.060000,0.002500,0.015000,0.010000,0
CA,93448,PISMO BEACH LODGING BUSINESS IMPROVEMENT DISTRICT,0.082500,0.060000,0.002500,0.010000,0.010000,0
CA,93449,PISMO BEACH LODGING BUSINESS IMPROVEMENT DISTRICT,0.082500,0.060000,0.002500,0.010000,0.010000,0
CA,93450,MONTEREY COUNTY TOURISM IMPROVEMENT DISTRICT,0.087500,0.060000,0.002500,0.000000,0.025000,0
CA,93451,MONTEREY COUNTY TOURISM IMPROVEMENT DISTRICT,0.087500,0.060000,0.002500,0.000000,0.025000,0
CA,93452,SAN LUIS OBISPO COUNTY TOURISM BUSINESS IMPROVEMENT DISTRICT,0.072500,0.060000,0.002500,0.000000,0.010000,0
CA,93453,SAN LUIS OBISPO,0.072500,0.060000,0.002500,0.000000,0.010000,0
CA,93454,SANTA MARIA,0.087500,0.060000,0.002500,0.010000,0.015000,0
CA,93455,SANTA MARIA,0.087500,0.060000,0.002500,0.010000,0.015000,0
CA,93456,SANTA MARIA,0.087500,0.060000,0.002500,0.010000,0.015000,0
CA,93457,SANTA BARBARA COUNTY DISTRICT TAX SP,0.077500,0.060000,0.002500,0.000000,0.015000,0
CA,93458,SANTA MARIA,0.087500,0.060000,0.002500,0.010000,0.015000,0
CA,93460,SANTA YNEZ VALLEY TOURISM BUSINESS IMPROVEMENT DISTRICT,0.077500,0.060000,0.002500,0.000000,0.015000,0
CA,93461,KERN,0.082500,0.060000,0.002500,0.000000,0.020000,0
CA,93463,SOLVANG,0.087500,0.060000,0.002500,0.010000,0.015000,0
CA,93464,SOLVANG,0.087500,0.060000,0.002500,0.010000,0.015000,0
CA,93465,SAN LUIS OBISPO,0.072500,0.060000,0.002500,0.000000,0.010000,0
CA,93475,SAN LUIS OBISPO COUNTY TOURISM BUSINESS IMPROVEMENT DISTRICT,0.072500,0.060000,0.002500,0.000000,0.010000,0
CA,93483,GROVER BEACH,0.087500,0.060000,0.002500,0.015000,0.010000,0
CA,93501,KERN,0.082500,0.060000,0.002500,0.000000,0.020000,0
CA,93502,KERN,0.082500,0.060000,0.002500,0.000000,0.020000,0
CA,93504,CALIFORNIA CITY,0.082500,0.060000,0.002500,0.010000,0.010000,0
CA,93505,CALIFORNIA CITY,0.082500,0.060000,0.002500,0.010000,0.010000,0
CA,93510,LOS ANGELES,0.097500,0.060000,0.002500,0.000000,0.035000,0
CA,93512,MONO,0.072500,0.060000,0.002500,0.000000,0.010000,0
CA,93513,INYO COUNTY DISTRICT TAX SP,0.077500,0.060000,0.002500,0.000000,0.015000,0
CA,93514,BISHOP TOURISM IMPROVEMENT DISTRICT,0.087500,0.060000,0.002500,0.010000,0.015000,0
CA,93515,BISHOP TOURISM IMPROVEMENT DISTRICT,0.087500,0.060000,0.002500,0.010000,0.015000,0
CA,93516,KERN,0.082500,0.060000,0.002500,0.000000,0.020000,0
CA,93517,MONO,0.072500,0.060000,0.002500,0.000000,0.010000,0
CA,93518,KERN,0.082500,0.060000,0.002500,0.000000,0.020000,0
CA,93519,KERN,0.082500,0.060000,0.002500,0.000000,0.020000,0
CA,93522,INYO COUNTY DISTRICT TAX SP,0.077500,0.060000,0.002500,0.000000,0.015000,0
CA,93523,KERN,0.082500,0.060000,0.002500,0.000000,0.020000,0
CA,93524,KERN,0.082500,0.060000,0.002500,0.000000,0.020000,0
CA,93526,INYO COUNTY DISTRICT TAX SP,0.077500,0.060000,0.002500,0.000000,0.015000,0
CA,93527,KERN,0.082500,0.060000,0.002500,0.000000,0.020000,0
CA,93528,KERN,0.082500,0.060000,0.002500,0.000000,0.020000,0
CA,93529,MONO,0.072500,0.060000,0.002500,0.000000,0.010000,0
CA,93530,INYO COUNTY DISTRICT TAX SP,0.077500,0.060000,0.002500,0.000000,0.015000,0
CA,93531,KERN,0.082500,0.060000,0.002500,0.000000,0.020000,0
CA,93532,LOS ANGELES,0.097500,0.060000,0.002500,0.000000,0.035000,0
CA,93534,PALMDALE,0.112500,0.060000,0.002500,0.015000,0.035000,0
CA,93535,PALMDALE,0.112500,0.060000,0.002500,0.015000,0.035000,0
CA,93536,PALMDALE,0.112500,0.060000,0.002500,0.015000,0.035000,0
CA,93539,LANCASTER TOURISM BUSINESS IMPROVEMENT DISTRICT,0.112500,0.060000,0.002500,0.015000,0.035000,0
CA,93541,MONO,0.072500,0.060000,0.002500,0.000000,0.010000,0
CA,93542,INYO COUNTY DISTRICT TAX SP,0.077500,0.060000,0.002500,0.000000,0.015000,0
CA,93543,PALMDALE,0.112500,0.060000,0.002500,0.015000,0.035000,0
CA,93544,LOS ANGELES,0.097500,0.060000,0.002500,0.000000,0.035000,0
CA,93545,INYO COUNTY DISTRICT TAX SP,0.077500,0.060000,0.002500,0.000000,0.015000,0
CA,93546,MAMMOTH LAKES TOURISM BUSINESS IMPROVEMENT DISTRICT,0.077500,0.060000,0.002500,0.005000,0.010000,0
CA,93549,INYO COUNTY DISTRICT TAX SP,0.077500,0.060000,0.002500,0.000000,0.015000,0
CA,93550,PALMDALE,0.112500,0.060000,0.002500,0.015000,0.035000,0
CA,93551,PALMDALE,0.112500,0.060000,0.002500,0.015000,0.035000,0
CA,93552,PALMDALE,0.112500,0.060000,0.002500,0.015000,0.035000,0
CA,93553,LOS ANGELES,0.097500,0.060000,0.002500,0.000000,0.035000,0
CA,93554,KERN,0.082500,0.060000,0.002500,0.000000,0.020000,0
CA,93555,RIDGECREST,0.092500,0.060000,0.002500,0.020000,0.010000,0
CA,93556,RIDGECREST,0.092500,0.060000,0.002500,0.020000,0.010000,0
CA,93558,RIDGECREST,0.092500,0.060000,0.002500,0.020000,0.010000,0
CA,93560,LANCASTER TOURISM BUSINESS IMPROVEMENT DISTRICT,0.112500,0.060000,0.002500,0.015000,0.035000,0
CA,93561,KERN,0.082500,0.060000,0.002500,0.000000,0.020000,0
CA,93562,SAN BERNARDINO,0.077500,0.060000,0.002500,0.000000,0.015000,0
CA,93563,LOS ANGELES,0.097500,0.060000,0.002500,0.000000,0.035000,0
CA,93581,TEHACHAPI,0.082500,0.060000,0.002500,0.010000,0.010000,0
CA,93584,LANCASTER TOURISM BUSINESS IMPROVEMENT DISTRICT,0.112500,0.060000,0.002500,0.015000,0.035000,0
CA,93586,LOS ANGELES,0.097500,0.060000,0.002500,0.000000,0.035000,0
CA,93590,PALMDALE,0.112500,0.060000,0.002500,0.015000,0.035000,0
CA,93591,PALMDALE,0.112500,0.060000,0.002500,0.015000,0.035000,0
CA,93592,INYO COUNTY DISTRICT TAX SP,0.077500,0.060000,0.002500,0.000000,0.015000,0
CA,93596,KERN,0.082500,0.060000,0.002500,0.000000,0.020000,0
CA,93599,PALMDALE,0.112500,0.060000,0.002500,0.015000,0.035000,0
CA,93601,MARIPOSA,0.082500,0.060000,0.002500,0.000000,0.020000,0
CA,93602,FRESNO CO LOCAL TAX SL,0.079750,0.060000,0.002500,0.000000,0.017250,0
CA,93603,FRESNO CO LOCAL TAX SL,0.079750,0.060000,0.002500,0.000000,0.017250,0
CA,93604,MADERA COUNTY TOURISM BUSINESS IMPROVEMENT DISTRICT,0.077500,0.060000,0.002500,0.000000,0.015000,0
CA,93605,FRESNO CO LOCAL TAX SL,0.079750,0.060000,0.002500,0.000000,0.017250,0
CA,93606,FRESNO CO LOCAL TAX SL,0.079750,0.060000,0.002500,0.000000,0.017250,0
CA,93607,FRESNO CO LOCAL TAX SL,0.079750,0.060000,0.002500,0.000000,0.017250,0
CA,93608,FRESNO CO LOCAL TAX SL,0.079750,0.060000,0.002500,0.000000,0.017250,0
CA,93609,FRESNO CO LOCAL TAX SL,0.079750,0.060000,0.002500,0.000000,0.017250,0
CA,93610,CHOWCHILLA,0.087500,0.060000,0.002500,0.010000,0.015000,0
CA,93611,CLOVIS,0.089750,0.060000,0.002500,0.010000,0.017250,0
CA,93612,CLOVIS,0.089750,0.060000,0.002500,0.010000,0.017250,0
CA,93613,CLOVIS,0.089750,0.060000,0.002500,0.010000,0.017250,0
CA,93614,MADERA COUNTY TOURISM BUSINESS IMPROVEMENT DISTRICT,0.077500,0.060000,0.002500,0.000000,0.015000,0
CA,93615,TULARE CO LOCAL TAX SL,0.077500,0.060000,0.002500,0.000000,0.015000,0
CA,93616,FRESNO CO LOCAL TAX SL,0.079750,0.060000,0.002500,0.000000,0.017250,0
CA,93618,DINUBA,0.085000,0.060000,0.002500,0.007500,0.015000,0
CA,93619,CLOVIS,0.089750,0.060000,0.002500,0.010000,0.017250,0
CA,93620,MERCED,0.082500,0.060000,0.002500,0.005000,0.015000,0
CA,93621,FRESNO CO LOCAL TAX SL,0.079750,0.060000,0.002500,0.000000,0.017250,0
CA,93622,FIREBAUGH,0.079750,0.060000,0.002500,0.000000,0.017250,0
CA,93623,MARIPOSA,0.082500,0.060000,0.002500,0.000000,0.020000,0
CA,93624,FRESNO CO LOCAL TAX SL,0.079750,0.060000,0.002500,0.000000,0.017250,0
CA,93625,FOWLER,0.089750,0.060000,0.002500,0.010000,0.017250,0
CA,93626,FRESNO CO LOCAL TAX SL,0.079750,0.060000,0.002500,0.000000,0.017250,0
CA,93627,FRESNO CO LOCAL TAX SL,0.079750,0.060000,0.002500,0.000000,0.017250,0
CA,93628,FRESNO CO LOCAL TAX SL,0.079750,0.060000,0.002500,0.000000,0.017250,0
CA,93630,KERMAN,0.089750,0.060000,0.002500,0.010000,0.017250,0
CA,93631,KINGSBURG,0.089750,0.060000,0.002500,0.010000,0.017250,0
CA,93633,FRESNO CO LOCAL TAX SL,0.079750,0.060000,0.002500,0.000000,0.017250,0
CA,93634,FRESNO CO LOCAL TAX SL,0.079750,0.060000,0.002500,0.000000,0.017250,0
CA,93635,LOS BANOS,0.087500,0.060000,0.002500,0.010000,0.015000,0
CA,93636,MADERA,0.082500,0.060000,0.002500,0.005000,0.015000,0
CA,93637,MADERA,0.082500,0.060000,0.002500,0.005000,0.015000,0
CA,93638,MADERA,0.082500,0.060000,0.002500,0.005000,0.015000,0
CA,93639,MADERA,0.082500,0.060000,0.002500,0.005000,0.015000,0
CA,93640,MENDOTA,0.092250,0.060000,0.002500,0.012500,0.017250,0
CA,93641,FRESNO CO LOCAL TAX SL,0.079750,0.060000,0.002500,0.000000,0.017250,0
CA,93642,FRESNO CO LOCAL TAX SL,0.079750,0.060000,0.002500,0.000000,0.017250,0
CA,93643,MADERA COUNTY TOURISM BUSINESS IMPROVEMENT DISTRICT,0.077500,0.060000,0.002500,0.000000,0.015000,0
CA,93644,MADERA COUNTY TOURISM BUSINESS IMPROVEMENT DISTRICT,0.077500,0.060000,0.002500,0.000000,0.015000,0
CA,93645,MADERA COUNTY TOURISM BUSINESS IMPROVEMENT DISTRICT,0.077500,0.060000,0.002500,0.000000,0.015000,0
CA,93646,ORANGE COVE,0.079750,0.060000,0.002500,0.000000,0.017250,0
CA,93647,FRESNO CO LOCAL TAX SL,0.079750,0.060000,0.002500,0.000000,0.017250,0
CA,93648,PARLIER,0.089750,0.060000,0.002500,0.010000,0.017250,0
CA,93649,REEDLEY,0.092250,0.060000,0.002500,0.012500,0.017250,0
CA,93650,FRESNO,0.083500,0.060000,0.002500,0.003750,0.017250,0
CA,93651,FRESNO CO LOCAL TAX SL,0.079750,0.060000,0.002500,0.000000,0.017250,0
CA,93652,FRESNO CO LOCAL TAX SL,0.079750,0.060000,0.002500,0.000000,0.017250,0
CA,93653,MARIPOSA,0.082500,0.060000,0.002500,0.000000,0.020000,0
CA,93654,REEDLEY,0.092250,0.060000,0.002500,0.012500,0.017250,0
CA,93656,FRESNO CO LOCAL TAX SL,0.079750,0.060000,0.002500,0.000000,0.017250,0
CA,93657,SANGER,0.087250,0.060000,0.002500,0.007500,0.017250,0
CA,93660,SAN JOAQUIN,0.079750,0.060000,0.002500,0.000000,0.017250,0
CA,93661,MERCED,0.082500,0.060000,0.002500,0.005000,0.015000,0
CA,93662,PARLIER,0.089750,0.060000,0.002500,0.010000,0.017250,0
CA,93664,FRESNO CO LOCAL TAX SL,0.079750,0.060000,0.002500,0.000000,0.017250,0
CA,93665,MERCED,0.082500,0.060000,0.002500,0.005000,0.015000,0
CA,93666,DINUBA,0.085000,0.060000,0.002500,0.007500,0.015000,0
CA,93667,FRESNO CO LOCAL TAX SL,0.079750,0.060000,0.002500,0.000000,0.017250,0
CA,93668,FRESNO CO LOCAL TAX SL,0.079750,0.060000,0.002500,0.000000,0.017250,0
CA,93669,MADERA COUNTY TOURISM BUSINESS IMPROVEMENT DISTRICT,0.077500,0.060000,0.002500,0.000000,0.015000,0
CA,93670,TULARE CO LOCAL TAX SL,0.077500,0.060000,0.002500,0.000000,0.015000,0
CA,93673,TULARE CO LOCAL TAX SL,0.077500,0.060000,0.002500,0.000000,0.015000,0
CA,93675,FRESNO CO LOCAL TAX SL,0.079750,0.060000,0.002500,0.000000,0.017250,0
CA,93701,KINGSBURG,0.089750,0.060000,0.002500,0.010000,0.017250,0
CA,93702,FRESNO,0.083500,0.060000,0.002500,0.003750,0.017250,0
CA,93703,FRESNO,0.083500,0.060000,0.002500,0.003750,0.017250,0
CA,93704,FRESNO,0.083500,0.060000,0.002500,0.003750,0.017250,0
CA,93705,FRESNO,0.083500,0.060000,0.002500,0.003750,0.017250,0
CA,93706,FRESNO,0.083500,0.060000,0.002500,0.003750,0.017250,0
CA,93707,FRESNO,0.083500,0.060000,0.002500,0.003750,0.017250,0
CA,93708,FRESNO,0.083500,0.060000,0.002500,0.003750,0.017250,0
CA,93709,FRESNO,0.083500,0.060000,0.002500,0.003750,0.017250,0
CA,93710,FRESNO,0.083500,0.060000,0.002500,0.003750,0.017250,0
CA,93711,FRESNO,0.083500,0.060000,0.002500,0.003750,0.017250,0
CA,93712,FRESNO,0.083500,0.060000,0.002500,0.003750,0.017250,0
CA,93714,FRESNO,0.083500,0.060000,0.002500,0.003750,0.017250,0
CA,93715,FRESNO,0.083500,0.060000,0.002500,0.003750,0.017250,0
CA,93716,FRESNO,0.083500,0.060000,0.002500,0.003750,0.017250,0
CA,93717,FRESNO,0.083500,0.060000,0.002500,0.003750,0.017250,0
CA,93718,FRESNO,0.083500,0.060000,0.002500,0.003750,0.017250,0
CA,93720,FRESNO,0.083500,0.060000,0.002500,0.003750,0.017250,0
CA,93721,FRESNO,0.083500,0.060000,0.002500,0.003750,0.017250,0
CA,93722,FRESNO,0.083500,0.060000,0.002500,0.003750,0.017250,0
CA,93723,FRESNO,0.083500,0.060000,0.002500,0.003750,0.017250,0
CA,93724,FRESNO,0.083500,0.060000,0.002500,0.003750,0.017250,0
CA,93725,FRESNO,0.083500,0.060000,0.002500,0.003750,0.017250,0
CA,93726,FRESNO,0.083500,0.060000,0.002500,0.003750,0.017250,0
CA,93727,FRESNO,0.083500,0.060000,0.002500,0.003750,0.017250,0
CA,93728,FRESNO,0.083500,0.060000,0.002500,0.003750,0.017250,0
CA,93729,FRESNO,0.083500,0.060000,0.002500,0.003750,0.017250,0
CA,93730,FRESNO,0.083500,0.060000,0.002500,0.003750,0.017250,0
CA,93737,CLOVIS,0.089750,0.060000,0.002500,0.010000,0.017250,0
CA,93740,FRESNO,0.083500,0.060000,0.002500,0.003750,0.017250,0
CA,93741,FRESNO,0.083500,0.060000,0.002500,0.003750,0.017250,0
CA,93744,FRESNO,0.083500,0.060000,0.002500,0.003750,0.017250,0
CA,93745,FRESNO,0.083500,0.060000,0.002500,0.003750,0.017250,0
CA,93747,FRESNO,0.083500,0.060000,0.002500,0.003750,0.017250,0
CA,93750,FRESNO,0.083500,0.060000,0.002500,0.003750,0.017250,0
CA,93755,FRESNO,0.083500,0.060000,0.002500,0.003750,0.017250,0
CA,93760,FRESNO,0.083500,0.060000,0.002500,0.003750,0.017250,0
CA,93761,FRESNO,0.083500,0.060000,0.002500,0.003750,0.017250,0
CA,93764,FRESNO,0.083500,0.060000,0.002500,0.003750,0.017250,0
CA,93765,FRESNO,0.083500,0.060000,0.002500,0.003750,0.017250,0
CA,93771,FRESNO,0.083500,0.060000,0.002500,0.003750,0.017250,0
CA,93772,FRESNO,0.083500,0.060000,0.002500,0.003750,0.017250,0
CA,93773,FRESNO,0.083500,0.060000,0.002500,0.003750,0.017250,0
CA,93774,FRESNO,0.083500,0.060000,0.002500,0.003750,0.017250,0
CA,93775,FRESNO,0.083500,0.060000,0.002500,0.003750,0.017250,0
CA,93776,FRESNO,0.083500,0.060000,0.002500,0.003750,0.017250,0
CA,93777,FRESNO,0.083500,0.060000,0.002500,0.003750,0.017250,0
CA,93778,FRESNO,0.083500,0.060000,0.002500,0.003750,0.017250,0
CA,93779,FRESNO,0.083500,0.060000,0.002500,0.003750,0.017250,0
CA,93786,FRESNO,0.083500,0.060000,0.002500,0.003750,0.017250,0
CA,93790,FRESNO,0.083500,0.060000,0.002500,0.003750,0.017250,0
CA,93791,FRESNO,0.083500,0.060000,0.002500,0.003750,0.017250,0
CA,93792,FRESNO,0.083500,0.060000,0.002500,0.003750,0.017250,0
CA,93793,FRESNO,0.083500,0.060000,0.002500,0.003750,0.017250,0
CA,93794,FRESNO,0.083500,0.060000,0.002500,0.003750,0.017250,0
CA,93844,FRESNO,0.083500,0.060000,0.002500,0.003750,0.017250,0
CA,93888,FRESNO,0.083500,0.060000,0.002500,0.003750,0.017250,0
CA,93901,SALINAS,0.092500,0.060000,0.002500,0.015000,0.015000,0
CA,93902,SALINAS,0.092500,0.060000,0.002500,0.015000,0.015000,0
CA,93905,SALINAS,0.092500,0.060000,0.002500,0.015000,0.015000,0
CA,93906,SALINAS,0.092500,0.060000,0.002500,0.015000,0.015000,0
CA,93907,SALINAS,0.092500,0.060000,0.002500,0.015000,0.015000,0
CA,93908,SALINAS,0.092500,0.060000,0.002500,0.015000,0.015000,0
CA,93912,SALINAS,0.092500,0.060000,0.002500,0.015000,0.015000,0
CA,93915,SALINAS,0.092500,0.060000,0.002500,0.015000,0.015000,0
CA,93920,MONTEREY COUNTY TOURISM IMPROVEMENT DISTRICT,0.087500,0.060000,0.002500,0.000000,0.025000,0
CA,93921,CARMEL BY THE SEA,0.092500,0.060000,0.002500,0.015000,0.015000,0
CA,93922,MONTEREY COUNTY TOURISM IMPROVEMENT DISTRICT,0.087500,0.060000,0.002500,0.000000,0.025000,0
CA,93923,CARMEL BY THE SEA,0.092500,0.060000,0.002500,0.015000,0.015000,0
CA,93924,MONTEREY COUNTY TOURISM IMPROVEMENT DISTRICT,0.087500,0.060000,0.002500,0.000000,0.025000,0
CA,93925,MONTEREY COUNTY TOURISM IMPROVEMENT DISTRICT,0.087500,0.060000,0.002500,0.000000,0.025000,0
CA,93926,MONTEREY COUNTY TOURISM IMPROVEMENT DISTRICT,0.087500,0.060000,0.002500,0.000000,0.025000,0
CA,93927,GREENFIELD,0.095000,0.060000,0.002500,0.017500,0.015000,0
CA,93928,MONTEREY COUNTY TOURISM IMPROVEMENT DISTRICT,0.087500,0.060000,0.002500,0.000000,0.025000,0
CA,93930,MONTEREY COUNTY TOURISM IMPROVEMENT DISTRICT,0.087500,0.060000,0.002500,0.000000,0.025000,0
CA,93932,MONTEREY COUNTY TOURISM IMPROVEMENT DISTRICT,0.087500,0.060000,0.002500,0.000000,0.025000,0
CA,93933,MARINA,0.092500,0.060000,0.002500,0.015000,0.015000,0
CA,93940,MONTEREY,0.092500,0.060000,0.002500,0.015000,0.015000,0
CA,93942,MONTEREY,0.092500,0.060000,0.002500,0.015000,0.015000,0
CA,93943,MONTEREY,0.092500,0.060000,0.002500,0.015000,0.015000,0
CA,93944,MONTEREY,0.092500,0.060000,0.002500,0.015000,0.015000,0
CA,93950,PACIFIC GROVE HOSPITALITY IMPROVEMENT DISTRICT,0.092500,0.060000,0.002500,0.015000,0.015000,0
CA,93953,MONTEREY,0.092500,0.060000,0.002500,0.015000,0.015000,0
CA,93954,MONTEREY COUNTY TOURISM IMPROVEMENT DISTRICT,0.087500,0.060000,0.002500,0.000000,0.025000,0
CA,93955,MARINA,0.092500,0.060000,0.002500,0.015000,0.015000,0
CA,93960,SOLEDAD,0.092500,0.060000,0.002500,0.015000,0.015000,0
CA,93962,MONTEREY COUNTY TOURISM IMPROVEMENT DISTRICT,0.087500,0.060000,0.002500,0.000000,0.025000,0
CA,94002,BELMONT,0.098750,0.060000,0.002500,0.005000,0.031250,0
CA,94005,BRISBANE,0.098750,0.060000,0.002500,0.005000,0.031250,0
CA,94010,BURLINGAME,0.096250,0.060000,0.002500,0.002500,0.031250,0
CA,94011,BURLINGAME,0.096250,0.060000,0.002500,0.002500,0.031250,0
CA,94014,COLMA,0.098750,0.060000,0.002500,0.005000,0.031250,0
CA,94015,SOUTH SAN FRANCISCO,0.098750,0.060000,0.002500,0.005000,0.031250,0
CA,94016,DALY CITY,0.098750,0.060000,0.002500,0.005000,0.031250,0
CA,94017,DALY CITY,0.098750,0.060000,0.002500,0.005000,0.031250,0
CA,94018,HALF MOON BAY HOTEL BUSINESS IMPROVEMENT DISTRICT,0.093750,0.060000,0.002500,0.000000,0.031250,0
CA,94019,HALF MOON BAY,0.098750,0.060000,0.002500,0.005000,0.031250,0
CA,94020,PALO ALTO,0.097500,0.060000,0.002500,0.000000,0.035000,0
CA,94021,SAN FRANCISCO PENINSULA TMD,0.093750,0.060000,0.002500,0.000000,0.031250,0
CA,94022,LOS ALTOS,0.097500,0.060000,0.002500,0.000000,0.035000,0
CA,94023,LOS ALTOS,0.097500,0.060000,0.002500,0.000000,0.035000,0
CA,94024,CUPERTINO,0.097500,0.060000,0.002500,0.000000,0.035000,0
CA,94025,EAST PALO ALTO,0.098750,0.060000,0.002500,0.005000,0.031250,0
CA,94026,MENLO PARK,0.093750,0.060000,0.002500,0.000000,0.031250,0
CA,94027,SAN FRANCISCO PENINSULA TMD,0.093750,0.060000,0.002500,0.000000,0.031250,0
CA,94028,PALO ALTO,0.097500,0.060000,0.002500,0.000000,0.035000,0
CA,94030,SAN BRUNO,0.098750,0.060000,0.002500,0.005000,0.031250,0
CA,94035,SANTA CLARA CO LOCAL TAX SL,0.097500,0.060000,0.002500,0.000000,0.035000,0
CA,94037,HALF MOON BAY HOTEL BUSINESS IMPROVEMENT DISTRICT,0.093750,0.060000,0.002500,0.000000,0.031250,0
CA,94038,SAN FRANCISCO PENINSULA TMD,0.093750,0.060000,0.002500,0.000000,0.031250,0
CA,94039,MOUNTAIN VIEW,0.097500,0.060000,0.002500,0.000000,0.035000,0
CA,94040,LOS ALTOS,0.097500,0.060000,0.002500,0.000000,0.035000,0
CA,94041,MOUNTAIN VIEW,0.097500,0.060000,0.002500,0.000000,0.035000,0
CA,94042,MOUNTAIN VIEW,0.097500,0.060000,0.002500,0.000000,0.035000,0
CA,94043,MOUNTAIN VIEW,0.097500,0.060000,0.002500,0.000000,0.035000,0
CA,94044,PACIFICA HOTEL BUSINESS IMPROVEMENT DISTRICT,0.098750,0.060000,0.002500,0.005000,0.031250,0
CA,94060,SANTA CRUZ,0.095000,0.060000,0.002500,0.000000,0.032500,0
CA,94061,REDWOOD CITY,0.098750,0.060000,0.002500,0.005000,0.031250,0
CA,94062,REDWOOD CITY,0.098750,0.060000,0.002500,0.005000,0.031250,0
CA,94063,REDWOOD CITY,0.098750,0.060000,0.002500,0.005000,0.031250,0
CA,94064,REDWOOD CITY,0.098750,0.060000,0.002500,0.005000,0.031250,0
CA,94065,REDWOOD CITY,0.098750,0.060000,0.002500,0.005000,0.031250,0
CA,94066,SAN BRUNO,0.098750,0.060000,0.002500,0.005000,0.031250,0
CA,94070,BELMONT,0.098750,0.060000,0.002500,0.005000,0.031250,0
CA,94074,SAN FRANCISCO PENINSULA TMD,0.093750,0.060000,0.002500,0.000000,0.031250,0
CA,94080,SOUTH SAN FRANCISCO,0.098750,0.060000,0.002500,0.005000,0.031250,0
CA,94083,SOUTH SAN FRANCISCO,0.098750,0.060000,0.002500,0.005000,0.031250,0
CA,94085,SUNNYVALE,0.097500,0.060000,0.002500,0.000000,0.035000,0
CA,94086,SUNNYVALE,0.097500,0.060000,0.002500,0.000000,0.035000,0
CA,94087,CUPERTINO,0.097500,0.060000,0.002500,0.000000,0.035000,0
CA,94088,SUNNYVALE,0.097500,0.060000,0.002500,0.000000,0.035000,0
CA,94089,SUNNYVALE,0.097500,0.060000,0.002500,0.000000,0.035000,0
CA,94102,SAN FRANCISCO TOURISM IMPROVEMENT DISTRICT,0.086250,0.060000,0.002500,0.000000,0.023750,0
CA,94103,SAN FRANCISCO TOURISM IMPROVEMENT DISTRICT,0.086250,0.060000,0.002500,0.000000,0.023750,0
CA,94104,SAN FRANCISCO TOURISM IMPROVEMENT DISTRICT,0.086250,0.060000,0.002500,0.000000,0.023750,0
CA,94105,SAN FRANCISCO TOURISM IMPROVEMENT DISTRICT,0.086250,0.060000,0.002500,0.000000,0.023750,0
CA,94107,SAN FRANCISCO TOURISM IMPROVEMENT DISTRICT,0.086250,0.060000,0.002500,0.000000,0.023750,0
CA,94108,SAN FRANCISCO TOURISM IMPROVEMENT DISTRICT,0.086250,0.060000,0.002500,0.000000,0.023750,0
CA,94109,SOUTH SAN FRANCISCO,0.098750,0.060000,0.002500,0.005000,0.031250,0
CA,94110,SAN FRANCISCO TOURISM IMPROVEMENT DISTRICT,0.086250,0.060000,0.002500,0.000000,0.023750,0
CA,94111,SAN FRANCISCO TOURISM IMPROVEMENT DISTRICT,0.086250,0.060000,0.002500,0.000000,0.023750,0
CA,94112,DALY CITY,0.098750,0.060000,0.002500,0.005000,0.031250,0
CA,94114,MOSCONE EXPANSION DISTRICT ZONE 2,0.086250,0.060000,0.002500,0.000000,0.023750,0
CA,94115,MOSCONE EXPANSION DISTRICT ZONE 2,0.086250,0.060000,0.002500,0.000000,0.023750,0
CA,94116,MOSCONE EXPANSION DISTRICT ZONE 2,0.086250,0.060000,0.002500,0.000000,0.023750,0
CA,94117,MOSCONE EXPANSION DISTRICT ZONE 2,0.086250,0.060000,0.002500,0.000000,0.023750,0
CA,94118,SAN FRANCISCO TOURISM IMPROVEMENT DISTRICT,0.086250,0.060000,0.002500,0.000000,0.023750,0
CA,94119,SAN FRANCISCO TOURISM IMPROVEMENT DISTRICT,0.086250,0.060000,0.002500,0.000000,0.023750,0
CA,94120,SAN FRANCISCO TOURISM IMPROVEMENT DISTRICT,0.086250,0.060000,0.002500,0.000000,0.023750,0
CA,94121,MOSCONE EXPANSION DISTRICT ZONE 2,0.086250,0.060000,0.002500,0.000000,0.023750,0
CA,94122,MOSCONE EXPANSION DISTRICT ZONE 2,0.086250,0.060000,0.002500,0.000000,0.023750,0
CA,94123,SAN FRANCISCO TOURISM IMPROVEMENT DISTRICT,0.086250,0.060000,0.002500,0.000000,0.023750,0
CA,94124,SAN FRANCISCO TOURISM IMPROVEMENT DISTRICT,0.086250,0.060000,0.002500,0.000000,0.023750,0
CA,94125,SAN FRANCISCO INTERNATIONAL AIRPORT,0.093750,0.060000,0.002500,0.000000,0.031250,0
CA,94126,SAN FRANCISCO TOURISM IMPROVEMENT DISTRICT,0.086250,0.060000,0.002500,0.000000,0.023750,0
CA,94127,SAN FRANCISCO TOURISM IMPROVEMENT DISTRICT,0.086250,0.060000,0.002500,0.000000,0.023750,0
CA,94128,SOUTH SAN FRANCISCO,0.098750,0.060000,0.002500,0.005000,0.031250,0
CA,94129,SAN FRANCISCO TOURISM IMPROVEMENT DISTRICT,0.086250,0.060000,0.002500,0.000000,0.023750,0
CA,94130,DALY CITY,0.098750,0.060000,0.002500,0.005000,0.031250,0
CA,94131,MOSCONE EXPANSION DISTRICT ZONE 2,0.086250,0.060000,0.002500,0.000000,0.023750,0
CA,94132,MOSCONE EXPANSION DISTRICT ZONE 2,0.086250,0.060000,0.002500,0.000000,0.023750,0
CA,94133,SAN FRANCISCO TOURISM IMPROVEMENT DISTRICT,0.086250,0.060000,0.002500,0.000000,0.023750,0
CA,94134,DALY CITY,0.098750,0.060000,0.002500,0.005000,0.031250,0
CA,94137,SAN FRANCISCO TOURISM IMPROVEMENT DISTRICT,0.086250,0.060000,0.002500,0.000000,0.023750,0
CA,94139,SAN FRANCISCO TOURISM IMPROVEMENT DISTRICT,0.086250,0.060000,0.002500,0.000000,0.023750,0
CA,94140,SAN FRANCISCO TOURISM IMPROVEMENT DISTRICT,0.086250,0.060000,0.002500,0.000000,0.023750,0
CA,94141,SAN FRANCISCO TOURISM IMPROVEMENT DISTRICT,0.086250,0.060000,0.002500,0.000000,0.023750,0
CA,94142,SAN FRANCISCO TOURISM IMPROVEMENT DISTRICT,0.086250,0.060000,0.002500,0.000000,0.023750,0
CA,94143,SAN FRANCISCO TOURISM IMPROVEMENT DISTRICT,0.086250,0.060000,0.002500,0.000000,0.023750,0
CA,94144,MOSCONE EXPANSION DISTRICT ZONE 2,0.086250,0.060000,0.002500,0.000000,0.023750,0
CA,94145,SAN FRANCISCO TOURISM IMPROVEMENT DISTRICT,0.086250,0.060000,0.002500,0.000000,0.023750,0
CA,94146,MOSCONE EXPANSION DISTRICT ZONE 2,0.086250,0.060000,0.002500,0.000000,0.023750,0
CA,94147,MOSCONE EXPANSION DISTRICT ZONE 2,0.086250,0.060000,0.002500,0.000000,0.023750,0
CA,94151,SAN FRANCISCO TOURISM IMPROVEMENT DISTRICT,0.086250,0.060000,0.002500,0.000000,0.023750,0
CA,94158,SAN FRANCISCO TOURISM IMPROVEMENT DISTRICT,0.086250,0.060000,0.002500,0.000000,0.023750,0
CA,94159,MOSCONE EXPANSION DISTRICT ZONE 2,0.086250,0.060000,0.002500,0.000000,0.023750,0
CA,94160,MOSCONE EXPANSION DISTRICT ZONE 2,0.086250,0.060000,0.002500,0.000000,0.023750,0
CA,94161,SAN FRANCISCO TOURISM IMPROVEMENT DISTRICT,0.086250,0.060000,0.002500,0.000000,0.023750,0
CA,94163,SAN FRANCISCO TOURISM IMPROVEMENT DISTRICT,0.086250,0.060000,0.002500,0.000000,0.023750,0
CA,94164,SAN FRANCISCO TOURISM IMPROVEMENT DISTRICT,0.086250,0.060000,0.002500,0.000000,0.023750,0
CA,94172,MOSCONE EXPANSION DISTRICT ZONE 2,0.086250,0.060000,0.002500,0.000000,0.023750,0
CA,94177,SAN FRANCISCO TOURISM IMPROVEMENT DISTRICT,0.086250,0.060000,0.002500,0.000000,0.023750,0
CA,94188,MOSCONE EXPANSION DISTRICT ZONE 2,0.086250,0.060000,0.002500,0.000000,0.023750,0
CA,94203,SACRAMENTO TMD ZONE 1,0.087500,0.060000,0.002500,0.010000,0.015000,0
CA,94204,SACRAMENTO TMD ZONE 2,0.087500,0.060000,0.002500,0.010000,0.015000,0
CA,94205,SACRAMENTO TMD ZONE 4,0.077500,0.060000,0.002500,0.000000,0.015000,0
CA,94206,SACRAMENTO,0.087500,0.060000,0.002500,0.010000,0.015000,0
CA,94209,SACRAMENTO TMD ZONE 1,0.087500,0.060000,0.002500,0.010000,0.015000,0
CA,94229,SACRAMENTO TMD ZONE 1,0.087500,0.060000,0.002500,0.010000,0.015000,0
CA,94230,SACRAMENTO TMD ZONE 4,0.077500,0.060000,0.002500,0.000000,0.015000,0
CA,94232,SACRAMENTO,0.087500,0.060000,0.002500,0.010000,0.015000,0
CA,94235,SACRAMENTO TMD ZONE 1,0.087500,0.060000,0.002500,0.010000,0.015000,0
CA,94236,SACRAMENTO TMD ZONE 1,0.087500,0.060000,0.002500,0.010000,0.015000,0
CA,94237,SACRAMENTO TMD ZONE 1,0.087500,0.060000,0.002500,0.010000,0.015000,0
CA,94239,SACRAMENTO,0.087500,0.060000,0.002500,0.010000,0.015000,0
CA,94240,SACRAMENTO TMD ZONE 1,0.087500,0.060000,0.002500,0.010000,0.015000,0
CA,94244,SACRAMENTO TMD ZONE 1,0.087500,0.060000,0.002500,0.010000,0.015000,0
CA,94247,SACRAMENTO TMD ZONE 4,0.077500,0.060000,0.002500,0.000000,0.015000,0
CA,94248,SACRAMENTO TMD ZONE 1,0.087500,0.060000,0.002500,0.010000,0.015000,0
CA,94249,SACRAMENTO TMD ZONE 1,0.087500,0.060000,0.002500,0.010000,0.015000,0
CA,94250,SACRAMENTO TMD ZONE 1,0.087500,0.060000,0.002500,0.010000,0.015000,0
CA,94252,SACRAMENTO TMD ZONE 1,0.087500,0.060000,0.002500,0.010000,0.015000,0
CA,94254,SACRAMENTO TMD ZONE 4,0.077500,0.060000,0.002500,0.000000,0.015000,0
CA,94256,SACRAMENTO TMD ZONE 4,0.077500,0.060000,0.002500,0.000000,0.015000,0
CA,94257,SACRAMENTO TMD ZONE 1,0.087500,0.060000,0.002500,0.010000,0.015000,0
CA,94258,SACRAMENTO TMD ZONE 1,0.087500,0.060000,0.002500,0.010000,0.015000,0
CA,94259,SACRAMENTO,0.087500,0.060000,0.002500,0.010000,0.015000,0
CA,94261,SACRAMENTO TMD ZONE 1,0.087500,0.060000,0.002500,0.010000,0.015000,0
CA,94262,SACRAMENTO TMD ZONE 4,0.077500,0.060000,0.002500,0.000000,0.015000,0
CA,94263,SACRAMENTO TMD ZONE 1,0.087500,0.060000,0.002500,0.010000,0.015000,0
CA,94267,SACRAMENTO TMD ZONE 2,0.087500,0.060000,0.002500,0.010000,0.015000,0
CA,94268,SACRAMENTO TMD ZONE 1,0.087500,0.060000,0.002500,0.010000,0.015000,0
CA,94269,SACRAMENTO TMD ZONE 1,0.087500,0.060000,0.002500,0.010000,0.015000,0
CA,94271,SACRAMENTO TMD ZONE 1,0.087500,0.060000,0.002500,0.010000,0.015000,0
CA,94273,SACRAMENTO TMD ZONE 1,0.087500,0.060000,0.002500,0.010000,0.015000,0
CA,94274,SACRAMENTO TMD ZONE 1,0.087500,0.060000,0.002500,0.010000,0.015000,0
CA,94277,SACRAMENTO TMD ZONE 1,0.087500,0.060000,0.002500,0.010000,0.015000,0
CA,94278,SACRAMENTO TMD ZONE 1,0.087500,0.060000,0.002500,0.010000,0.015000,0
CA,94279,SACRAMENTO TMD ZONE 1,0.087500,0.060000,0.002500,0.010000,0.015000,0
CA,94280,SACRAMENTO,0.087500,0.060000,0.002500,0.010000,0.015000,0
CA,94283,SACRAMENTO TMD ZONE 4,0.077500,0.060000,0.002500,0.000000,0.015000,0
CA,94284,SACRAMENTO,0.087500,0.060000,0.002500,0.010000,0.015000,0
CA,94285,SACRAMENTO,0.087500,0.060000,0.002500,0.010000,0.015000,0
CA,94287,SACRAMENTO TMD ZONE 1,0.087500,0.060000,0.002500,0.010000,0.015000,0
CA,94288,SACRAMENTO TMD ZONE 1,0.087500,0.060000,0.002500,0.010000,0.015000,0
CA,94289,SACRAMENTO TMD ZONE 1,0.087500,0.060000,0.002500,0.010000,0.015000,0
CA,94290,SACRAMENTO,0.087500,0.060000,0.002500,0.010000,0.015000,0
CA,94293,SACRAMENTO,0.087500,0.060000,0.002500,0.010000,0.015000,0
CA,94294,SACRAMENTO,0.087500,0.060000,0.002500,0.010000,0.015000,0
CA,94295,SACRAMENTO TMD ZONE 1,0.087500,0.060000,0.002500,0.010000,0.015000,0
CA,94296,SACRAMENTO TMD ZONE 1,0.087500,0.060000,0.002500,0.010000,0.015000,0
CA,94297,SACRAMENTO,0.087500,0.060000,0.002500,0.010000,0.015000,0
CA,94298,SACRAMENTO TMD ZONE 1,0.087500,0.060000,0.002500,0.010000,0.015000,0
CA,94299,SACRAMENTO TMD ZONE 1,0.087500,0.060000,0.002500,0.010000,0.015000,0
CA,94301,PALO ALTO,0.097500,0.060000,0.002500,0.000000,0.035000,0
CA,94302,PALO ALTO,0.097500,0.060000,0.002500,0.000000,0.035000,0
CA,94303,EAST PALO ALTO,0.098750,0.060000,0.002500,0.005000,0.031250,0
CA,94304,LOS ALTOS HILLS,0.097500,0.060000,0.002500,0.000000,0.035000,0
CA,94305,PALO ALTO,0.097500,0.060000,0.002500,0.000000,0.035000,0
CA,94306,MOUNTAIN VIEW,0.097500,0.060000,0.002500,0.000000,0.035000,0
CA,94309,SANTA CLARA CO LOCAL TAX SL,0.097500,0.060000,0.002500,0.000000,0.035000,0
CA,94401,BURLINGAME,0.096250,0.060000,0.002500,0.002500,0.031250,0
CA,94402,DALY CITY,0.098750,0.060000,0.002500,0.005000,0.031250,0
CA,94403,SAN MATEO,0.096250,0.060000,0.002500,0.002500,0.031250,0
CA,94404,BELMONT,0.098750,0.060000,0.002500,0.005000,0.031250,0
CA,94497,SAN MATEO,0.096250,0.060000,0.002500,0.002500,0.031250,0
CA,94501,ALAMEDA,0.107500,0.060000,0.002500,0.005000,0.040000,0
CA,94502,OAKLAND,0.107500,0.060000,0.002500,0.005000,0.040000,0
CA,94503,NAPA,0.087500,0.060000,0.002500,0.010000,0.015000,0
CA,94505,ALAMEDA,0.102500,0.060000,0.002500,0.000000,0.040000,0
CA,94506,DANVILLE,0.087500,0.060000,0.002500,0.000000,0.025000,0
CA,94507,WALNUT CREEK,0.092500,0.060000,0.002500,0.005000,0.025000,0
CA,94508,NAPA CO LOCAL TAX SL,0.077500,0.060000,0.002500,0.000000,0.015000,0
CA,94509,ANTIOCH,0.097500,0.060000,0.002500,0.010000,0.025000,0
CA,94510,BENICIA,0.096250,0.060000,0.002500,0.022500,0.011250,0
CA,94511,DAVIS,0.092500,0.060000,0.002500,0.020000,0.010000,0
CA,94512,SOLANO CO LOCAL TAX SL,0.073750,0.060000,0.002500,0.000000,0.011250,0
CA,94513,ANTIOCH,0.097500,0.060000,0.002500,0.010000,0.025000,0
CA,94514,ALAMEDA,0.102500,0.060000,0.002500,0.000000,0.040000,0
CA,94515,SONOMA COUNTY TOURISM BUSINESS IMPROVEMENT AREA,0.092500,0.060000,0.002500,0.000000,0.030000,0
CA,94516,CONTRA COSTA,0.087500,0.060000,0.002500,0.000000,0.025000,0
CA,94517,CONCORD,0.097500,0.060000,0.002500,0.010000,0.025000,0
CA,94518,CONCORD,0.097500,0.060000,0.002500,0.010000,0.025000,0
CA,94519,CONCORD,0.097500,0.060000,0.002500,0.010000,0.025000,0
CA,94520,CONCORD,0.097500,0.060000,0.002500,0.010000,0.025000,0
CA,94521,CONCORD,0.097500,0.060000,0.002500,0.010000,0.025000,0
CA,94522,CONCORD,0.097500,0.060000,0.002500,0.010000,0.025000,0
CA,94523,CONCORD,0.097500,0.060000,0.002500,0.010000,0.025000,0
CA,94524,CONCORD,0.097500,0.060000,0.002500,0.010000,0.025000,0
CA,94525,CONTRA COSTA,0.087500,0.060000,0.002500,0.000000,0.025000,0
CA,94526,DANVILLE,0.087500,0.060000,0.002500,0.000000,0.025000,0
CA,94527,CONCORD,0.097500,0.060000,0.002500,0.010000,0.025000,0
CA,94528,CONTRA COSTA,0.087500,0.060000,0.002500,0.000000,0.025000,0
CA,94529,CONCORD,0.097500,0.060000,0.002500,0.010000,0.025000,0
CA,94530,ALBANY,0.107500,0.060000,0.002500,0.005000,0.040000,0
CA,94531,ANTIOCH,0.097500,0.060000,0.002500,0.010000,0.025000,0
CA,94533,SUISUN CITY,0.091250,0.060000,0.002500,0.017500,0.011250,0
CA,94534,SUISUN CITY,0.091250,0.060000,0.002500,0.017500,0.011250,0
CA,94535,FAIRFIELD,0.083750,0.060000,0.002500,0.010000,0.011250,0
CA,94536,UNION CITY,0.107500,0.060000,0.002500,0.005000,0.040000,0
CA,94537,FREMONT,0.102500,0.060000,0.002500,0.000000,0.040000,0
CA,94538,NEWARK,0.107500,0.060000,0.002500,0.005000,0.040000,0
CA,94539,TRI VALLEY TOURISM MARKETING DISTRICT,0.102500,0.060000,0.002500,0.000000,0.040000,0
CA,94540,HAYWARD,0.107500,0.060000,0.002500,0.005000,0.040000,0
CA,94541,HAYWARD,0.107500,0.060000,0.002500,0.005000,0.040000,0
CA,94542,HAYWARD,0.107500,0.060000,0.002500,0.005000,0.040000,0
CA,94543,HAYWARD,0.107500,0.060000,0.002500,0.005000,0.040000,0
CA,94544,HAYWARD,0.107500,0.060000,0.002500,0.005000,0.040000,0
CA,94545,HAYWARD,0.107500,0.060000,0.002500,0.005000,0.040000,0
CA,94546,HAYWARD,0.107500,0.060000,0.002500,0.005000,0.040000,0
CA,94547,PINOLE,0.102500,0.060000,0.002500,0.015000,0.025000,0
CA,94548,CONTRA COSTA,0.087500,0.060000,0.002500,0.000000,0.025000,0
CA,94549,MORAGA,0.097500,0.060000,0.002500,0.010000,0.025000,0
CA,94550,PLEASANTON,0.102500,0.060000,0.002500,0.000000,0.040000,0
CA,94551,DUBLIN,0.102500,0.060000,0.002500,0.000000,0.040000,0
CA,94552,HAYWARD,0.107500,0.060000,0.002500,0.005000,0.040000,0
CA,94553,MARTINEZ,0.097500,0.060000,0.002500,0.010000,0.025000,0
CA,94555,FREMONT,0.102500,0.060000,0.002500,0.000000,0.040000,0
CA,94556,MORAGA,0.097500,0.060000,0.002500,0.010000,0.025000,0
CA,94557,HAYWARD,0.107500,0.060000,0.002500,0.005000,0.040000,0
CA,94558,NAPA,0.087500,0.060000,0.002500,0.010000,0.015000,0
CA,94559,NAPA,0.087500,0.060000,0.002500,0.010000,0.015000,0
CA,94560,NEWARK,0.107500,0.060000,0.002500,0.005000,0.040000,0
CA,94561,ANTIOCH,0.097500,0.060000,0.002500,0.010000,0.025000,0
CA,94562,SAINT HELENA,0.082500,0.060000,0.002500,0.005000,0.015000,0
CA,94563,MORAGA,0.097500,0.060000,0.002500,0.010000,0.025000,0
CA,94564,PINOLE,0.102500,0.060000,0.002500,0.015000,0.025000,0
CA,94565,ANTIOCH,0.097500,0.060000,0.002500,0.010000,0.025000,0
CA,94566,PLEASANTON,0.102500,0.060000,0.002500,0.000000,0.040000,0
CA,94567,NAPA CO LOCAL TAX SL,0.077500,0.060000,0.002500,0.000000,0.015000,0
CA,94568,DUBLIN,0.102500,0.060000,0.002500,0.000000,0.040000,0
CA,94569,CONTRA COSTA,0.087500,0.060000,0.002500,0.000000,0.025000,0
CA,94570,MORAGA,0.097500,0.060000,0.002500,0.010000,0.025000,0
CA,94571,RIO VISTA,0.091250,0.060000,0.002500,0.017500,0.011250,0
CA,94572,HERCULES,0.092500,0.060000,0.002500,0.005000,0.025000,0
CA,94573,SAINT HELENA,0.082500,0.060000,0.002500,0.005000,0.015000,0
CA,94574,SONOMA COUNTY TOURISM BUSINESS IMPROVEMENT AREA,0.092500,0.060000,0.002500,0.000000,0.030000,0
CA,94575,MORAGA,0.097500,0.060000,0.002500,0.010000,0.025000,0
CA,94576,NAPA CO LOCAL TAX SL,0.077500,0.060000,0.002500,0.000000,0.015000,0
CA,94577,OAKLAND,0.107500,0.060000,0.002500,0.005000,0.040000,0
CA,94578,SAN LEANDRO,0.107500,0.060000,0.002500,0.005000,0.040000,0
CA,94579,SAN LEANDRO,0.107500,0.060000,0.002500,0.005000,0.040000,0
CA,94580,HAYWARD,0.107500,0.060000,0.002500,0.005000,0.040000,0
CA,94581,NAPA,0.087500,0.060000,0.002500,0.010000,0.015000,0
CA,94582,SAN RAMON,0.097500,0.060000,0.002500,0.010000,0.025000,0
CA,94583,DUBLIN,0.102500,0.060000,0.002500,0.000000,0.040000,0
CA,94585,SUISUN CITY,0.091250,0.060000,0.002500,0.017500,0.011250,0
CA,94586,TRI VALLEY TOURISM MARKETING DISTRICT,0.102500,0.060000,0.002500,0.000000,0.040000,0
CA,94587,UNION CITY,0.107500,0.060000,0.002500,0.005000,0.040000,0
CA,94588,HAYWARD,0.107500,0.060000,0.002500,0.005000,0.040000,0
CA,94589,VALLEJO HOTEL BUSINESS IMPROVEMENT DISTRICT,0.092500,0.060000,0.002500,0.018750,0.011250,0
CA,94590,VALLEJO HOTEL BUSINESS IMPROVEMENT DISTRICT,0.092500,0.060000,0.002500,0.018750,0.011250,0
CA,94591,VALLEJO HOTEL BUSINESS IMPROVEMENT DISTRICT,0.092500,0.060000,0.002500,0.018750,0.011250,0
CA,94592,VALLEJO HOTEL BUSINESS IMPROVEMENT DISTRICT,0.092500,0.060000,0.002500,0.018750,0.011250,0
CA,94595,WALNUT CREEK,0.092500,0.060000,0.002500,0.005000,0.025000,0
CA,94596,WALNUT CREEK,0.092500,0.060000,0.002500,0.005000,0.025000,0
CA,94597,PLEASANT HILL,0.092500,0.060000,0.002500,0.005000,0.025000,0
CA,94598,WALNUT CREEK,0.092500,0.060000,0.002500,0.005000,0.025000,0
CA,94599,NAPA CO LOCAL TAX SL,0.077500,0.060000,0.002500,0.000000,0.015000,0
CA,94601,OAKLAND,0.107500,0.060000,0.002500,0.005000,0.040000,0
CA,94602,OAKLAND,0.107500,0.060000,0.002500,0.005000,0.040000,0
CA,94603,OAKLAND,0.107500,0.060000,0.002500,0.005000,0.040000,0
CA,94604,OAKLAND,0.107500,0.060000,0.002500,0.005000,0.040000,0
CA,94605,OAKLAND,0.107500,0.060000,0.002500,0.005000,0.040000,0
CA,94606,OAKLAND,0.107500,0.060000,0.002500,0.005000,0.040000,0
CA,94607,OAKLAND,0.107500,0.060000,0.002500,0.005000,0.040000,0
CA,94608,OAKLAND,0.107500,0.060000,0.002500,0.005000,0.040000,0
CA,94609,OAKLAND,0.107500,0.060000,0.002500,0.005000,0.040000,0
CA,94610,OAKLAND,0.107500,0.060000,0.002500,0.005000,0.040000,0
CA,94611,OAKLAND,0.107500,0.060000,0.002500,0.005000,0.040000,0
CA,94612,OAKLAND,0.107500,0.060000,0.002500,0.005000,0.040000,0
CA,94613,OAKLAND,0.107500,0.060000,0.002500,0.005000,0.040000,0
CA,94614,OAKLAND,0.107500,0.060000,0.002500,0.005000,0.040000,0
CA,94615,OAKLAND,0.107500,0.060000,0.002500,0.005000,0.040000,0
CA,94617,OAKLAND,0.107500,0.060000,0.002500,0.005000,0.040000,0
CA,94618,OAKLAND,0.107500,0.060000,0.002500,0.005000,0.040000,0
CA,94619,OAKLAND,0.107500,0.060000,0.002500,0.005000,0.040000,0
CA,94620,OAKLAND,0.107500,0.060000,0.002500,0.005000,0.040000,0
CA,94621,OAKLAND,0.107500,0.060000,0.002500,0.005000,0.040000,0
CA,94622,SAN LEANDRO,0.107500,0.060000,0.002500,0.005000,0.040000,0
CA,94623,OAKLAND,0.107500,0.060000,0.002500,0.005000,0.040000,0
CA,94624,OAKLAND,0.107500,0.060000,0.002500,0.005000,0.040000,0
CA,94649,OAKLAND,0.107500,0.060000,0.002500,0.005000,0.040000,0
CA,94659,OAKLAND,0.107500,0.060000,0.002500,0.005000,0.040000,0
CA,94660,OAKLAND,0.107500,0.060000,0.002500,0.005000,0.040000,0
CA,94661,OAKLAND,0.107500,0.060000,0.002500,0.005000,0.040000,0
CA,94662,EMERYVILLE,0.105000,0.060000,0.002500,0.002500,0.040000,0
CA,94666,OAKLAND,0.107500,0.060000,0.002500,0.005000,0.040000,0
CA,94701,BERKELEY TOURISM BUSINESS IMPROVEMENT DISTRICT,0.102500,0.060000,0.002500,0.000000,0.040000,0
CA,94702,OAKLAND,0.107500,0.060000,0.002500,0.005000,0.040000,0
CA,94703,BERKELEY TOURISM BUSINESS IMPROVEMENT DISTRICT,0.102500,0.060000,0.002500,0.000000,0.040000,0
CA,94704,OAKLAND,0.107500,0.060000,0.002500,0.005000,0.040000,0
CA,94705,OAKLAND,0.107500,0.060000,0.002500,0.005000,0.040000,0
CA,94706,ALBANY,0.107500,0.060000,0.002500,0.005000,0.040000,0
CA,94707,ALBANY,0.107500,0.060000,0.002500,0.005000,0.040000,0
CA,94708,BERKELEY TOURISM BUSINESS IMPROVEMENT DISTRICT,0.102500,0.060000,0.002500,0.000000,0.040000,0
CA,94709,BERKELEY TOURISM BUSINESS IMPROVEMENT DISTRICT,0.102500,0.060000,0.002500,0.000000,0.040000,0
CA,94710,ALBANY,0.107500,0.060000,0.002500,0.005000,0.040000,0
CA,94712,BERKELEY TOURISM BUSINESS IMPROVEMENT DISTRICT,0.102500,0.060000,0.002500,0.000000,0.040000,0
CA,94720,OAKLAND,0.107500,0.060000,0.002500,0.005000,0.040000,0
CA,94801,RICHMOND,0.097500,0.060000,0.002500,0.010000,0.025000,0
CA,94802,RICHMOND,0.097500,0.060000,0.002500,0.010000,0.025000,0
CA,94803,PINOLE,0.102500,0.060000,0.002500,0.015000,0.025000,0
CA,94804,EL CERRITO,0.102500,0.060000,0.002500,0.015000,0.025000,0
CA,94805,RICHMOND,0.097500,0.060000,0.002500,0.010000,0.025000,0
CA,94806,PINOLE,0.102500,0.060000,0.002500,0.015000,0.025000,0
CA,94807,RICHMOND,0.097500,0.060000,0.002500,0.010000,0.025000,0
CA,94808,RICHMOND,0.097500,0.060000,0.002500,0.010000,0.025000,0
CA,94820,CONTRA COSTA,0.087500,0.060000,0.002500,0.000000,0.025000,0
CA,94850,RICHMOND,0.097500,0.060000,0.002500,0.010000,0.025000,0
CA,94901,SAN ANSELMO,0.092500,0.060000,0.002500,0.010000,0.020000,0
CA,94903,SAN RAFAEL,0.092500,0.060000,0.002500,0.010000,0.020000,0
CA,94904,LARKSPUR,0.092500,0.060000,0.002500,0.010000,0.020000,0
CA,94912,SAN RAFAEL,0.092500,0.060000,0.002500,0.010000,0.020000,0
CA,94913,SAN RAFAEL,0.092500,0.060000,0.002500,0.010000,0.020000,0
CA,94914,SAN RAFAEL,0.092500,0.060000,0.002500,0.010000,0.020000,0
CA,94915,SAN RAFAEL,0.092500,0.060000,0.002500,0.010000,0.020000,0
CA,94920,TIBURON,0.082500,0.060000,0.002500,0.000000,0.020000,0
CA,94922,SONOMA COUNTY TOURISM BUSINESS IMPROVEMENT AREA,0.092500,0.060000,0.002500,0.000000,0.030000,0
CA,94923,SONOMA COUNTY TOURISM BUSINESS IMPROVEMENT AREA,0.092500,0.060000,0.002500,0.000000,0.030000,0
CA,94924,WEST MARIN COUNTY TRANSIENT OCCUPANCY TAX,0.082500,0.060000,0.002500,0.000000,0.020000,0
CA,94925,LARKSPUR,0.092500,0.060000,0.002500,0.010000,0.020000,0
CA,94926,ROHNERT PARK,0.097500,0.060000,0.002500,0.005000,0.030000,0
CA,94927,ROHNERT PARK,0.097500,0.060000,0.002500,0.005000,0.030000,0
CA,94928,COTATI,0.102500,0.060000,0.002500,0.010000,0.030000,0
CA,94929,WEST MARIN COUNTY TRANSIENT OCCUPANCY TAX,0.082500,0.060000,0.002500,0.000000,0.020000,0
CA,94930,SAN ANSELMO,0.092500,0.060000,0.002500,0.010000,0.020000,0
CA,94931,COTATI,0.102500,0.060000,0.002500,0.010000,0.030000,0
CA,94933,WEST MARIN COUNTY TRANSIENT OCCUPANCY TAX,0.082500,0.060000,0.002500,0.000000,0.020000,0
CA,94937,WEST MARIN COUNTY TRANSIENT OCCUPANCY TAX,0.082500,0.060000,0.002500,0.000000,0.020000,0
CA,94938,WEST MARIN COUNTY TRANSIENT OCCUPANCY TAX,0.082500,0.060000,0.002500,0.000000,0.020000,0
CA,94939,LARKSPUR,0.092500,0.060000,0.002500,0.010000,0.020000,0
CA,94940,WEST MARIN COUNTY TRANSIENT OCCUPANCY TAX,0.082500,0.060000,0.002500,0.000000,0.020000,0
CA,94941,MILL VALLEY,0.092500,0.060000,0.002500,0.010000,0.020000,0
CA,94942,MILL VALLEY,0.092500,0.060000,0.002500,0.010000,0.020000,0
CA,94945,NOVATO,0.092500,0.060000,0.002500,0.010000,0.020000,0
CA,94946,WEST MARIN COUNTY TRANSIENT OCCUPANCY TAX,0.082500,0.060000,0.002500,0.000000,0.020000,0
CA,94947,NOVATO,0.092500,0.060000,0.002500,0.010000,0.020000,0
CA,94948,NOVATO,0.092500,0.060000,0.002500,0.010000,0.020000,0
CA,94949,NOVATO,0.092500,0.060000,0.002500,0.010000,0.020000,0
CA,94950,WEST MARIN COUNTY TRANSIENT OCCUPANCY TAX,0.082500,0.060000,0.002500,0.000000,0.020000,0
CA,94951,PETALUMA,0.102500,0.060000,0.002500,0.010000,0.030000,0
CA,94952,PETALUMA,0.102500,0.060000,0.002500,0.010000,0.030000,0
CA,94953,PETALUMA,0.102500,0.060000,0.002500,0.010000,0.030000,0
CA,94954,PETALUMA,0.102500,0.060000,0.002500,0.010000,0.030000,0
CA,94955,PETALUMA,0.102500,0.060000,0.002500,0.010000,0.030000,0
CA,94956,WEST MARIN COUNTY TRANSIENT OCCUPANCY TAX,0.082500,0.060000,0.002500,0.000000,0.020000,0
CA,94957,SAN ANSELMO,0.092500,0.060000,0.002500,0.010000,0.020000,0
CA,94960,SAN ANSELMO,0.092500,0.060000,0.002500,0.010000,0.020000,0
CA,94963,WEST MARIN COUNTY TRANSIENT OCCUPANCY TAX,0.082500,0.060000,0.002500,0.000000,0.020000,0
CA,94964,MARIN COUNTY TOURISM BUSINESS IMPROVEMENT DISTRICT,0.082500,0.060000,0.002500,0.000000,0.020000,0
CA,94965,SAUSALITO,0.092500,0.060000,0.002500,0.010000,0.020000,0
CA,94966,SAUSALITO,0.092500,0.060000,0.002500,0.010000,0.020000,0
CA,94970,WEST MARIN COUNTY TRANSIENT OCCUPANCY TAX,0.082500,0.060000,0.002500,0.000000,0.020000,0
CA,94971,WEST MARIN COUNTY TRANSIENT OCCUPANCY TAX,0.082500,0.060000,0.002500,0.000000,0.020000,0
CA,94972,SONOMA COUNTY TOURISM BUSINESS IMPROVEMENT AREA,0.092500,0.060000,0.002500,0.000000,0.030000,0
CA,94973,WEST MARIN COUNTY TRANSIENT OCCUPANCY TAX,0.082500,0.060000,0.002500,0.000000,0.020000,0
CA,94974,MARIN COUNTY TOURISM BUSINESS IMPROVEMENT DISTRICT,0.082500,0.060000,0.002500,0.000000,0.020000,0
CA,94975,PETALUMA,0.102500,0.060000,0.002500,0.010000,0.030000,0
CA,94976,CORTE MADERA,0.090000,0.060000,0.002500,0.007500,0.020000,0
CA,94977,LARKSPUR,0.092500,0.060000,0.002500,0.010000,0.020000,0
CA,94978,FAIRFAX,0.090000,0.060000,0.002500,0.007500,0.020000,0
CA,94979,SAN ANSELMO,0.092500,0.060000,0.002500,0.010000,0.020000,0
CA,94998,NOVATO,0.092500,0.060000,0.002500,0.010000,0.020000,0
CA,94999,PETALUMA,0.102500,0.060000,0.002500,0.010000,0.030000,0
CA,95001,SANTA CRUZ,0.095000,0.060000,0.002500,0.000000,0.032500,0
CA,95002,SAN JOSE CONVENTION CENTER FACILITY DISTRICT ZONE 2,0.100000,0.060000,0.002500,0.002500,0.035000,0
CA,95003,SANTA CRUZ,0.095000,0.060000,0.002500,0.000000,0.032500,0
CA,95004,MONTEREY COUNTY TOURISM IMPROVEMENT DISTRICT,0.087500,0.060000,0.002500,0.000000,0.025000,0
CA,95005,SANTA CRUZ,0.095000,0.060000,0.002500,0.000000,0.032500,0
CA,95006,SANTA CRUZ,0.095000,0.060000,0.002500,0.000000,0.032500,0
CA,95007,SANTA CRUZ,0.095000,0.060000,0.002500,0.000000,0.032500,0
CA,95008,CAMPBELL,0.105000,0.060000,0.002500,0.007500,0.035000,0
CA,95009,CAMPBELL,0.105000,0.060000,0.002500,0.007500,0.035000,0
CA,95010,SANTA CRUZ,0.095000,0.060000,0.002500,0.000000,0.032500,0
CA,95011,CAMPBELL,0.105000,0.060000,0.002500,0.007500,0.035000,0
CA,95012,MONTEREY COUNTY TOURISM IMPROVEMENT DISTRICT,0.087500,0.060000,0.002500,0.000000,0.025000,0
CA,95013,SAN JOSE CONVENTION CENTER FACILITY DISTRICT ZONE 2,0.100000,0.060000,0.002500,0.002500,0.035000,0
CA,95014,SAN JOSE CONVENTION CENTER FACILITY DISTRICT ZONE 2,0.100000,0.060000,0.002500,0.002500,0.035000,0
CA,95015,CUPERTINO,0.097500,0.060000,0.002500,0.000000,0.035000,0
CA,95017,SANTA CRUZ,0.095000,0.060000,0.002500,0.000000,0.032500,0
CA,95018,SANTA CRUZ,0.095000,0.060000,0.002500,0.000000,0.032500,0
CA,95019,WATSONVILLE,0.097500,0.060000,0.002500,0.012500,0.022500,0
CA,95020,GILROY TOURISM BUSINESS IMPROVEMENT DISTRICT,0.097500,0.060000,0.002500,0.000000,0.035000,0
CA,95021,GILROY TOURISM BUSINESS IMPROVEMENT DISTRICT,0.097500,0.060000,0.002500,0.000000,0.035000,0
CA,95023,SANTA CLARA CO LOCAL TAX SL,0.097500,0.060000,0.002500,0.000000,0.035000,0
CA,95024,HOLLISTER,0.092500,0.060000,0.002500,0.010000,0.020000,0
CA,95025,SANTA CLARA CO LOCAL TAX SL,0.097500,0.060000,0.002500,0.000000,0.035000,0
CA,95026,SANTA CLARA CO LOCAL TAX SL,0.097500,0.060000,0.002500,0.000000,0.035000,0
CA,95030,LOS GATOS,0.098750,0.060000,0.002500,0.001250,0.035000,0
CA,95031,LOS GATOS,0.098750,0.060000,0.002500,0.001250,0.035000,0
CA,95032,CAMPBELL,0.105000,0.060000,0.002500,0.007500,0.035000,0
CA,95033,LOS GATOS,0.098750,0.060000,0.002500,0.001250,0.035000,0
CA,95035,SAN JOSE CONVENTION CENTER FACILITY DISTRICT ZONE 2,0.100000,0.060000,0.002500,0.002500,0.035000,0
CA,95036,MILPITAS,0.100000,0.060000,0.002500,0.002500,0.035000,0
CA,95037,SAN JOSE CONVENTION CENTER FACILITY DISTRICT ZONE 2,0.100000,0.060000,0.002500,0.002500,0.035000,0
CA,95038,MORGAN HILL,0.097500,0.060000,0.002500,0.000000,0.035000,0
CA,95039,MONTEREY COUNTY TOURISM IMPROVEMENT DISTRICT,0.087500,0.060000,0.002500,0.000000,0.025000,0
CA,95041,SANTA CRUZ,0.095000,0.060000,0.002500,0.000000,0.032500,0
CA,95042,SANTA CLARA CO LOCAL TAX SL,0.097500,0.060000,0.002500,0.000000,0.035000,0
CA,95043,SAN BENITO COUNTY DISTRICT TAX SP,0.082500,0.060000,0.002500,0.000000,0.020000,0
CA,95044,SANTA CLARA CO LOCAL TAX SL,0.097500,0.060000,0.002500,0.000000,0.035000,0
CA,95045,SAN JUAN BAUTISTA,0.090000,0.060000,0.002500,0.007500,0.020000,0
CA,95046,MORGAN HILL,0.097500,0.060000,0.002500,0.000000,0.035000,0
CA,95050,SAN JOSE HOTEL BUSINESS IMPROVEMENT DISTRICT (ZONE B),0.100000,0.060000,0.002500,0.002500,0.035000,0
CA,95051,SAN JOSE CONVENTION CENTER FACILITY DISTRICT ZONE 2,0.100000,0.060000,0.002500,0.002500,0.035000,0
CA,95052,SANTA CLARA,0.097500,0.060000,0.002500,0.000000,0.035000,0
CA,95053,SANTA CLARA,0.097500,0.060000,0.002500,0.000000,0.035000,0
CA,95054,SANTA CLARA COMMUNITY FACILITIES DISTRICT STJ,0.097500,0.060000,0.002500,0.000000,0.035000,0
CA,95055,SANTA CLARA,0.097500,0.060000,0.002500,0.000000,0.035000,0
CA,95056,SANTA CLARA COMMUNITY FACILITIES DISTRICT STJ,0.097500,0.060000,0.002500,0.000000,0.035000,0
CA,95060,SCOTTS VALLEY,0.097500,0.060000,0.002500,0.012500,0.022500,0
CA,95061,SANTA CRUZ,0.097500,0.060000,0.002500,0.012500,0.022500,0
CA,95062,SANTA CRUZ,0.097500,0.060000,0.002500,0.012500,0.022500,0
CA,95063,SANTA CRUZ,0.097500,0.060000,0.002500,0.012500,0.022500,0
CA,95064,SANTA CRUZ,0.097500,0.060000,0.002500,0.012500,0.022500,0
CA,95065,SANTA CRUZ,0.097500,0.060000,0.002500,0.012500,0.022500,0
CA,95066,SCOTTS VALLEY,0.097500,0.060000,0.002500,0.012500,0.022500,0
CA,95067,SCOTTS VALLEY,0.097500,0.060000,0.002500,0.012500,0.022500,0
CA,95070,SAN JOSE CONVENTION CENTER FACILITY DISTRICT ZONE 2,0.100000,0.060000,0.002500,0.002500,0.035000,0
CA,95071,SARATOGA,0.097500,0.060000,0.002500,0.000000,0.035000,0
CA,95073,SANTA CRUZ,0.095000,0.060000,0.002500,0.000000,0.032500,0
CA,95075,SAN BENITO COUNTY DISTRICT TAX SP,0.082500,0.060000,0.002500,0.000000,0.020000,0
CA,95076,WATSONVILLE,0.097500,0.060000,0.002500,0.012500,0.022500,0
CA,95077,WATSONVILLE,0.097500,0.060000,0.002500,0.012500,0.022500,0
CA,95101,SAN JOSE CONVENTION CENTER FACILITY DISTRICT ZONE 2,0.100000,0.060000,0.002500,0.002500,0.035000,0
CA,95103,SAN JOSE HOTEL BUSINESS IMPROVEMENT DISTRICT  (ZONE A),0.100000,0.060000,0.002500,0.002500,0.035000,0
CA,95106,SAN JOSE HOTEL BUSINESS IMPROVEMENT DISTRICT  (ZONE A),0.100000,0.060000,0.002500,0.002500,0.035000,0
CA,95108,SAN JOSE HOTEL BUSINESS IMPROVEMENT DISTRICT  (ZONE A),0.100000,0.060000,0.002500,0.002500,0.035000,0
CA,95109,SAN JOSE HOTEL BUSINESS IMPROVEMENT DISTRICT  (ZONE A),0.100000,0.060000,0.002500,0.002500,0.035000,0
CA,95110,SAN JOSE HOTEL BUSINESS IMPROVEMENT DISTRICT (ZONE B),0.100000,0.060000,0.002500,0.002500,0.035000,0
CA,95111,SAN JOSE CONVENTION CENTER FACILITY DISTRICT ZONE 1,0.100000,0.060000,0.002500,0.002500,0.035000,0
CA,95112,SAN JOSE HOTEL BUSINESS IMPROVEMENT DISTRICT (ZONE B),0.100000,0.060000,0.002500,0.002500,0.035000,0
CA,95113,SAN JOSE HOTEL BUSINESS IMPROVEMENT DISTRICT  (ZONE A),0.100000,0.060000,0.002500,0.002500,0.035000,0
CA,95115,SAN JOSE HOTEL BUSINESS IMPROVEMENT DISTRICT  (ZONE A),0.100000,0.060000,0.002500,0.002500,0.035000,0
CA,95116,SAN JOSE CONVENTION CENTER FACILITY DISTRICT ZONE 1,0.100000,0.060000,0.002500,0.002500,0.035000,0
CA,95117,CAMPBELL,0.105000,0.060000,0.002500,0.007500,0.035000,0
CA,95118,SAN JOSE HOTEL BUSINESS IMPROVEMENT DISTRICT  (ZONE A),0.100000,0.060000,0.002500,0.002500,0.035000,0
CA,95119,SAN JOSE CONVENTION CENTER FACILITY DISTRICT ZONE 2,0.100000,0.060000,0.002500,0.002500,0.035000,0
CA,95120,SAN JOSE CONVENTION CENTER FACILITY DISTRICT ZONE 2,0.100000,0.060000,0.002500,0.002500,0.035000,0
CA,95121,SAN JOSE CONVENTION CENTER FACILITY DISTRICT ZONE 2,0.100000,0.060000,0.002500,0.002500,0.035000,0
CA,95122,SAN JOSE CONVENTION CENTER FACILITY DISTRICT ZONE 1,0.100000,0.060000,0.002500,0.002500,0.035000,0
CA,95123,SAN JOSE CONVENTION CENTER FACILITY DISTRICT ZONE 1,0.100000,0.060000,0.002500,0.002500,0.035000,0
CA,95124,SAN JOSE CONVENTION CENTER FACILITY DISTRICT ZONE 2,0.100000,0.060000,0.002500,0.002500,0.035000,0
CA,95125,CAMPBELL,0.105000,0.060000,0.002500,0.007500,0.035000,0
CA,95126,SAN JOSE HOTEL BUSINESS IMPROVEMENT DISTRICT (ZONE B),0.100000,0.060000,0.002500,0.002500,0.035000,0
CA,95127,SAN JOSE CONVENTION CENTER FACILITY DISTRICT ZONE 2,0.100000,0.060000,0.002500,0.002500,0.035000,0
CA,95128,CAMPBELL,0.105000,0.060000,0.002500,0.007500,0.035000,0
CA,95129,SAN JOSE CONVENTION CENTER FACILITY DISTRICT ZONE 2,0.100000,0.060000,0.002500,0.002500,0.035000,0
CA,95130,CAMPBELL,0.105000,0.060000,0.002500,0.007500,0.035000,0
CA,95131,SAN JOSE HOTEL BUSINESS IMPROVEMENT DISTRICT (ZONE B),0.100000,0.060000,0.002500,0.002500,0.035000,0
CA,95132,SAN JOSE CONVENTION CENTER FACILITY DISTRICT ZONE 2,0.100000,0.060000,0.002500,0.002500,0.035000,0
CA,95133,SAN JOSE CONVENTION CENTER FACILITY DISTRICT ZONE 1,0.100000,0.060000,0.002500,0.002500,0.035000,0
CA,95134,SAN JOSE CONVENTION CENTER FACILITY DISTRICT ZONE 2,0.100000,0.060000,0.002500,0.002500,0.035000,0
CA,95135,SAN JOSE CONVENTION CENTER FACILITY DISTRICT ZONE 2,0.100000,0.060000,0.002500,0.002500,0.035000,0
CA,95136,SAN JOSE CONVENTION CENTER FACILITY DISTRICT ZONE 2,0.100000,0.060000,0.002500,0.002500,0.035000,0
CA,95138,SAN JOSE CONVENTION CENTER FACILITY DISTRICT ZONE 2,0.100000,0.060000,0.002500,0.002500,0.035000,0
CA,95139,SAN JOSE CONVENTION CENTER FACILITY DISTRICT ZONE 2,0.100000,0.060000,0.002500,0.002500,0.035000,0
CA,95140,SANTA CLARA CO LOCAL TAX SL,0.097500,0.060000,0.002500,0.000000,0.035000,0
CA,95141,SAN JOSE CONVENTION CENTER FACILITY DISTRICT ZONE 2,0.100000,0.060000,0.002500,0.002500,0.035000,0
CA,95148,SAN JOSE CONVENTION CENTER FACILITY DISTRICT ZONE 2,0.100000,0.060000,0.002500,0.002500,0.035000,0
CA,95150,SAN JOSE CONVENTION CENTER FACILITY DISTRICT ZONE 2,0.100000,0.060000,0.002500,0.002500,0.035000,0
CA,95151,SAN JOSE CONVENTION CENTER FACILITY DISTRICT ZONE 2,0.100000,0.060000,0.002500,0.002500,0.035000,0
CA,95152,SAN JOSE CONVENTION CENTER FACILITY DISTRICT ZONE 2,0.100000,0.060000,0.002500,0.002500,0.035000,0
CA,95153,SAN JOSE CONVENTION CENTER FACILITY DISTRICT ZONE 2,0.100000,0.060000,0.002500,0.002500,0.035000,0
CA,95154,SAN JOSE CONVENTION CENTER FACILITY DISTRICT ZONE 2,0.100000,0.060000,0.002500,0.002500,0.035000,0
CA,95155,SAN JOSE CONVENTION CENTER FACILITY DISTRICT ZONE 1,0.100000,0.060000,0.002500,0.002500,0.035000,0
CA,95156,SAN JOSE CONVENTION CENTER FACILITY DISTRICT ZONE 2,0.100000,0.060000,0.002500,0.002500,0.035000,0
CA,95157,SAN JOSE CONVENTION CENTER FACILITY DISTRICT ZONE 2,0.100000,0.060000,0.002500,0.002500,0.035000,0
CA,95158,SAN JOSE CONVENTION CENTER FACILITY DISTRICT ZONE 2,0.100000,0.060000,0.002500,0.002500,0.035000,0
CA,95159,SAN JOSE CONVENTION CENTER FACILITY DISTRICT ZONE 1,0.100000,0.060000,0.002500,0.002500,0.035000,0
CA,95160,SAN JOSE CONVENTION CENTER FACILITY DISTRICT ZONE 2,0.100000,0.060000,0.002500,0.002500,0.035000,0
CA,95161,SAN JOSE CONVENTION CENTER FACILITY DISTRICT ZONE 2,0.100000,0.060000,0.002500,0.002500,0.035000,0
CA,95164,SAN JOSE CONVENTION CENTER FACILITY DISTRICT ZONE 2,0.100000,0.060000,0.002500,0.002500,0.035000,0
CA,95170,SAN JOSE CONVENTION CENTER FACILITY DISTRICT ZONE 2,0.100000,0.060000,0.002500,0.002500,0.035000,0
CA,95172,SAN JOSE HOTEL BUSINESS IMPROVEMENT DISTRICT  (ZONE A),0.100000,0.060000,0.002500,0.002500,0.035000,0
CA,95173,SAN JOSE CONVENTION CENTER FACILITY DISTRICT ZONE 2,0.100000,0.060000,0.002500,0.002500,0.035000,0
CA,95190,SAN JOSE CONVENTION CENTER FACILITY DISTRICT ZONE 2,0.100000,0.060000,0.002500,0.002500,0.035000,0
CA,95191,SAN JOSE CONVENTION CENTER FACILITY DISTRICT ZONE 1,0.100000,0.060000,0.002500,0.002500,0.035000,0
CA,95192,SAN JOSE HOTEL BUSINESS IMPROVEMENT DISTRICT  (ZONE A),0.100000,0.060000,0.002500,0.002500,0.035000,0
CA,95193,SAN JOSE CONVENTION CENTER FACILITY DISTRICT ZONE 2,0.100000,0.060000,0.002500,0.002500,0.035000,0
CA,95194,SAN JOSE HOTEL BUSINESS IMPROVEMENT DISTRICT (ZONE B),0.100000,0.060000,0.002500,0.002500,0.035000,0
CA,95196,SAN JOSE HOTEL BUSINESS IMPROVEMENT DISTRICT  (ZONE A),0.100000,0.060000,0.002500,0.002500,0.035000,0
CA,95201,STOCKTON,0.090000,0.060000,0.002500,0.012500,0.015000,0
CA,95202,STOCKTON,0.090000,0.060000,0.002500,0.012500,0.015000,0
CA,95203,STOCKTON,0.090000,0.060000,0.002500,0.012500,0.015000,0
CA,95204,STOCKTON,0.090000,0.060000,0.002500,0.012500,0.015000,0
CA,95205,STOCKTON,0.090000,0.060000,0.002500,0.012500,0.015000,0
CA,95206,STOCKTON,0.090000,0.060000,0.002500,0.012500,0.015000,0
CA,95207,STOCKTON,0.090000,0.060000,0.002500,0.012500,0.015000,0
CA,95208,STOCKTON,0.090000,0.060000,0.002500,0.012500,0.015000,0
CA,95209,STOCKTON,0.090000,0.060000,0.002500,0.012500,0.015000,0
CA,95210,STOCKTON,0.090000,0.060000,0.002500,0.012500,0.015000,0
CA,95211,STOCKTON,0.090000,0.060000,0.002500,0.012500,0.015000,0
CA,95212,STOCKTON,0.090000,0.060000,0.002500,0.012500,0.015000,0
CA,95213,STOCKTON,0.090000,0.060000,0.002500,0.012500,0.015000,0
CA,95215,STOCKTON,0.090000,0.060000,0.002500,0.012500,0.015000,0
CA,95219,STOCKTON,0.090000,0.060000,0.002500,0.012500,0.015000,0
CA,95220,SAN JOAQUIN,0.077500,0.060000,0.002500,0.000000,0.015000,0
CA,95221,ANGELS CAMP,0.087500,0.060000,0.002500,0.005000,0.020000,0
CA,95222,ANGELS CAMP,0.087500,0.060000,0.002500,0.005000,0.020000,0
CA,95223,CALAVERAS,0.082500,0.060000,0.002500,0.000000,0.020000,0
CA,95224,CALAVERAS,0.082500,0.060000,0.002500,0.000000,0.020000,0
CA,95225,CALAVERAS,0.082500,0.060000,0.002500,0.000000,0.020000,0
CA,95226,CALAVERAS,0.082500,0.060000,0.002500,0.000000,0.020000,0
CA,95227,SAN JOAQUIN,0.077500,0.060000,0.002500,0.000000,0.015000,0
CA,95228,CALAVERAS,0.082500,0.060000,0.002500,0.000000,0.020000,0
CA,95229,CALAVERAS,0.082500,0.060000,0.002500,0.000000,0.020000,0
CA,95230,CALAVERAS,0.082500,0.060000,0.002500,0.000000,0.020000,0
CA,95231,LATHROP,0.087500,0.060000,0.002500,0.010000,0.015000,0
CA,95232,CALAVERAS,0.082500,0.060000,0.002500,0.000000,0.020000,0
CA,95233,CALAVERAS,0.082500,0.060000,0.002500,0.000000,0.020000,0
CA,95234,SAN JOAQUIN,0.077500,0.060000,0.002500,0.000000,0.015000,0
CA,95236,CALAVERAS,0.082500,0.060000,0.002500,0.000000,0.020000,0
CA,95237,SAN JOAQUIN,0.077500,0.060000,0.002500,0.000000,0.015000,0
CA,95240,LODI,0.082500,0.060000,0.002500,0.005000,0.015000,0
CA,95241,LODI,0.082500,0.060000,0.002500,0.005000,0.015000,0
CA,95242,STOCKTON,0.090000,0.060000,0.002500,0.012500,0.015000,0
CA,95245,CALAVERAS,0.082500,0.060000,0.002500,0.000000,0.020000,0
CA,95246,CALAVERAS,0.082500,0.060000,0.002500,0.000000,0.020000,0
CA,95247,CALAVERAS,0.082500,0.060000,0.002500,0.000000,0.020000,0
CA,95248,CALAVERAS,0.082500,0.060000,0.002500,0.000000,0.020000,0
CA,95249,CALAVERAS,0.082500,0.060000,0.002500,0.000000,0.020000,0
CA,95251,CALAVERAS,0.082500,0.060000,0.002500,0.000000,0.020000,0
CA,95252,CALAVERAS,0.082500,0.060000,0.002500,0.000000,0.020000,0
CA,95253,SAN JOAQUIN,0.077500,0.060000,0.002500,0.000000,0.015000,0
CA,95254,CALAVERAS,0.082500,0.060000,0.002500,0.000000,0.020000,0
CA,95255,CALAVERAS,0.082500,0.060000,0.002500,0.000000,0.020000,0
CA,95257,CALAVERAS,0.082500,0.060000,0.002500,0.000000,0.020000,0
CA,95258,LODI,0.082500,0.060000,0.002500,0.005000,0.015000,0
CA,95267,STOCKTON,0.090000,0.060000,0.002500,0.012500,0.015000,0
CA,95269,STOCKTON,0.090000,0.060000,0.002500,0.012500,0.015000,0
CA,95296,STOCKTON,0.090000,0.060000,0.002500,0.012500,0.015000,0
CA,95297,STOCKTON,0.090000,0.060000,0.002500,0.012500,0.015000,0
CA,95301,ATWATER,0.087500,0.060000,0.002500,0.010000,0.015000,0
CA,95303,MERCED,0.077500,0.060000,0.002500,0.000000,0.015000,0
CA,95304,TRACY,0.082500,0.060000,0.002500,0.005000,0.015000,0
CA,95305,TUOLUMNE CO LOCAL TAX SL,0.072500,0.060000,0.002500,0.000000,0.010000,0
CA,95306,MARIPOSA,0.082500,0.060000,0.002500,0.000000,0.020000,0
CA,95307,CERES,0.083750,0.060000,0.002500,0.005000,0.016250,0
CA,95309,TUOLUMNE CO LOCAL TAX SL,0.072500,0.060000,0.002500,0.000000,0.010000,0
CA,95310,TUOLUMNE CO LOCAL TAX SL,0.072500,0.060000,0.002500,0.000000,0.010000,0
CA,95311,MARIPOSA,0.082500,0.060000,0.002500,0.000000,0.020000,0
CA,95312,MERCED,0.077500,0.060000,0.002500,0.000000,0.015000,0
CA,95313,STANISLAUS,0.078750,0.060000,0.002500,0.000000,0.016250,0
CA,95315,MERCED,0.077500,0.060000,0.002500,0.000000,0.015000,0
CA,95316,STANISLAUS,0.078750,0.060000,0.002500,0.000000,0.016250,0
CA,95317,MERCED,0.077500,0.060000,0.002500,0.000000,0.015000,0
CA,95318,MARIPOSA,0.082500,0.060000,0.002500,0.000000,0.020000,0
CA,95319,STANISLAUS,0.078750,0.060000,0.002500,0.000000,0.016250,0
CA,95320,ESCALON,0.087500,0.060000,0.002500,0.010000,0.015000,0
CA,95321,MARIPOSA,0.082500,0.060000,0.002500,0.000000,0.020000,0
CA,95322,GUSTINE,0.082500,0.060000,0.002500,0.005000,0.015000,0
CA,95323,STANISLAUS,0.078750,0.060000,0.002500,0.000000,0.016250,0
CA,95324,STANISLAUS,0.078750,0.060000,0.002500,0.000000,0.016250,0
CA,95325,MARIPOSA,0.082500,0.060000,0.002500,0.000000,0.020000,0
CA,95326,CERES,0.083750,0.060000,0.002500,0.005000,0.016250,0
CA,95327,TUOLUMNE CO LOCAL TAX SL,0.072500,0.060000,0.002500,0.000000,0.010000,0
CA,95328,STANISLAUS,0.078750,0.060000,0.002500,0.000000,0.016250,0
CA,95329,MARIPOSA,0.082500,0.060000,0.002500,0.000000,0.020000,0
CA,95330,LATHROP,0.087500,0.060000,0.002500,0.010000,0.015000,0
CA,95333,MERCED,0.077500,0.060000,0.002500,0.000000,0.015000,0
CA,95334,LIVINGSTON,0.087500,0.060000,0.002500,0.010000,0.015000,0
CA,95335,TUOLUMNE CO LOCAL TAX SL,0.072500,0.060000,0.002500,0.000000,0.010000,0
CA,95336,STOCKTON,0.090000,0.060000,0.002500,0.012500,0.015000,0
CA,95337,MANTECA,0.090000,0.060000,0.002500,0.012500,0.015000,0
CA,95338,MARIPOSA,0.082500,0.060000,0.002500,0.000000,0.020000,0
CA,95340,MERCED,0.082500,0.060000,0.002500,0.005000,0.015000,0
CA,95341,LOS BANOS,0.087500,0.060000,0.002500,0.010000,0.015000,0
CA,95343,MERCED,0.082500,0.060000,0.002500,0.005000,0.015000,0
CA,95344,MERCED,0.082500,0.060000,0.002500,0.005000,0.015000,0
CA,95345,MARIPOSA,0.082500,0.060000,0.002500,0.000000,0.020000,0
CA,95346,TUOLUMNE CO LOCAL TAX SL,0.072500,0.060000,0.002500,0.000000,0.010000,0
CA,95347,TUOLUMNE CO LOCAL TAX SL,0.072500,0.060000,0.002500,0.000000,0.010000,0
CA,95348,MERCED,0.082500,0.060000,0.002500,0.005000,0.015000,0
CA,95350,MODESTO,0.088750,0.060000,0.002500,0.010000,0.016250,0
CA,95351,MODESTO,0.088750,0.060000,0.002500,0.010000,0.016250,0
CA,95352,MODESTO,0.088750,0.060000,0.002500,0.010000,0.016250,0
CA,95353,MODESTO,0.088750,0.060000,0.002500,0.010000,0.016250,0
CA,95354,MODESTO,0.088750,0.060000,0.002500,0.010000,0.016250,0
CA,95355,MODESTO,0.088750,0.060000,0.002500,0.010000,0.016250,0
CA,95356,MODESTO,0.088750,0.060000,0.002500,0.010000,0.016250,0
CA,95357,MODESTO,0.088750,0.060000,0.002500,0.010000,0.016250,0
CA,95358,MODESTO,0.088750,0.060000,0.002500,0.010000,0.016250,0
CA,95360,NEWMAN,0.078750,0.060000,0.002500,0.000000,0.016250,0
CA,95361,OAKDALE,0.083750,0.060000,0.002500,0.005000,0.016250,0
CA,95363,PATTERSON,0.078750,0.060000,0.002500,0.000000,0.016250,0
CA,95364,TUOLUMNE CO LOCAL TAX SL,0.072500,0.060000,0.002500,0.000000,0.010000,0
CA,95365,MERCED,0.077500,0.060000,0.002500,0.000000,0.015000,0
CA,95366,MANTECA,0.090000,0.060000,0.002500,0.012500,0.015000,0
CA,95367,RIVERBANK,0.078750,0.060000,0.002500,0.000000,0.016250,0
CA,95368,STANISLAUS,0.078750,0.060000,0.002500,0.000000,0.016250,0
CA,95369,MARIPOSA,0.082500,0.060000,0.002500,0.000000,0.020000,0
CA,95370,SONORA,0.087500,0.060000,0.002500,0.015000,0.010000,0
CA,95372,TUOLUMNE CO LOCAL TAX SL,0.072500,0.060000,0.002500,0.000000,0.010000,0
CA,95373,TUOLUMNE CO LOCAL TAX SL,0.072500,0.060000,0.002500,0.000000,0.010000,0
CA,95374,MERCED,0.077500,0.060000,0.002500,0.000000,0.015000,0
CA,95375,TUOLUMNE CO LOCAL TAX SL,0.072500,0.060000,0.002500,0.000000,0.010000,0
CA,95376,TRACY,0.082500,0.060000,0.002500,0.005000,0.015000,0
CA,95377,TRI VALLEY TOURISM MARKETING DISTRICT,0.102500,0.060000,0.002500,0.000000,0.040000,0
CA,95378,TRACY,0.082500,0.060000,0.002500,0.005000,0.015000,0
CA,95379,TUOLUMNE CO LOCAL TAX SL,0.072500,0.060000,0.002500,0.000000,0.010000,0
CA,95380,TURLOCK,0.086250,0.060000,0.002500,0.007500,0.016250,0
CA,95381,TURLOCK,0.086250,0.060000,0.002500,0.007500,0.016250,0
CA,95382,TURLOCK,0.086250,0.060000,0.002500,0.007500,0.016250,0
CA,95383,TUOLUMNE CO LOCAL TAX SL,0.072500,0.060000,0.002500,0.000000,0.010000,0
CA,95385,STANISLAUS,0.078750,0.060000,0.002500,0.000000,0.016250,0
CA,95386,WATERFORD,0.078750,0.060000,0.002500,0.000000,0.016250,0
CA,95387,PATTERSON,0.078750,0.060000,0.002500,0.000000,0.016250,0
CA,95388,ATWATER,0.087500,0.060000,0.002500,0.010000,0.015000,0
CA,95389,MARIPOSA,0.082500,0.060000,0.002500,0.000000,0.020000,0
CA,95391,ALAMEDA,0.102500,0.060000,0.002500,0.000000,0.040000,0
CA,95397,MODESTO,0.088750,0.060000,0.002500,0.010000,0.016250,0
CA,95401,SANTA ROSA,0.100000,0.060000,0.002500,0.007500,0.030000,0
CA,95402,SANTA ROSA,0.100000,0.060000,0.002500,0.007500,0.030000,0
CA,95403,SANTA ROSA,0.100000,0.060000,0.002500,0.007500,0.030000,0
CA,95404,SANTA ROSA,0.100000,0.060000,0.002500,0.007500,0.030000,0
CA,95405,SANTA ROSA,0.100000,0.060000,0.002500,0.007500,0.030000,0
CA,95406,SANTA ROSA,0.100000,0.060000,0.002500,0.007500,0.030000,0
CA,95407,SANTA ROSA,0.100000,0.060000,0.002500,0.007500,0.030000,0
CA,95409,SANTA ROSA,0.100000,0.060000,0.002500,0.007500,0.030000,0
CA,95410,MENDOCINO COUNTY LODGING BUSINESS IMPROVEMENT DISTRICT,0.078750,0.060000,0.002500,0.000000,0.016250,0
CA,95412,THE SEA RANCH,0.092500,0.060000,0.002500,0.000000,0.030000,0
CA,95415,MENDOCINO COUNTY LODGING BUSINESS IMPROVEMENT DISTRICT,0.078750,0.060000,0.002500,0.000000,0.016250,0
CA,95416,SONOMA,0.102500,0.060000,0.002500,0.010000,0.030000,0
CA,95417,MENDOCINO COUNTY LODGING BUSINESS IMPROVEMENT DISTRICT,0.078750,0.060000,0.002500,0.000000,0.016250,0
CA,95418,UKIAH,0.088750,0.060000,0.002500,0.010000,0.016250,0
CA,95419,SEBASTOPOL,0.105000,0.060000,0.002500,0.012500,0.030000,0
CA,95420,FORT BRAGG,0.092500,0.060000,0.002500,0.013750,0.016250,0
CA,95421,SONOMA COUNTY TOURISM BUSINESS IMPROVEMENT AREA,0.092500,0.060000,0.002500,0.000000,0.030000,0
CA,95422,CLEARLAKE,0.087500,0.060000,0.002500,0.015000,0.010000,0
CA,95423,LAKE,0.072500,0.060000,0.002500,0.000000,0.010000,0
CA,95424,CLEARLAKE,0.087500,0.060000,0.002500,0.015000,0.010000,0
CA,95425,CLOVERDALE,0.100000,0.060000,0.002500,0.007500,0.030000,0
CA,95426,LAKE,0.072500,0.060000,0.002500,0.000000,0.010000,0
CA,95427,MENDOCINO COUNTY LODGING BUSINESS IMPROVEMENT DISTRICT,0.078750,0.060000,0.002500,0.000000,0.016250,0
CA,95428,MENDOCINO COUNTY LODGING BUSINESS IMPROVEMENT DISTRICT,0.078750,0.060000,0.002500,0.000000,0.016250,0
CA,95429,WILLITS,0.091250,0.060000,0.002500,0.012500,0.016250,0
CA,95430,SONOMA COUNTY TOURISM BUSINESS IMPROVEMENT AREA,0.092500,0.060000,0.002500,0.000000,0.030000,0
CA,95431,SONOMA COUNTY TOURISM BUSINESS IMPROVEMENT AREA,0.092500,0.060000,0.002500,0.000000,0.030000,0
CA,95432,MENDOCINO COUNTY LODGING BUSINESS IMPROVEMENT DISTRICT,0.078750,0.060000,0.002500,0.000000,0.016250,0
CA,95433,SONOMA,0.102500,0.060000,0.002500,0.010000,0.030000,0
CA,95435,LAKEPORT,0.087500,0.060000,0.002500,0.015000,0.010000,0
CA,95436,WINDSOR,0.092500,0.060000,0.002500,0.000000,0.030000,0
CA,95437,FORT BRAGG,0.092500,0.060000,0.002500,0.013750,0.016250,0
CA,95439,SONOMA COUNTY TOURISM BUSINESS IMPROVEMENT AREA,0.092500,0.060000,0.002500,0.000000,0.030000,0
CA,95441,SONOMA COUNTY TOURISM BUSINESS IMPROVEMENT AREA,0.092500,0.060000,0.002500,0.000000,0.030000,0
CA,95442,SONOMA COUNTY TOURISM BUSINESS IMPROVEMENT AREA,0.092500,0.060000,0.002500,0.000000,0.030000,0
CA,95443,LAKE,0.072500,0.060000,0.002500,0.000000,0.010000,0
CA,95444,SONOMA COUNTY TOURISM BUSINESS IMPROVEMENT AREA,0.092500,0.060000,0.002500,0.000000,0.030000,0
CA,95445,THE SEA RANCH,0.092500,0.060000,0.002500,0.000000,0.030000,0
CA,95446,SONOMA COUNTY TOURISM BUSINESS IMPROVEMENT AREA,0.092500,0.060000,0.002500,0.000000,0.030000,0
CA,95448,HEALDSBURG,0.097500,0.060000,0.002500,0.005000,0.030000,0
CA,95449,MENDOCINO COUNTY LODGING BUSINESS IMPROVEMENT DISTRICT,0.078750,0.060000,0.002500,0.000000,0.016250,0
CA,95450,SONOMA COUNTY TOURISM BUSINESS IMPROVEMENT AREA,0.092500,0.060000,0.002500,0.000000,0.030000,0
CA,95451,LAKE,0.072500,0.060000,0.002500,0.000000,0.010000,0
CA,95452,SONOMA COUNTY TOURISM BUSINESS IMPROVEMENT AREA,0.092500,0.060000,0.002500,0.000000,0.030000,0
CA,95453,LAKEPORT,0.087500,0.060000,0.002500,0.015000,0.010000,0
CA,95454,MENDOCINO COUNTY LODGING BUSINESS IMPROVEMENT DISTRICT,0.078750,0.060000,0.002500,0.000000,0.016250,0
CA,95456,MENDOCINO COUNTY LODGING BUSINESS IMPROVEMENT DISTRICT,0.078750,0.060000,0.002500,0.000000,0.016250,0
CA,95457,LAKE,0.072500,0.060000,0.002500,0.000000,0.010000,0
CA,95458,LAKE,0.072500,0.060000,0.002500,0.000000,0.010000,0
CA,95459,MENDOCINO COUNTY LODGING BUSINESS IMPROVEMENT DISTRICT,0.078750,0.060000,0.002500,0.000000,0.016250,0
CA,95460,MENDOCINO COUNTY LODGING BUSINESS IMPROVEMENT DISTRICT,0.078750,0.060000,0.002500,0.000000,0.016250,0
CA,95461,SONOMA COUNTY TOURISM BUSINESS IMPROVEMENT AREA,0.092500,0.060000,0.002500,0.000000,0.030000,0
CA,95462,SONOMA COUNTY TOURISM BUSINESS IMPROVEMENT AREA,0.092500,0.060000,0.002500,0.000000,0.030000,0
CA,95463,MENDOCINO COUNTY LODGING BUSINESS IMPROVEMENT DISTRICT,0.078750,0.060000,0.002500,0.000000,0.016250,0
CA,95464,LAKE,0.072500,0.060000,0.002500,0.000000,0.010000,0
CA,95465,SONOMA COUNTY TOURISM BUSINESS IMPROVEMENT AREA,0.092500,0.060000,0.002500,0.000000,0.030000,0
CA,95466,MENDOCINO COUNTY LODGING BUSINESS IMPROVEMENT DISTRICT,0.078750,0.060000,0.002500,0.000000,0.016250,0
CA,95467,LAKE,0.072500,0.060000,0.002500,0.000000,0.010000,0
CA,95468,POINT ARENA,0.092500,0.060000,0.002500,0.013750,0.016250,0
CA,95469,MENDOCINO COUNTY LODGING BUSINESS IMPROVEMENT DISTRICT,0.078750,0.060000,0.002500,0.000000,0.016250,0
CA,95470,COYOTE VALLEY RESERVATION,0.078750,0.060000,0.002500,0.000000,0.016250,0
CA,95471,SONOMA COUNTY TOURISM BUSINESS IMPROVEMENT AREA,0.092500,0.060000,0.002500,0.000000,0.030000,0
CA,95472,SEBASTOPOL,0.105000,0.060000,0.002500,0.012500,0.030000,0
CA,95473,SEBASTOPOL,0.105000,0.060000,0.002500,0.012500,0.030000,0
CA,95476,SONOMA,0.102500,0.060000,0.002500,0.010000,0.030000,0
CA,95480,THE SEA RANCH,0.092500,0.060000,0.002500,0.000000,0.030000,0
CA,95481,MENDOCINO COUNTY LODGING BUSINESS IMPROVEMENT DISTRICT,0.078750,0.060000,0.002500,0.000000,0.016250,0
CA,95482,UKIAH,0.088750,0.060000,0.002500,0.010000,0.016250,0
CA,95485,LAKEPORT,0.087500,0.060000,0.002500,0.015000,0.010000,0
CA,95486,SONOMA COUNTY TOURISM BUSINESS IMPROVEMENT AREA,0.092500,0.060000,0.002500,0.000000,0.030000,0
CA,95487,SONOMA COUNTY TOURISM BUSINESS IMPROVEMENT AREA,0.092500,0.060000,0.002500,0.000000,0.030000,0
CA,95488,MENDOCINO COUNTY LODGING BUSINESS IMPROVEMENT DISTRICT,0.078750,0.060000,0.002500,0.000000,0.016250,0
CA,95490,WILLITS,0.091250,0.060000,0.002500,0.012500,0.016250,0
CA,95492,SONOMA COUNTY TOURISM BUSINESS IMPROVEMENT AREA,0.092500,0.060000,0.002500,0.000000,0.030000,0
CA,95493,LAKE,0.072500,0.060000,0.002500,0.000000,0.010000,0
CA,95494,MENDOCINO COUNTY LODGING BUSINESS IMPROVEMENT DISTRICT,0.078750,0.060000,0.002500,0.000000,0.016250,0
CA,95497,THE SEA RANCH,0.092500,0.060000,0.002500,0.000000,0.030000,0
CA,95501,EUREKA,0.102500,0.060000,0.002500,0.015000,0.025000,0
CA,95502,EUREKA,0.102500,0.060000,0.002500,0.015000,0.025000,0
CA,95503,EUREKA,0.102500,0.060000,0.002500,0.015000,0.025000,0
CA,95511,HUMBOLDT COUNTY TOURISM BUSINESS IMPROVEMENT DISTRICT,0.087500,0.060000,0.002500,0.000000,0.025000,0
CA,95514,HUMBOLDT COUNTY TOURISM BUSINESS IMPROVEMENT DISTRICT,0.087500,0.060000,0.002500,0.000000,0.025000,0
CA,95518,ARCATA,0.102500,0.060000,0.002500,0.015000,0.025000,0
CA,95519,ARCATA,0.102500,0.060000,0.002500,0.015000,0.025000,0
CA,95521,ARCATA,0.102500,0.060000,0.002500,0.015000,0.025000,0
CA,95524,ARCATA,0.102500,0.060000,0.002500,0.015000,0.025000,0
CA,95525,BLUE LAKE,0.097500,0.060000,0.002500,0.010000,0.025000,0
CA,95526,HUMBOLDT COUNTY TOURISM BUSINESS IMPROVEMENT DISTRICT,0.087500,0.060000,0.002500,0.000000,0.025000,0
CA,95527,TRINITY CO LOCAL TAX SL,0.072500,0.060000,0.002500,0.000000,0.010000,0
CA,95528,HUMBOLDT COUNTY TOURISM BUSINESS IMPROVEMENT DISTRICT,0.087500,0.060000,0.002500,0.000000,0.025000,0
CA,95531,CRESCENT CITY,0.082500,0.060000,0.002500,0.010000,0.010000,0
CA,95532,CRESCENT CITY,0.082500,0.060000,0.002500,0.010000,0.010000,0
CA,95534,HUMBOLDT COUNTY TOURISM BUSINESS IMPROVEMENT DISTRICT,0.087500,0.060000,0.002500,0.000000,0.025000,0
CA,95536,FERNDALE,0.095000,0.060000,0.002500,0.007500,0.025000,0
CA,95537,HUMBOLDT COUNTY TOURISM BUSINESS IMPROVEMENT DISTRICT,0.087500,0.060000,0.002500,0.000000,0.025000,0
CA,95538,CRESCENT CITY,0.082500,0.060000,0.002500,0.010000,0.010000,0
CA,95540,FORTUNA,0.095000,0.060000,0.002500,0.007500,0.025000,0
CA,95542,HUMBOLDT COUNTY TOURISM BUSINESS IMPROVEMENT DISTRICT,0.087500,0.060000,0.002500,0.000000,0.025000,0
CA,95543,DEL NORTE COUNTY DISTRICT TAX SP,0.082500,0.060000,0.002500,0.000000,0.020000,0
CA,95545,HUMBOLDT COUNTY TOURISM BUSINESS IMPROVEMENT DISTRICT,0.087500,0.060000,0.002500,0.000000,0.025000,0
CA,95546,HUMBOLDT COUNTY TOURISM BUSINESS IMPROVEMENT DISTRICT,0.087500,0.060000,0.002500,0.000000,0.025000,0
CA,95547,HUMBOLDT COUNTY TOURISM BUSINESS IMPROVEMENT DISTRICT,0.087500,0.060000,0.002500,0.000000,0.025000,0
CA,95548,DEL NORTE COUNTY DISTRICT TAX SP,0.082500,0.060000,0.002500,0.000000,0.020000,0
CA,95549,HUMBOLDT COUNTY TOURISM BUSINESS IMPROVEMENT DISTRICT,0.087500,0.060000,0.002500,0.000000,0.025000,0
CA,95550,HUMBOLDT COUNTY TOURISM BUSINESS IMPROVEMENT DISTRICT,0.087500,0.060000,0.002500,0.000000,0.025000,0
CA,95551,HUMBOLDT COUNTY TOURISM BUSINESS IMPROVEMENT DISTRICT,0.087500,0.060000,0.002500,0.000000,0.025000,0
CA,95552,TRINITY CO LOCAL TAX SL,0.072500,0.060000,0.002500,0.000000,0.010000,0
CA,95553,HUMBOLDT COUNTY TOURISM BUSINESS IMPROVEMENT DISTRICT,0.087500,0.060000,0.002500,0.000000,0.025000,0
CA,95554,HUMBOLDT COUNTY TOURISM BUSINESS IMPROVEMENT DISTRICT,0.087500,0.060000,0.002500,0.000000,0.025000,0
CA,95555,HUMBOLDT COUNTY TOURISM BUSINESS IMPROVEMENT DISTRICT,0.087500,0.060000,0.002500,0.000000,0.025000,0
CA,95556,HUMBOLDT COUNTY TOURISM BUSINESS IMPROVEMENT DISTRICT,0.087500,0.060000,0.002500,0.000000,0.025000,0
CA,95558,HUMBOLDT COUNTY TOURISM BUSINESS IMPROVEMENT DISTRICT,0.087500,0.060000,0.002500,0.000000,0.025000,0
CA,95559,HUMBOLDT COUNTY TOURISM BUSINESS IMPROVEMENT DISTRICT,0.087500,0.060000,0.002500,0.000000,0.025000,0
CA,95560,HUMBOLDT COUNTY TOURISM BUSINESS IMPROVEMENT DISTRICT,0.087500,0.060000,0.002500,0.000000,0.025000,0
CA,95562,RIO DELL,0.095000,0.060000,0.002500,0.007500,0.025000,0
CA,95563,TRINITY CO LOCAL TAX SL,0.072500,0.060000,0.002500,0.000000,0.010000,0
CA,95564,HUMBOLDT COUNTY TOURISM BUSINESS IMPROVEMENT DISTRICT,0.087500,0.060000,0.002500,0.000000,0.025000,0
CA,95565,HUMBOLDT COUNTY TOURISM BUSINESS IMPROVEMENT DISTRICT,0.087500,0.060000,0.002500,0.000000,0.025000,0
CA,95567,DEL NORTE COUNTY DISTRICT TAX SP,0.082500,0.060000,0.002500,0.000000,0.020000,0
CA,95568,HUMBOLDT COUNTY TOURISM BUSINESS IMPROVEMENT DISTRICT,0.087500,0.060000,0.002500,0.000000,0.025000,0
CA,95569,HUMBOLDT COUNTY TOURISM BUSINESS IMPROVEMENT DISTRICT,0.087500,0.060000,0.002500,0.000000,0.025000,0
CA,95570,TRINIDAD,0.095000,0.060000,0.002500,0.007500,0.025000,0
CA,95571,HUMBOLDT COUNTY TOURISM BUSINESS IMPROVEMENT DISTRICT,0.087500,0.060000,0.002500,0.000000,0.025000,0
CA,95573,HUMBOLDT COUNTY TOURISM BUSINESS IMPROVEMENT DISTRICT,0.087500,0.060000,0.002500,0.000000,0.025000,0
CA,95585,MENDOCINO COUNTY LODGING BUSINESS IMPROVEMENT DISTRICT,0.078750,0.060000,0.002500,0.000000,0.016250,0
CA,95587,HUMBOLDT COUNTY TOURISM BUSINESS IMPROVEMENT DISTRICT,0.087500,0.060000,0.002500,0.000000,0.025000,0
CA,95589,HUMBOLDT COUNTY TOURISM BUSINESS IMPROVEMENT DISTRICT,0.087500,0.060000,0.002500,0.000000,0.025000,0
CA,95595,TRINITY CO LOCAL TAX SL,0.072500,0.060000,0.002500,0.000000,0.010000,0
CA,95601,AMADOR,0.080000,0.060000,0.002500,0.002500,0.015000,0
CA,95602,NEVADA CO LOCAL TAX SL,0.075000,0.060000,0.002500,0.000000,0.012500,0
CA,95603,AUBURN,0.072500,0.060000,0.002500,0.000000,0.010000,0
CA,95604,AUBURN,0.072500,0.060000,0.002500,0.000000,0.010000,0
CA,95605,WEST SACRAMENTO,0.092500,0.060000,0.002500,0.020000,0.010000,0
CA,95606,YOLO COUNTY TOURISM BUSINESS IMPROVEMENT DISTRICT,0.072500,0.060000,0.002500,0.000000,0.010000,0
CA,95607,YOLO COUNTY TOURISM BUSINESS IMPROVEMENT DISTRICT,0.072500,0.060000,0.002500,0.000000,0.010000,0
CA,95608,SACRAMENTO TMD ZONE 4,0.077500,0.060000,0.002500,0.000000,0.015000,0
CA,95609,SACRAMENTO TMD ZONE 4,0.077500,0.060000,0.002500,0.000000,0.015000,0
CA,95610,CITRUS HEIGHTS,0.077500,0.060000,0.002500,0.000000,0.015000,0
CA,95611,CITRUS HEIGHTS,0.077500,0.060000,0.002500,0.000000,0.015000,0
CA,95612,SOLANO CO LOCAL TAX SL,0.073750,0.060000,0.002500,0.000000,0.011250,0
CA,95613,EL DORADO CO LOCAL TAX SL,0.072500,0.060000,0.002500,0.000000,0.010000,0
CA,95614,EL DORADO CO LOCAL TAX SL,0.072500,0.060000,0.002500,0.000000,0.010000,0
CA,95615,SACRAMENTO TMD ZONE 4,0.077500,0.060000,0.002500,0.000000,0.015000,0
CA,95616,DAVIS,0.092500,0.060000,0.002500,0.020000,0.010000,0
CA,95617,DAVIS,0.092500,0.060000,0.002500,0.020000,0.010000,0
CA,95618,DAVIS,0.092500,0.060000,0.002500,0.020000,0.010000,0
CA,95619,EL DORADO CO LOCAL TAX SL,0.072500,0.060000,0.002500,0.000000,0.010000,0
CA,95620,DIXON,0.083750,0.060000,0.002500,0.010000,0.011250,0
CA,95621,SACRAMENTO TMD ZONE 4,0.077500,0.060000,0.002500,0.000000,0.015000,0
CA,95623,EL DORADO CO LOCAL TAX SL,0.072500,0.060000,0.002500,0.000000,0.010000,0
CA,95624,ELK GROVE,0.087500,0.060000,0.002500,0.010000,0.015000,0
CA,95625,SOLANO CO LOCAL TAX SL,0.073750,0.060000,0.002500,0.000000,0.011250,0
CA,95626,SACRAMENTO TMD ZONE 4,0.077500,0.060000,0.002500,0.000000,0.015000,0
CA,95627,YOLO COUNTY TOURISM BUSINESS IMPROVEMENT DISTRICT,0.072500,0.060000,0.002500,0.000000,0.010000,0
CA,95628,CITRUS HEIGHTS,0.077500,0.060000,0.002500,0.000000,0.015000,0
CA,95629,AMADOR,0.077500,0.060000,0.002500,0.000000,0.015000,0
CA,95630,FOLSOM TOURISM BUSINESS IMPROVEMENT DISTRICT,0.077500,0.060000,0.002500,0.000000,0.015000,0
CA,95631,PLACER COUNTY WESTERN SLOPE,0.072500,0.060000,0.002500,0.000000,0.010000,0
CA,95632,GALT,0.092500,0.060000,0.002500,0.015000,0.015000,0
CA,95633,EL DORADO CO LOCAL TAX SL,0.072500,0.060000,0.002500,0.000000,0.010000,0
CA,95634,EL DORADO CO LOCAL TAX SL,0.072500,0.060000,0.002500,0.000000,0.010000,0
CA,95635,EL DORADO CO LOCAL TAX SL,0.072500,0.060000,0.002500,0.000000,0.010000,0
CA,95636,EL DORADO CO LOCAL TAX SL,0.072500,0.060000,0.002500,0.000000,0.010000,0
CA,95637,YOLO COUNTY TOURISM BUSINESS IMPROVEMENT DISTRICT,0.072500,0.060000,0.002500,0.000000,0.010000,0
CA,95638,SACRAMENTO TMD ZONE 4,0.077500,0.060000,0.002500,0.000000,0.015000,0
CA,95639,SACRAMENTO TMD ZONE 4,0.077500,0.060000,0.002500,0.000000,0.015000,0
CA,95640,IONE,0.077500,0.060000,0.002500,0.000000,0.015000,0
CA,95641,ISLETON,0.087500,0.060000,0.002500,0.010000,0.015000,0
CA,95642,JACKSON,0.077500,0.060000,0.002500,0.000000,0.015000,0
CA,95644,AMADOR,0.077500,0.060000,0.002500,0.000000,0.015000,0
CA,95645,COLUSA CO LOCAL TAX SL,0.077500,0.060000,0.002500,0.000000,0.015000,0
CA,95646,AMADOR,0.077500,0.060000,0.002500,0.000000,0.015000,0
CA,95648,LINCOLN,0.072500,0.060000,0.002500,0.000000,0.010000,0
CA,95650,LOOMIS,0.075000,0.060000,0.002500,0.002500,0.010000,0
CA,95651,EL DORADO CO LOCAL TAX SL,0.072500,0.060000,0.002500,0.000000,0.010000,0
CA,95652,SACRAMENTO,0.087500,0.060000,0.002500,0.010000,0.015000,0
CA,95653,YOLO COUNTY TOURISM BUSINESS IMPROVEMENT DISTRICT,0.072500,0.060000,0.002500,0.000000,0.010000,0
CA,95654,AMADOR,0.077500,0.060000,0.002500,0.000000,0.015000,0
CA,95655,RANCHO CORDOVA TOURISM BUSINESS IMPROVEMENT DISTRICT,0.087500,0.060000,0.002500,0.010000,0.015000,0
CA,95656,EL DORADO CO LOCAL TAX SL,0.072500,0.060000,0.002500,0.000000,0.010000,0
CA,95658,AUBURN,0.072500,0.060000,0.002500,0.000000,0.010000,0
CA,95659,SUTTER CO LOCAL TAX SL,0.072500,0.060000,0.002500,0.000000,0.010000,0
CA,95660,SACRAMENTO,0.087500,0.060000,0.002500,0.010000,0.015000,0
CA,95661,ROSEVILLE,0.077500,0.060000,0.002500,0.005000,0.010000,0
CA,95662,CITRUS HEIGHTS,0.077500,0.060000,0.002500,0.000000,0.015000,0
CA,95663,PLACER COUNTY WESTERN SLOPE,0.072500,0.060000,0.002500,0.000000,0.010000,0
CA,95664,EL DORADO CO LOCAL TAX SL,0.072500,0.060000,0.002500,0.000000,0.010000,0
CA,95665,AMADOR,0.077500,0.060000,0.002500,0.000000,0.015000,0
CA,95666,AMADOR,0.077500,0.060000,0.002500,0.000000,0.015000,0
CA,95667,PLACERVILLE,0.082500,0.060000,0.002500,0.010000,0.010000,0
CA,95668,ROSEVILLE,0.077500,0.060000,0.002500,0.005000,0.010000,0
CA,95669,PLYMOUTH,0.077500,0.060000,0.002500,0.000000,0.015000,0
CA,95670,RANCHO CORDOVA TOURISM BUSINESS IMPROVEMENT DISTRICT,0.087500,0.060000,0.002500,0.010000,0.015000,0
CA,95671,FOLSOM TOURISM BUSINESS IMPROVEMENT DISTRICT,0.077500,0.060000,0.002500,0.000000,0.015000,0
CA,95672,EL DORADO CO LOCAL TAX SL,0.072500,0.060000,0.002500,0.000000,0.010000,0
CA,95673,SACRAMENTO,0.087500,0.060000,0.002500,0.010000,0.015000,0
CA,95674,SUTTER CO LOCAL TAX SL,0.072500,0.060000,0.002500,0.000000,0.010000,0
CA,95675,AMADOR,0.077500,0.060000,0.002500,0.000000,0.015000,0
CA,95676,SUTTER CO LOCAL TAX SL,0.072500,0.060000,0.002500,0.000000,0.010000,0
CA,95677,LOOMIS,0.075000,0.060000,0.002500,0.002500,0.010000,0
CA,95678,ROSEVILLE,0.077500,0.060000,0.002500,0.005000,0.010000,0
CA,95679,YOLO COUNTY TOURISM BUSINESS IMPROVEMENT DISTRICT,0.072500,0.060000,0.002500,0.000000,0.010000,0
CA,95680,SACRAMENTO TMD ZONE 4,0.077500,0.060000,0.002500,0.000000,0.015000,0
CA,95681,PLACER COUNTY WESTERN SLOPE,0.072500,0.060000,0.002500,0.000000,0.010000,0
CA,95682,EL DORADO CO LOCAL TAX SL,0.072500,0.060000,0.002500,0.000000,0.010000,0
CA,95683,SACRAMENTO TMD ZONE 4,0.077500,0.060000,0.002500,0.000000,0.015000,0
CA,95684,EL DORADO CO LOCAL TAX SL,0.072500,0.060000,0.002500,0.000000,0.010000,0
CA,95685,SUTTER CREEK,0.087500,0.060000,0.002500,0.010000,0.015000,0
CA,95686,SAN JOAQUIN,0.077500,0.060000,0.002500,0.000000,0.015000,0
CA,95687,FAIRFIELD,0.083750,0.060000,0.002500,0.010000,0.011250,0
CA,95688,VACAVILLE,0.081250,0.060000,0.002500,0.007500,0.011250,0
CA,95689,AMADOR,0.077500,0.060000,0.002500,0.000000,0.015000,0
CA,95690,SACRAMENTO TMD ZONE 4,0.077500,0.060000,0.002500,0.000000,0.015000,0
CA,95691,WEST SACRAMENTO,0.092500,0.060000,0.002500,0.020000,0.010000,0
CA,95692,YUBA,0.082500,0.060000,0.002500,0.000000,0.020000,0
CA,95693,SACRAMENTO TMD ZONE 4,0.077500,0.060000,0.002500,0.000000,0.015000,0
CA,95694,WINTERS,0.082500,0.060000,0.002500,0.010000,0.010000,0
CA,95695,WOODLAND,0.080000,0.060000,0.002500,0.007500,0.010000,0
CA,95696,VACAVILLE,0.081250,0.060000,0.002500,0.007500,0.011250,0
CA,95697,YOLO COUNTY TOURISM BUSINESS IMPROVEMENT DISTRICT,0.072500,0.060000,0.002500,0.000000,0.010000,0
CA,95698,YOLO COUNTY TOURISM BUSINESS IMPROVEMENT DISTRICT,0.072500,0.060000,0.002500,0.000000,0.010000,0
CA,95699,SUTTER CREEK,0.087500,0.060000,0.002500,0.010000,0.015000,0
CA,95701,PLACER COUNTY WESTERN SLOPE,0.072500,0.060000,0.002500,0.000000,0.010000,0
CA,95703,PLACER COUNTY WESTERN SLOPE,0.072500,0.060000,0.002500,0.000000,0.010000,0
CA,95709,EL DORADO CO LOCAL TAX SL,0.072500,0.060000,0.002500,0.000000,0.010000,0
CA,95712,NEVADA CO LOCAL TAX SL,0.075000,0.060000,0.002500,0.000000,0.012500,0
CA,95713,COLFAX,0.072500,0.060000,0.002500,0.000000,0.010000,0
CA,95714,PLACER COUNTY WESTERN SLOPE,0.072500,0.060000,0.002500,0.000000,0.010000,0
CA,95715,PLACER COUNTY WESTERN SLOPE,0.072500,0.060000,0.002500,0.000000,0.010000,0
CA,95717,PLACER COUNTY WESTERN SLOPE,0.072500,0.060000,0.002500,0.000000,0.010000,0
CA,95720,EL DORADO CO LOCAL TAX SL,0.072500,0.060000,0.002500,0.000000,0.010000,0
CA,95721,EL DORADO CO LOCAL TAX SL,0.072500,0.060000,0.002500,0.000000,0.010000,0
CA,95722,PLACER COUNTY WESTERN SLOPE,0.072500,0.060000,0.002500,0.000000,0.010000,0
CA,95724,NEVADA CO LOCAL TAX SL,0.075000,0.060000,0.002500,0.000000,0.012500,0
CA,95726,EL DORADO CO LOCAL TAX SL,0.072500,0.060000,0.002500,0.000000,0.010000,0
CA,95728,NEVADA CO LOCAL TAX SL,0.075000,0.060000,0.002500,0.000000,0.012500,0
CA,95735,EL DORADO CO LOCAL TAX SL,0.072500,0.060000,0.002500,0.000000,0.010000,0
CA,95736,PLACER COUNTY WESTERN SLOPE,0.072500,0.060000,0.002500,0.000000,0.010000,0
CA,95741,RANCHO CORDOVA TOURISM BUSINESS IMPROVEMENT DISTRICT,0.087500,0.060000,0.002500,0.010000,0.015000,0
CA,95742,RANCHO CORDOVA TOURISM BUSINESS IMPROVEMENT DISTRICT,0.087500,0.060000,0.002500,0.010000,0.015000,0
CA,95746,ROSEVILLE,0.077500,0.060000,0.002500,0.005000,0.010000,0
CA,95747,ROSEVILLE,0.077500,0.060000,0.002500,0.005000,0.010000,0
CA,95757,ELK GROVE,0.087500,0.060000,0.002500,0.010000,0.015000,0
CA,95758,SACRAMENTO,0.087500,0.060000,0.002500,0.010000,0.015000,0
CA,95759,ELK GROVE,0.087500,0.060000,0.002500,0.010000,0.015000,0
CA,95762,SACRAMENTO,0.077500,0.060000,0.002500,0.000000,0.015000,0
CA,95763,FOLSOM TOURISM BUSINESS IMPROVEMENT DISTRICT,0.077500,0.060000,0.002500,0.000000,0.015000,0
CA,95765,ROSEVILLE,0.077500,0.060000,0.002500,0.005000,0.010000,0
CA,95776,WOODLAND,0.080000,0.060000,0.002500,0.007500,0.010000,0
CA,95798,WEST SACRAMENTO,0.092500,0.060000,0.002500,0.020000,0.010000,0
CA,95799,WEST SACRAMENTO,0.092500,0.060000,0.002500,0.020000,0.010000,0
CA,95811,SACRAMENTO,0.087500,0.060000,0.002500,0.010000,0.015000,0
CA,95812,SACRAMENTO TMD ZONE 1,0.087500,0.060000,0.002500,0.010000,0.015000,0
CA,95813,SACRAMENTO TMD ZONE 2,0.087500,0.060000,0.002500,0.010000,0.015000,0
CA,95814,SACRAMENTO TMD ZONE 1,0.087500,0.060000,0.002500,0.010000,0.015000,0
CA,95815,SACRAMENTO TMD ZONE 3,0.087500,0.060000,0.002500,0.010000,0.015000,0
CA,95816,WEST SACRAMENTO,0.092500,0.060000,0.002500,0.020000,0.010000,0
CA,95817,SACRAMENTO,0.087500,0.060000,0.002500,0.010000,0.015000,0
CA,95818,SACRAMENTO,0.087500,0.060000,0.002500,0.010000,0.015000,0
CA,95819,SACRAMENTO,0.087500,0.060000,0.002500,0.010000,0.015000,0
CA,95820,SACRAMENTO,0.087500,0.060000,0.002500,0.010000,0.015000,0
CA,95821,SACRAMENTO,0.087500,0.060000,0.002500,0.010000,0.015000,0
CA,95822,SACRAMENTO,0.087500,0.060000,0.002500,0.010000,0.015000,0
CA,95823,SACRAMENTO,0.087500,0.060000,0.002500,0.010000,0.015000,0
CA,95824,SACRAMENTO,0.087500,0.060000,0.002500,0.010000,0.015000,0
CA,95825,SACRAMENTO,0.087500,0.060000,0.002500,0.010000,0.015000,0
CA,95826,SACRAMENTO,0.087500,0.060000,0.002500,0.010000,0.015000,0
CA,95827,RANCHO CORDOVA TOURISM BUSINESS IMPROVEMENT DISTRICT,0.087500,0.060000,0.002500,0.010000,0.015000,0
CA,95828,SACRAMENTO,0.087500,0.060000,0.002500,0.010000,0.015000,0
CA,95829,SACRAMENTO,0.087500,0.060000,0.002500,0.010000,0.015000,0
CA,95830,ELK GROVE,0.087500,0.060000,0.002500,0.010000,0.015000,0
CA,95831,SACRAMENTO,0.087500,0.060000,0.002500,0.010000,0.015000,0
CA,95832,SACRAMENTO,0.087500,0.060000,0.002500,0.010000,0.015000,0
CA,95833,SACRAMENTO TMD ZONE 3,0.087500,0.060000,0.002500,0.010000,0.015000,0
CA,95834,SACRAMENTO TMD ZONE 3,0.087500,0.060000,0.002500,0.010000,0.015000,0
CA,95835,SACRAMENTO TMD ZONE 3,0.087500,0.060000,0.002500,0.010000,0.015000,0
CA,95836,SUTTER CO LOCAL TAX SL,0.072500,0.060000,0.002500,0.000000,0.010000,0
CA,95837,SACRAMENTO TMD ZONE 3,0.077500,0.060000,0.002500,0.000000,0.015000,0
CA,95838,SACRAMENTO,0.087500,0.060000,0.002500,0.010000,0.015000,0
CA,95840,SACRAMENTO TMD ZONE 1,0.087500,0.060000,0.002500,0.010000,0.015000,0
CA,95841,SACRAMENTO,0.087500,0.060000,0.002500,0.010000,0.015000,0
CA,95842,SACRAMENTO TMD ZONE 4,0.077500,0.060000,0.002500,0.000000,0.015000,0
CA,95843,SACRAMENTO,0.087500,0.060000,0.002500,0.010000,0.015000,0
CA,95851,SACRAMENTO TMD ZONE 2,0.087500,0.060000,0.002500,0.010000,0.015000,0
CA,95852,SACRAMENTO TMD ZONE 2,0.087500,0.060000,0.002500,0.010000,0.015000,0
CA,95853,SACRAMENTO TMD ZONE 2,0.087500,0.060000,0.002500,0.010000,0.015000,0
CA,95860,SACRAMENTO TMD ZONE 2,0.077500,0.060000,0.002500,0.000000,0.015000,0
CA,95864,SACRAMENTO TMD ZONE 2,0.087500,0.060000,0.002500,0.010000,0.015000,0
CA,95865,SACRAMENTO TMD ZONE 2,0.077500,0.060000,0.002500,0.000000,0.015000,0
CA,95866,SACRAMENTO TMD ZONE 2,0.077500,0.060000,0.002500,0.000000,0.015000,0
CA,95867,SACRAMENTO TMD ZONE 1,0.087500,0.060000,0.002500,0.010000,0.015000,0
CA,95894,SACRAMENTO,0.087500,0.060000,0.002500,0.010000,0.015000,0
CA,95899,WEST SACRAMENTO,0.092500,0.060000,0.002500,0.020000,0.010000,0
CA,95901,BUTTE COUNTY TOURISM BUSINESS IMPROVEMENT DISTRICT,0.082500,0.060000,0.002500,0.000000,0.020000,0
CA,95903,YUBA,0.082500,0.060000,0.002500,0.000000,0.020000,0
CA,95910,SIERRA,0.072500,0.060000,0.002500,0.000000,0.010000,0
CA,95912,COLUSA CO LOCAL TAX SL,0.077500,0.060000,0.002500,0.000000,0.015000,0
CA,95913,GLENN,0.072500,0.060000,0.002500,0.000000,0.010000,0
CA,95914,BUTTE COUNTY TOURISM BUSINESS IMPROVEMENT DISTRICT,0.082500,0.060000,0.002500,0.000000,0.020000,0
CA,95915,PLUMAS CO LOCAL TAX SL,0.072500,0.060000,0.002500,0.000000,0.010000,0
CA,95916,BUTTE COUNTY TOURISM BUSINESS IMPROVEMENT DISTRICT,0.082500,0.060000,0.002500,0.000000,0.020000,0
CA,95917,BIGGS,0.082500,0.060000,0.002500,0.000000,0.020000,0
CA,95918,YUBA,0.082500,0.060000,0.002500,0.000000,0.020000,0
CA,95919,YUBA,0.082500,0.060000,0.002500,0.000000,0.020000,0
CA,95920,GLENN,0.072500,0.060000,0.002500,0.000000,0.010000,0
CA,95922,YUBA,0.082500,0.060000,0.002500,0.000000,0.020000,0
CA,95923,PLUMAS CO LOCAL TAX SL,0.072500,0.060000,0.002500,0.000000,0.010000,0
CA,95924,NEVADA CO LOCAL TAX SL,0.075000,0.060000,0.002500,0.000000,0.012500,0
CA,95925,YUBA,0.082500,0.060000,0.002500,0.000000,0.020000,0
CA,95926,CHICO,0.092500,0.060000,0.002500,0.010000,0.020000,0
CA,95927,CHICO,0.092500,0.060000,0.002500,0.010000,0.020000,0
CA,95928,CHICO,0.092500,0.060000,0.002500,0.010000,0.020000,0
CA,95929,CHICO,0.092500,0.060000,0.002500,0.010000,0.020000,0
CA,95930,BUTTE COUNTY TOURISM BUSINESS IMPROVEMENT DISTRICT,0.082500,0.060000,0.002500,0.000000,0.020000,0
CA,95932,COLUSA,0.087500,0.060000,0.002500,0.010000,0.015000,0
CA,95934,PLUMAS CO LOCAL TAX SL,0.072500,0.060000,0.002500,0.000000,0.010000,0
CA,95935,YUBA,0.082500,0.060000,0.002500,0.000000,0.020000,0
CA,95936,SIERRA,0.072500,0.060000,0.002500,0.000000,0.010000,0
CA,95937,YOLO COUNTY TOURISM BUSINESS IMPROVEMENT DISTRICT,0.072500,0.060000,0.002500,0.000000,0.010000,0
CA,95938,BUTTE COUNTY TOURISM BUSINESS IMPROVEMENT DISTRICT,0.082500,0.060000,0.002500,0.000000,0.020000,0
CA,95939,COLUSA CO LOCAL TAX SL,0.077500,0.060000,0.002500,0.000000,0.015000,0
CA,95940,OROVILLE,0.092500,0.060000,0.002500,0.010000,0.020000,0
CA,95941,BUTTE COUNTY TOURISM BUSINESS IMPROVEMENT DISTRICT,0.082500,0.060000,0.002500,0.000000,0.020000,0
CA,95942,BUTTE COUNTY TOURISM BUSINESS IMPROVEMENT DISTRICT,0.082500,0.060000,0.002500,0.000000,0.020000,0
CA,95943,GLENN,0.072500,0.060000,0.002500,0.000000,0.010000,0
CA,95944,SIERRA,0.072500,0.060000,0.002500,0.000000,0.010000,0
CA,95945,GRASS VALLEY,0.088750,0.060000,0.002500,0.013750,0.012500,0
CA,95946,NEVADA CO LOCAL TAX SL,0.075000,0.060000,0.002500,0.000000,0.012500,0
CA,95947,PLUMAS CO LOCAL TAX SL,0.072500,0.060000,0.002500,0.000000,0.010000,0
CA,95948,GRIDLEY,0.082500,0.060000,0.002500,0.000000,0.020000,0
CA,95949,GRASS VALLEY,0.088750,0.060000,0.002500,0.013750,0.012500,0
CA,95950,COLUSA CO LOCAL TAX SL,0.077500,0.060000,0.002500,0.000000,0.015000,0
CA,95951,GLENN,0.072500,0.060000,0.002500,0.000000,0.010000,0
CA,95953,SUTTER CO LOCAL TAX SL,0.072500,0.060000,0.002500,0.000000,0.010000,0
CA,95954,BUTTE COUNTY TOURISM BUSINESS IMPROVEMENT DISTRICT,0.082500,0.060000,0.002500,0.000000,0.020000,0
CA,95955,COLUSA CO LOCAL TAX SL,0.077500,0.060000,0.002500,0.000000,0.015000,0
CA,95956,PLUMAS CO LOCAL TAX SL,0.072500,0.060000,0.002500,0.000000,0.010000,0
CA,95957,COLUSA CO LOCAL TAX SL,0.077500,0.060000,0.002500,0.000000,0.015000,0
CA,95958,BUTTE COUNTY TOURISM BUSINESS IMPROVEMENT DISTRICT,0.082500,0.060000,0.002500,0.000000,0.020000,0
CA,95959,NEVADA CITY,0.088750,0.060000,0.002500,0.013750,0.012500,0
CA,95960,YUBA,0.082500,0.060000,0.002500,0.000000,0.020000,0
CA,95961,YUBA,0.082500,0.060000,0.002500,0.000000,0.020000,0
CA,95962,YUBA,0.082500,0.060000,0.002500,0.000000,0.020000,0
CA,95963,ORLAND,0.082500,0.060000,0.002500,0.010000,0.010000,0
CA,95965,OROVILLE,0.092500,0.060000,0.002500,0.010000,0.020000,0
CA,95966,OROVILLE,0.092500,0.060000,0.002500,0.010000,0.020000,0
CA,95967,PARADISE,0.087500,0.060000,0.002500,0.005000,0.020000,0
CA,95968,BUTTE COUNTY TOURISM BUSINESS IMPROVEMENT DISTRICT,0.082500,0.060000,0.002500,0.000000,0.020000,0
CA,95969,PARADISE,0.087500,0.060000,0.002500,0.005000,0.020000,0
CA,95970,COLUSA CO LOCAL TAX SL,0.077500,0.060000,0.002500,0.000000,0.015000,0
CA,95971,PLUMAS CO LOCAL TAX SL,0.072500,0.060000,0.002500,0.000000,0.010000,0
CA,95972,YUBA,0.082500,0.060000,0.002500,0.000000,0.020000,0
CA,95973,CHICO,0.092500,0.060000,0.002500,0.010000,0.020000,0
CA,95974,BUTTE COUNTY TOURISM BUSINESS IMPROVEMENT DISTRICT,0.082500,0.060000,0.002500,0.000000,0.020000,0
CA,95975,NEVADA CO LOCAL TAX SL,0.075000,0.060000,0.002500,0.000000,0.012500,0
CA,95976,CHICO,0.092500,0.060000,0.002500,0.010000,0.020000,0
CA,95977,YUBA,0.082500,0.060000,0.002500,0.000000,0.020000,0
CA,95978,BUTTE COUNTY TOURISM BUSINESS IMPROVEMENT DISTRICT,0.082500,0.060000,0.002500,0.000000,0.020000,0
CA,95979,COLUSA CO LOCAL TAX SL,0.077500,0.060000,0.002500,0.000000,0.015000,0
CA,95980,PLUMAS CO LOCAL TAX SL,0.072500,0.060000,0.002500,0.000000,0.010000,0
CA,95981,YUBA,0.082500,0.060000,0.002500,0.000000,0.020000,0
CA,95982,SUTTER CO LOCAL TAX SL,0.072500,0.060000,0.002500,0.000000,0.010000,0
CA,95983,PLUMAS CO LOCAL TAX SL,0.072500,0.060000,0.002500,0.000000,0.010000,0
CA,95984,PLUMAS CO LOCAL TAX SL,0.072500,0.060000,0.002500,0.000000,0.010000,0
CA,95986,NEVADA CO LOCAL TAX SL,0.075000,0.060000,0.002500,0.000000,0.012500,0
CA,95987,WILLIAMS,0.082500,0.060000,0.002500,0.005000,0.015000,0
CA,95988,WILLOWS,0.087500,0.060000,0.002500,0.015000,0.010000,0
CA,95991,SUTTER CO LOCAL TAX SL,0.072500,0.060000,0.002500,0.000000,0.010000,0
CA,95992,YUBA CITY,0.072500,0.060000,0.002500,0.000000,0.010000,0
CA,95993,SUTTER CO LOCAL TAX SL,0.072500,0.060000,0.002500,0.000000,0.010000,0
CA,96001,REDDING,0.072500,0.060000,0.002500,0.000000,0.010000,0
CA,96002,REDDING,0.072500,0.060000,0.002500,0.000000,0.010000,0
CA,96003,REDDING,0.072500,0.060000,0.002500,0.000000,0.010000,0
CA,96006,LASSEN CO LOCAL TAX SL,0.072500,0.060000,0.002500,0.000000,0.010000,0
CA,96007,ANDERSON,0.077500,0.060000,0.002500,0.005000,0.010000,0
CA,96008,SHASTA,0.072500,0.060000,0.002500,0.000000,0.010000,0
CA,96009,LASSEN CO LOCAL TAX SL,0.072500,0.060000,0.002500,0.000000,0.010000,0
CA,96010,TRINITY CO LOCAL TAX SL,0.072500,0.060000,0.002500,0.000000,0.010000,0
CA,96011,SHASTA,0.072500,0.060000,0.002500,0.000000,0.010000,0
CA,96013,SHASTA,0.072500,0.060000,0.002500,0.000000,0.010000,0
CA,96014,SISKIYOU,0.072500,0.060000,0.002500,0.000000,0.010000,0
CA,96015,MODOC,0.072500,0.060000,0.002500,0.000000,0.010000,0
CA,96016,SHASTA,0.072500,0.060000,0.002500,0.000000,0.010000,0
CA,96017,SHASTA,0.072500,0.060000,0.002500,0.000000,0.010000,0
CA,96019,SHASTA LAKE,0.072500,0.060000,0.002500,0.000000,0.010000,0
CA,96020,PLUMAS CO LOCAL TAX SL,0.072500,0.060000,0.002500,0.000000,0.010000,0
CA,96021,CORNING,0.077500,0.060000,0.002500,0.005000,0.010000,0
CA,96022,SHASTA,0.072500,0.060000,0.002500,0.000000,0.010000,0
CA,96023,SISKIYOU,0.072500,0.060000,0.002500,0.000000,0.010000,0
CA,96024,TRINITY CO LOCAL TAX SL,0.072500,0.060000,0.002500,0.000000,0.010000,0
CA,96025,DUNSMUIR,0.082500,0.060000,0.002500,0.010000,0.010000,0
CA,96027,SISKIYOU,0.072500,0.060000,0.002500,0.000000,0.010000,0
CA,96028,SHASTA,0.072500,0.060000,0.002500,0.000000,0.010000,0
CA,96029,TEHAMA CO LOCAL TAX SL,0.072500,0.060000,0.002500,0.000000,0.010000,0
CA,96031,SISKIYOU,0.072500,0.060000,0.002500,0.000000,0.010000,0
CA,96032,SISKIYOU,0.072500,0.060000,0.002500,0.000000,0.010000,0
CA,96033,SHASTA,0.072500,0.060000,0.002500,0.000000,0.010000,0
CA,96034,SISKIYOU,0.072500,0.060000,0.002500,0.000000,0.010000,0
CA,96035,TEHAMA,0.072500,0.060000,0.002500,0.000000,0.010000,0
CA,96037,SISKIYOU,0.072500,0.060000,0.002500,0.000000,0.010000,0
CA,96038,SISKIYOU,0.072500,0.060000,0.002500,0.000000,0.010000,0
CA,96039,SISKIYOU,0.072500,0.060000,0.002500,0.000000,0.010000,0
CA,96040,SHASTA,0.072500,0.060000,0.002500,0.000000,0.010000,0
CA,96041,TRINITY CO LOCAL TAX SL,0.072500,0.060000,0.002500,0.000000,0.010000,0
CA,96044,SISKIYOU,0.072500,0.060000,0.002500,0.000000,0.010000,0
CA,96046,TRINITY CO LOCAL TAX SL,0.072500,0.060000,0.002500,0.000000,0.010000,0
CA,96047,SHASTA,0.072500,0.060000,0.002500,0.000000,0.010000,0
CA,96048,TRINITY CO LOCAL TAX SL,0.072500,0.060000,0.002500,0.000000,0.010000,0
CA,96049,REDDING,0.072500,0.060000,0.002500,0.000000,0.010000,0
CA,96050,SISKIYOU,0.072500,0.060000,0.002500,0.000000,0.010000,0
CA,96051,SHASTA,0.072500,0.060000,0.002500,0.000000,0.010000,0
CA,96052,TRINITY CO LOCAL TAX SL,0.072500,0.060000,0.002500,0.000000,0.010000,0
CA,96054,MODOC,0.072500,0.060000,0.002500,0.000000,0.010000,0
CA,96055,TEHAMA CO LOCAL TAX SL,0.072500,0.060000,0.002500,0.000000,0.010000,0
CA,96056,LASSEN CO LOCAL TAX SL,0.072500,0.060000,0.002500,0.000000,0.010000,0
CA,96057,SISKIYOU,0.072500,0.060000,0.002500,0.000000,0.010000,0
CA,96058,SISKIYOU,0.072500,0.060000,0.002500,0.000000,0.010000,0
CA,96059,SHASTA,0.072500,0.060000,0.002500,0.000000,0.010000,0
CA,96061,TEHAMA CO LOCAL TAX SL,0.072500,0.060000,0.002500,0.000000,0.010000,0
CA,96062,SHASTA,0.072500,0.060000,0.002500,0.000000,0.010000,0
CA,96063,TEHAMA CO LOCAL TAX SL,0.072500,0.060000,0.002500,0.000000,0.010000,0
CA,96064,SISKIYOU,0.072500,0.060000,0.002500,0.000000,0.010000,0
CA,96065,SHASTA,0.072500,0.060000,0.002500,0.000000,0.010000,0
CA,96067,DUNSMUIR,0.082500,0.060000,0.002500,0.010000,0.010000,0
CA,96068,LASSEN CO LOCAL TAX SL,0.072500,0.060000,0.002500,0.000000,0.010000,0
CA,96069,SHASTA,0.072500,0.060000,0.002500,0.000000,0.010000,0
CA,96070,SHASTA,0.072500,0.060000,0.002500,0.000000,0.010000,0
CA,96071,SHASTA,0.072500,0.060000,0.002500,0.000000,0.010000,0
CA,96073,SHASTA,0.072500,0.060000,0.002500,0.000000,0.010000,0
CA,96074,TEHAMA CO LOCAL TAX SL,0.072500,0.060000,0.002500,0.000000,0.010000,0
CA,96075,TEHAMA CO LOCAL TAX SL,0.072500,0.060000,0.002500,0.000000,0.010000,0
CA,96076,SHASTA,0.072500,0.060000,0.002500,0.000000,0.010000,0
CA,96078,TEHAMA CO LOCAL TAX SL,0.072500,0.060000,0.002500,0.000000,0.010000,0
CA,96079,SHASTA LAKE,0.072500,0.060000,0.002500,0.000000,0.010000,0
CA,96080,RED BLUFF,0.075000,0.060000,0.002500,0.002500,0.010000,0
CA,96084,SHASTA,0.072500,0.060000,0.002500,0.000000,0.010000,0
CA,96085,SISKIYOU,0.072500,0.060000,0.002500,0.000000,0.010000,0
CA,96086,SISKIYOU,0.072500,0.060000,0.002500,0.000000,0.010000,0
CA,96087,REDDING,0.072500,0.060000,0.002500,0.000000,0.010000,0
CA,96088,SHASTA,0.072500,0.060000,0.002500,0.000000,0.010000,0
CA,96089,SHASTA LAKE,0.072500,0.060000,0.002500,0.000000,0.010000,0
CA,96090,TEHAMA,0.072500,0.060000,0.002500,0.000000,0.010000,0
CA,96091,TRINITY CO LOCAL TAX SL,0.072500,0.060000,0.002500,0.000000,0.010000,0
CA,96092,TEHAMA CO LOCAL TAX SL,0.072500,0.060000,0.002500,0.000000,0.010000,0
CA,96093,TRINITY CO LOCAL TAX SL,0.072500,0.060000,0.002500,0.000000,0.010000,0
CA,96094,WEED,0.075000,0.060000,0.002500,0.002500,0.010000,0
CA,96095,SHASTA,0.072500,0.060000,0.002500,0.000000,0.010000,0
CA,96096,SHASTA,0.072500,0.060000,0.002500,0.000000,0.010000,0
CA,96097,YREKA,0.087500,0.060000,0.002500,0.015000,0.010000,0
CA,96099,REDDING,0.072500,0.060000,0.002500,0.000000,0.010000,0
CA,96101,ALTURAS,0.072500,0.060000,0.002500,0.000000,0.010000,0
CA,96103,PLUMAS CO LOCAL TAX SL,0.072500,0.060000,0.002500,0.000000,0.010000,0
CA,96104,MODOC,0.072500,0.060000,0.002500,0.000000,0.010000,0
CA,96105,PLUMAS CO LOCAL TAX SL,0.072500,0.060000,0.002500,0.000000,0.010000,0
CA,96106,PLUMAS CO LOCAL TAX SL,0.072500,0.060000,0.002500,0.000000,0.010000,0
CA,96107,MONO,0.072500,0.060000,0.002500,0.000000,0.010000,0
CA,96108,MODOC,0.072500,0.060000,0.002500,0.000000,0.010000,0
CA,96109,LASSEN CO LOCAL TAX SL,0.072500,0.060000,0.002500,0.000000,0.010000,0
CA,96110,MODOC,0.072500,0.060000,0.002500,0.000000,0.010000,0
CA,96111,NEVADA CO LOCAL TAX SL,0.075000,0.060000,0.002500,0.000000,0.012500,0
CA,96112,MODOC,0.072500,0.060000,0.002500,0.000000,0.010000,0
CA,96113,LASSEN CO LOCAL TAX SL,0.072500,0.060000,0.002500,0.000000,0.010000,0
CA,96114,LASSEN CO LOCAL TAX SL,0.072500,0.060000,0.002500,0.000000,0.010000,0
CA,96115,MODOC,0.072500,0.060000,0.002500,0.000000,0.010000,0
CA,96116,MODOC,0.072500,0.060000,0.002500,0.000000,0.010000,0
CA,96117,SUSANVILLE,0.082500,0.060000,0.002500,0.010000,0.010000,0
CA,96118,LOYALTON,0.072500,0.060000,0.002500,0.000000,0.010000,0
CA,96119,LASSEN CO LOCAL TAX SL,0.072500,0.060000,0.002500,0.000000,0.010000,0
CA,96120,ALPINE,0.072500,0.060000,0.002500,0.000000,0.010000,0
CA,96121,LASSEN CO LOCAL TAX SL,0.072500,0.060000,0.002500,0.000000,0.010000,0
CA,96122,PORTOLA,0.072500,0.060000,0.002500,0.000000,0.010000,0
CA,96123,LASSEN CO LOCAL TAX SL,0.072500,0.060000,0.002500,0.000000,0.010000,0
CA,96124,SIERRA,0.072500,0.060000,0.002500,0.000000,0.010000,0
CA,96125,SIERRA,0.072500,0.060000,0.002500,0.000000,0.010000,0
CA,96126,SIERRA,0.072500,0.060000,0.002500,0.000000,0.010000,0
CA,96127,SUSANVILLE,0.082500,0.060000,0.002500,0.010000,0.010000,0
CA,96128,LASSEN CO LOCAL TAX SL,0.072500,0.060000,0.002500,0.000000,0.010000,0
CA,96129,PLUMAS CO LOCAL TAX SL,0.072500,0.060000,0.002500,0.000000,0.010000,0
CA,96130,SUSANVILLE,0.082500,0.060000,0.002500,0.010000,0.010000,0
CA,96132,LASSEN CO LOCAL TAX SL,0.072500,0.060000,0.002500,0.000000,0.010000,0
CA,96133,MONO,0.072500,0.060000,0.002500,0.000000,0.010000,0
CA,96134,SISKIYOU,0.072500,0.060000,0.002500,0.000000,0.010000,0
CA,96135,PLUMAS CO LOCAL TAX SL,0.072500,0.060000,0.002500,0.000000,0.010000,0
CA,96136,LASSEN CO LOCAL TAX SL,0.072500,0.060000,0.002500,0.000000,0.010000,0
CA,96137,PLUMAS CO LOCAL TAX SL,0.072500,0.060000,0.002500,0.000000,0.010000,0
CA,96140,PLACER COUNTY NORTH TAHOE AREA,0.072500,0.060000,0.002500,0.000000,0.010000,0
CA,96141,EL DORADO CO LOCAL TAX SL,0.072500,0.060000,0.002500,0.000000,0.010000,0
CA,96142,EL DORADO CO LOCAL TAX SL,0.072500,0.060000,0.002500,0.000000,0.010000,0
CA,96143,PLACER COUNTY NORTH TAHOE AREA,0.072500,0.060000,0.002500,0.000000,0.010000,0
CA,96145,OLYMPIC VALLEY ALPINE MEADOWS  MICROTRANSIT DISTRICT,0.072500,0.060000,0.002500,0.000000,0.010000,0
CA,96146,OLYMPIC VALLEY ALPINE MEADOWS  MICROTRANSIT DISTRICT,0.072500,0.060000,0.002500,0.000000,0.010000,0
CA,96148,PLACER COUNTY NORTH TAHOE AREA,0.072500,0.060000,0.002500,0.000000,0.010000,0
CA,96150,SOUTH LAKE TAHOE NON REDEVELOPMENT AREA,0.087500,0.060000,0.002500,0.015000,0.010000,0
CA,96151,SOUTH LAKE TAHOE NON REDEVELOPMENT AREA,0.087500,0.060000,0.002500,0.015000,0.010000,0
CA,96152,SOUTH LAKE TAHOE NON REDEVELOPMENT AREA,0.087500,0.060000,0.002500,0.015000,0.010000,0
CA,96154,EL DORADO CO LOCAL TAX SL,0.072500,0.060000,0.002500,0.000000,0.010000,0
CA,96155,EL DORADO CO LOCAL TAX SL,0.072500,0.060000,0.002500,0.000000,0.010000,0
CA,96156,SOUTH LAKE TAHOE NON REDEVELOPMENT AREA,0.087500,0.060000,0.002500,0.015000,0.010000,0
CA,96157,EL DORADO CO LOCAL TAX SL,0.072500,0.060000,0.002500,0.000000,0.010000,0
CA,96158,SOUTH LAKE TAHOE NON REDEVELOPMENT AREA,0.087500,0.060000,0.002500,0.015000,0.010000,0
CA,96160,TRUCKEE TOURISM BUSINESS IMPROVEMENT DISTRICT,0.090000,0.060000,0.002500,0.015000,0.012500,0
CA,96161,TRUCKEE TOURISM BUSINESS IMPROVEMENT DISTRICT,0.090000,0.060000,0.002500,0.015000,0.012500,0
CA,96162,TRUCKEE TOURISM BUSINESS IMPROVEMENT DISTRICT,0.090000,0.060000,0.002500,0.015000,0.012500,0
CA,97635,MODOC,0.072500,0.060000,0.002500,0.000000,0.010000,0
