State,ZipCode,TaxRegionName,EstimatedCombinedRate,StateRate,EstimatedCountyRate,EstimatedCityRate,EstimatedSpecialRate,RiskLevel
TX,73301,AUSTIN,0.082500,0.062500,0.000000,0.010000,0.010000,0
TX,73344,AUSTIN,0.082500,0.062500,0.000000,0.010000,0.010000,0
TX,73960,TEXHOMA,0.062500,0.062500,0.000000,0.000000,0.000000,0
TX,75001,DALLAS,0.082500,0.062500,0.000000,0.010000,0.010000,0
TX,75002,ALLEN,0.082500,0.062500,0.000000,0.020000,0.000000,0
TX,75006,DALLAS,0.082500,0.062500,0.000000,0.010000,0.010000,0
TX,75007,CARROLLTON,0.082500,0.062500,0.000000,0.010000,0.010000,0
TX,75009,PILOT POINT,0.082500,0.062500,0.000000,0.015000,0.005000,0
TX,75010,LEWISVILLE CRIME CONTROL DISTRICT SP,0.082500,0.062500,0.000000,0.012500,0.007500,0
TX,75011,CARROLLTON,0.082500,0.062500,0.000000,0.010000,0.010000,0
TX,75013,ALLEN,0.082500,0.062500,0.000000,0.020000,0.000000,0
TX,75014,IRVING,0.082500,0.062500,0.000000,0.010000,0.010000,0
TX,75015,IRVING,0.082500,0.062500,0.000000,0.010000,0.010000,0
TX,75016,IRVING,0.082500,0.062500,0.000000,0.010000,0.010000,0
TX,75017,IRVING,0.082500,0.062500,0.000000,0.010000,0.010000,0
TX,75019,DALLAS,0.082500,0.062500,0.000000,0.010000,0.010000,0
TX,75020,DENISON,0.082500,0.062500,0.000000,0.020000,0.000000,0
TX,75021,DENISON,0.082500,0.062500,0.000000,0.020000,0.000000,0
TX,75022,TARRANT,0.082500,0.062500,0.000000,0.000000,0.020000,0
TX,75023,FRISCO,0.082500,0.062500,0.000000,0.020000,0.000000,0
TX,75024,FRISCO,0.082500,0.062500,0.000000,0.020000,0.000000,0
TX,75025,PLANO,0.082500,0.062500,0.000000,0.010000,0.010000,0
TX,75026,PLANO,0.082500,0.062500,0.000000,0.010000,0.010000,0
TX,75027,LEWISVILLE CRIME CONTROL DISTRICT SP,0.082500,0.062500,0.000000,0.012500,0.007500,0
TX,75028,LEWISVILLE CRIME CONTROL DISTRICT SP,0.082500,0.062500,0.000000,0.012500,0.007500,0
TX,75029,LEWISVILLE CRIME CONTROL DISTRICT SP,0.082500,0.062500,0.000000,0.012500,0.007500,0
TX,75030,ROWLETT,0.082500,0.062500,0.000000,0.010000,0.010000,0
TX,75032,KAUFMAN COUNTY EMERGENCY SERVICES DISTRICT NO.3,0.082500,0.062500,0.000000,0.000000,0.020000,0
TX,75033,FRISCO,0.082500,0.062500,0.000000,0.020000,0.000000,0
TX,75034,FRISCO,0.082500,0.062500,0.000000,0.020000,0.000000,0
TX,75035,FRISCO,0.082500,0.062500,0.000000,0.020000,0.000000,0
TX,75036,FRISCO,0.082500,0.062500,0.000000,0.020000,0.000000,0
TX,75038,IRVING,0.082500,0.062500,0.000000,0.010000,0.010000,0
TX,75039,IRVING,0.082500,0.062500,0.000000,0.010000,0.010000,0
TX,75040,GARLAND,0.082500,0.062500,0.000000,0.010000,0.010000,0
TX,75041,DALLAS,0.082500,0.062500,0.000000,0.010000,0.010000,0
TX,75042,GARLAND,0.082500,0.062500,0.000000,0.010000,0.010000,0
TX,75043,DALLAS,0.082500,0.062500,0.000000,0.010000,0.010000,0
TX,75044,GARLAND,0.082500,0.062500,0.000000,0.010000,0.010000,0
TX,75045,GARLAND,0.082500,0.062500,0.000000,0.010000,0.010000,0
TX,75046,GARLAND,0.082500,0.062500,0.000000,0.010000,0.010000,0
TX,75047,GARLAND,0.082500,0.062500,0.000000,0.010000,0.010000,0
TX,75048,SACHSE,0.082500,0.062500,0.000000,0.017500,0.002500,0
TX,75049,GARLAND,0.082500,0.062500,0.000000,0.010000,0.010000,0
TX,75050,GRAND PRAIRIE,0.082500,0.062500,0.000000,0.017500,0.002500,0
TX,75051,DALLAS,0.082500,0.062500,0.000000,0.010000,0.010000,0
TX,75052,GRAND PRAIRIE,0.082500,0.062500,0.000000,0.017500,0.002500,0
TX,75053,GRAND PRAIRIE,0.082500,0.062500,0.000000,0.017500,0.002500,0
TX,75054,GRAND PRAIRIE,0.082500,0.062500,0.000000,0.017500,0.002500,0
TX,75056,LEWISVILLE CRIME CONTROL DISTRICT SP,0.082500,0.062500,0.000000,0.012500,0.007500,0
TX,75057,LEWISVILLE CRIME CONTROL DISTRICT SP,0.082500,0.062500,0.000000,0.012500,0.007500,0
TX,75058,GUNTER,0.082500,0.062500,0.000000,0.015000,0.005000,0
TX,75059,IRVING,0.082500,0.062500,0.000000,0.010000,0.010000,0
TX,75060,GRAND PRAIRIE,0.082500,0.062500,0.000000,0.017500,0.002500,0
TX,75061,FARMERS BRANCH,0.082500,0.062500,0.000000,0.010000,0.010000,0
TX,75062,IRVING,0.082500,0.062500,0.000000,0.010000,0.010000,0
TX,75063,IRVING,0.082500,0.062500,0.000000,0.010000,0.010000,0
TX,75064,IRVING,0.082500,0.062500,0.000000,0.010000,0.010000,0
TX,75065,CORINTH,0.082500,0.062500,0.000000,0.015000,0.005000,0
TX,75067,LEWISVILLE CRIME CONTROL DISTRICT SP,0.082500,0.062500,0.000000,0.012500,0.007500,0
TX,75068,FRISCO,0.082500,0.062500,0.000000,0.020000,0.000000,0
TX,75069,ALLEN,0.082500,0.062500,0.000000,0.020000,0.000000,0
TX,75070,FRISCO,0.082500,0.062500,0.000000,0.020000,0.000000,0
TX,75071,MELISSA,0.082500,0.062500,0.000000,0.015000,0.005000,0
TX,75072,FRISCO,0.082500,0.062500,0.000000,0.020000,0.000000,0
TX,75074,PLANO,0.082500,0.062500,0.000000,0.010000,0.010000,0
TX,75075,PLANO,0.082500,0.062500,0.000000,0.010000,0.010000,0
TX,75076,POTTSBORO,0.082500,0.062500,0.000000,0.020000,0.000000,0
TX,75077,LEWISVILLE CRIME CONTROL DISTRICT SP,0.082500,0.062500,0.000000,0.012500,0.007500,0
TX,75078,CELINA,0.082500,0.062500,0.000000,0.020000,0.000000,0
TX,75080,RICHARDSON,0.082500,0.062500,0.000000,0.010000,0.010000,0
TX,75081,DALLAS,0.082500,0.062500,0.000000,0.010000,0.010000,0
TX,75082,RICHARDSON,0.082500,0.062500,0.000000,0.010000,0.010000,0
TX,75083,RICHARDSON,0.082500,0.062500,0.000000,0.010000,0.010000,0
TX,75085,RICHARDSON,0.082500,0.062500,0.000000,0.010000,0.010000,0
TX,75086,PLANO,0.082500,0.062500,0.000000,0.010000,0.010000,0
TX,75087,ROCKWALL,0.082500,0.062500,0.000000,0.000000,0.020000,0
TX,75088,DALLAS,0.082500,0.062500,0.000000,0.010000,0.010000,0
TX,75089,SACHSE,0.082500,0.062500,0.000000,0.017500,0.002500,0
TX,75090,DENISON,0.082500,0.062500,0.000000,0.020000,0.000000,0
TX,75091,SHERMAN,0.082500,0.062500,0.000000,0.020000,0.000000,0
TX,75092,DENISON,0.082500,0.062500,0.000000,0.020000,0.000000,0
TX,75093,CARROLLTON,0.082500,0.062500,0.000000,0.010000,0.010000,0
TX,75094,ALLEN,0.082500,0.062500,0.000000,0.020000,0.000000,0
TX,75097,WESTON,0.072500,0.062500,0.000000,0.010000,0.000000,0
TX,75098,SACHSE,0.082500,0.062500,0.000000,0.017500,0.002500,0
TX,75099,COPPELL,0.082500,0.062500,0.000000,0.017500,0.002500,0
TX,75101,BARDWELL,0.072500,0.062500,0.000000,0.010000,0.000000,0
TX,75102,BARRY,0.067500,0.062500,0.005000,0.000000,0.000000,0
TX,75103,CANTON,0.082500,0.062500,0.000000,0.020000,0.000000,0
TX,75104,CEDAR HILL,0.082500,0.062500,0.000000,0.018750,0.001250,0
TX,75105,NAVARRO,0.067500,0.062500,0.005000,0.000000,0.000000,0
TX,75106,CEDAR HILL,0.082500,0.062500,0.000000,0.018750,0.001250,0
TX,75109,ANGUS,0.082500,0.062500,0.005000,0.015000,0.000000,0
TX,75110,ANGUS,0.082500,0.062500,0.005000,0.015000,0.000000,0
TX,75114,KAUFMAN,0.082500,0.062500,0.000000,0.000000,0.020000,0
TX,75115,DALLAS,0.082500,0.062500,0.000000,0.010000,0.010000,0
TX,75116,DUNCANVILLE,0.082500,0.062500,0.000000,0.020000,0.000000,0
TX,75117,EDGEWOOD,0.082500,0.062500,0.000000,0.020000,0.000000,0
TX,75118,KAUFMAN COUNTY EMERGENCY SERVICES DISTRICT NO.3,0.082500,0.062500,0.000000,0.000000,0.020000,0
TX,75119,ALMA,0.082500,0.062500,0.000000,0.020000,0.000000,0
TX,75120,ENNIS,0.082500,0.062500,0.000000,0.017500,0.002500,0
TX,75121,COLLIN,0.062500,0.062500,0.000000,0.000000,0.000000,0
TX,75123,DESOTO,0.082500,0.062500,0.000000,0.020000,0.000000,0
TX,75124,GUN BARREL CITY,0.082500,0.062500,0.000000,0.020000,0.000000,0
TX,75125,WILMER,0.082500,0.062500,0.000000,0.020000,0.000000,0
TX,75126,FORNEY,0.082500,0.062500,0.000000,0.017500,0.002500,0
TX,75127,FRUITVALE,0.082500,0.062500,0.000000,0.020000,0.000000,0
TX,75132,FATE,0.082500,0.062500,0.000000,0.015000,0.005000,0
TX,75134,DALLAS,0.082500,0.062500,0.000000,0.010000,0.010000,0
TX,75135,JOSEPHINE,0.082500,0.062500,0.005000,0.015000,0.000000,0
TX,75137,CEDAR HILL,0.082500,0.062500,0.000000,0.018750,0.001250,0
TX,75138,DUNCANVILLE,0.082500,0.062500,0.000000,0.020000,0.000000,0
TX,75140,SMITH,0.082500,0.062500,0.005000,0.000000,0.015000,0
TX,75141,DALLAS,0.082500,0.062500,0.000000,0.010000,0.010000,0
TX,75142,KAUFMAN COUNTY EMERGENCY SERVICES DISTRICT NO.3,0.082500,0.062500,0.000000,0.000000,0.020000,0
TX,75143,KAUFMAN COUNTY EMERGENCY SERVICES DISTRICT NO. 2,0.082500,0.062500,0.000000,0.000000,0.020000,0
TX,75144,KERENS,0.082500,0.062500,0.005000,0.015000,0.000000,0
TX,75146,FERRIS,0.082500,0.062500,0.000000,0.020000,0.000000,0
TX,75147,KAUFMAN COUNTY EMERGENCY SERVICES DISTRICT NO. 2,0.082500,0.062500,0.000000,0.000000,0.020000,0
TX,75148,CANEY CITY,0.082500,0.062500,0.000000,0.020000,0.000000,0
TX,75149,DALLAS,0.082500,0.062500,0.000000,0.010000,0.010000,0
TX,75150,DALLAS,0.082500,0.062500,0.000000,0.010000,0.010000,0
TX,75151,CORSICANA,0.082500,0.062500,0.005000,0.015000,0.000000,0
TX,75152,PALMER,0.082500,0.062500,0.000000,0.015000,0.005000,0
TX,75153,NAVARRO,0.067500,0.062500,0.005000,0.000000,0.000000,0
TX,75154,ELLIS COUNTY EMERGENCY SERVICES DISTRICT NO. 2-A,0.082500,0.062500,0.000000,0.000000,0.020000,0
TX,75155,RICE,0.082500,0.062500,0.005000,0.015000,0.000000,0
TX,75156,KAUFMAN COUNTY EMERGENCY SERVICES DISTRICT NO. 2,0.082500,0.062500,0.000000,0.000000,0.020000,0
TX,75157,ROSSER,0.072500,0.062500,0.000000,0.010000,0.000000,0
TX,75158,KAUFMAN,0.082500,0.062500,0.000000,0.000000,0.020000,0
TX,75159,KAUFMAN,0.082500,0.062500,0.000000,0.000000,0.020000,0
TX,75160,KAUFMAN COUNTY EMERGENCY SERVICES DISTRICT NO.3,0.082500,0.062500,0.000000,0.000000,0.020000,0
TX,75161,KAUFMAN COUNTY EMERGENCY SERVICES DISTRICT NO.3,0.082500,0.062500,0.000000,0.000000,0.020000,0
TX,75163,TOOL,0.082500,0.062500,0.000000,0.020000,0.000000,0
TX,75164,JOSEPHINE,0.082500,0.062500,0.000000,0.015000,0.005000,0
TX,75165,ENNIS,0.082500,0.062500,0.000000,0.017500,0.002500,0
TX,75166,DALLAS,0.082500,0.062500,0.000000,0.010000,0.010000,0
TX,75167,ELLIS COUNTY EMERGENCY SERVICES DISTRICT NO. 2-A,0.082500,0.062500,0.000000,0.000000,0.020000,0
TX,75168,WAXAHACHIE,0.082500,0.062500,0.000000,0.020000,0.000000,0
TX,75169,KAUFMAN COUNTY EMERGENCY SERVICES DISTRICT NO.3,0.082500,0.062500,0.000000,0.000000,0.020000,0
TX,75172,HUTCHINS,0.082500,0.062500,0.000000,0.020000,0.000000,0
TX,75173,JOSEPHINE,0.082500,0.062500,0.000000,0.015000,0.005000,0
TX,75180,BALCH SPRINGS,0.082500,0.062500,0.000000,0.020000,0.000000,0
TX,75181,KAUFMAN,0.082500,0.062500,0.000000,0.000000,0.020000,0
TX,75182,KAUFMAN,0.082500,0.062500,0.000000,0.000000,0.020000,0
TX,75185,MESQUITE,0.082500,0.062500,0.000000,0.020000,0.000000,0
TX,75187,MESQUITE,0.082500,0.062500,0.000000,0.020000,0.000000,0
TX,75189,JOSEPHINE,0.082500,0.062500,0.000000,0.015000,0.005000,0
TX,75201,DALLAS,0.082500,0.062500,0.000000,0.010000,0.010000,0
TX,75202,DALLAS,0.082500,0.062500,0.000000,0.010000,0.010000,0
TX,75203,DALLAS,0.082500,0.062500,0.000000,0.010000,0.010000,0
TX,75204,DALLAS,0.082500,0.062500,0.000000,0.010000,0.010000,0
TX,75205,DALLAS,0.082500,0.062500,0.000000,0.010000,0.010000,0
TX,75206,DALLAS,0.082500,0.062500,0.000000,0.010000,0.010000,0
TX,75207,DALLAS,0.082500,0.062500,0.000000,0.010000,0.010000,0
TX,75208,DALLAS,0.082500,0.062500,0.000000,0.010000,0.010000,0
TX,75209,DALLAS,0.082500,0.062500,0.000000,0.010000,0.010000,0
TX,75210,DALLAS,0.082500,0.062500,0.000000,0.010000,0.010000,0
TX,75211,DALLAS,0.082500,0.062500,0.000000,0.010000,0.010000,0
TX,75212,DALLAS,0.082500,0.062500,0.000000,0.010000,0.010000,0
TX,75214,DALLAS,0.082500,0.062500,0.000000,0.010000,0.010000,0
TX,75215,DALLAS,0.082500,0.062500,0.000000,0.010000,0.010000,0
TX,75216,DALLAS,0.082500,0.062500,0.000000,0.010000,0.010000,0
TX,75217,DALLAS,0.082500,0.062500,0.000000,0.010000,0.010000,0
TX,75218,DALLAS,0.082500,0.062500,0.000000,0.010000,0.010000,0
TX,75219,DALLAS,0.082500,0.062500,0.000000,0.010000,0.010000,0
TX,75220,DALLAS,0.082500,0.062500,0.000000,0.010000,0.010000,0
TX,75221,DALLAS,0.082500,0.062500,0.000000,0.010000,0.010000,0
TX,75222,DALLAS,0.082500,0.062500,0.000000,0.010000,0.010000,0
TX,75223,DALLAS,0.082500,0.062500,0.000000,0.010000,0.010000,0
TX,75224,DALLAS,0.082500,0.062500,0.000000,0.010000,0.010000,0
TX,75225,DALLAS,0.082500,0.062500,0.000000,0.010000,0.010000,0
TX,75226,DALLAS,0.082500,0.062500,0.000000,0.010000,0.010000,0
TX,75227,DALLAS,0.082500,0.062500,0.000000,0.010000,0.010000,0
TX,75228,DALLAS,0.082500,0.062500,0.000000,0.010000,0.010000,0
TX,75229,DALLAS,0.082500,0.062500,0.000000,0.010000,0.010000,0
TX,75230,DALLAS,0.082500,0.062500,0.000000,0.010000,0.010000,0
TX,75231,DALLAS,0.082500,0.062500,0.000000,0.010000,0.010000,0
TX,75232,DALLAS,0.082500,0.062500,0.000000,0.010000,0.010000,0
TX,75233,DALLAS,0.082500,0.062500,0.000000,0.010000,0.010000,0
TX,75234,DALLAS,0.082500,0.062500,0.000000,0.010000,0.010000,0
TX,75235,DALLAS,0.082500,0.062500,0.000000,0.010000,0.010000,0
TX,75236,DALLAS,0.082500,0.062500,0.000000,0.010000,0.010000,0
TX,75237,DALLAS,0.082500,0.062500,0.000000,0.010000,0.010000,0
TX,75238,DALLAS,0.082500,0.062500,0.000000,0.010000,0.010000,0
TX,75240,DALLAS,0.082500,0.062500,0.000000,0.010000,0.010000,0
TX,75241,DALLAS,0.082500,0.062500,0.000000,0.010000,0.010000,0
TX,75242,DALLAS,0.082500,0.062500,0.000000,0.010000,0.010000,0
TX,75243,DALLAS,0.082500,0.062500,0.000000,0.010000,0.010000,0
TX,75244,DALLAS,0.082500,0.062500,0.000000,0.010000,0.010000,0
TX,75246,DALLAS,0.082500,0.062500,0.000000,0.010000,0.010000,0
TX,75247,DALLAS,0.082500,0.062500,0.000000,0.010000,0.010000,0
TX,75248,DALLAS,0.082500,0.062500,0.000000,0.010000,0.010000,0
TX,75249,DALLAS,0.082500,0.062500,0.000000,0.010000,0.010000,0
TX,75250,DALLAS,0.082500,0.062500,0.000000,0.010000,0.010000,0
TX,75251,DALLAS,0.082500,0.062500,0.000000,0.010000,0.010000,0
TX,75252,DALLAS,0.082500,0.062500,0.000000,0.010000,0.010000,0
TX,75253,DALLAS,0.082500,0.062500,0.000000,0.010000,0.010000,0
TX,75254,DALLAS,0.082500,0.062500,0.000000,0.010000,0.010000,0
TX,75260,DALLAS,0.082500,0.062500,0.000000,0.010000,0.010000,0
TX,75261,GRAPEVINE,0.082500,0.062500,0.000000,0.015000,0.005000,0
TX,75262,DALLAS,0.082500,0.062500,0.000000,0.010000,0.010000,0
TX,75263,DALLAS,0.082500,0.062500,0.000000,0.010000,0.010000,0
TX,75264,DALLAS,0.082500,0.062500,0.000000,0.010000,0.010000,0
TX,75265,DALLAS,0.082500,0.062500,0.000000,0.010000,0.010000,0
TX,75266,DALLAS,0.082500,0.062500,0.000000,0.010000,0.010000,0
TX,75267,DALLAS,0.082500,0.062500,0.000000,0.010000,0.010000,0
TX,75270,DALLAS,0.082500,0.062500,0.000000,0.010000,0.010000,0
TX,75275,UNIVERSITY PARK,0.082500,0.062500,0.000000,0.010000,0.010000,0
TX,75277,DALLAS,0.082500,0.062500,0.000000,0.010000,0.010000,0
TX,75283,DALLAS,0.082500,0.062500,0.000000,0.010000,0.010000,0
TX,75284,DALLAS,0.082500,0.062500,0.000000,0.010000,0.010000,0
TX,75285,DALLAS,0.082500,0.062500,0.000000,0.010000,0.010000,0
TX,75287,DALLAS,0.082500,0.062500,0.000000,0.010000,0.010000,0
TX,75301,DALLAS,0.082500,0.062500,0.000000,0.010000,0.010000,0
TX,75303,DALLAS,0.082500,0.062500,0.000000,0.010000,0.010000,0
TX,75312,DALLAS,0.082500,0.062500,0.000000,0.010000,0.010000,0
TX,75313,DALLAS,0.082500,0.062500,0.000000,0.010000,0.010000,0
TX,75315,DALLAS,0.082500,0.062500,0.000000,0.010000,0.010000,0
TX,75320,DALLAS,0.082500,0.062500,0.000000,0.010000,0.010000,0
TX,75326,DALLAS,0.082500,0.062500,0.000000,0.010000,0.010000,0
TX,75336,DALLAS,0.082500,0.062500,0.000000,0.010000,0.010000,0
TX,75339,DALLAS,0.082500,0.062500,0.000000,0.010000,0.010000,0
TX,75342,DALLAS,0.082500,0.062500,0.000000,0.010000,0.010000,0
TX,75354,DALLAS,0.082500,0.062500,0.000000,0.010000,0.010000,0
TX,75355,DALLAS,0.082500,0.062500,0.000000,0.010000,0.010000,0
TX,75356,DALLAS,0.082500,0.062500,0.000000,0.010000,0.010000,0
TX,75357,DALLAS,0.082500,0.062500,0.000000,0.010000,0.010000,0
TX,75358,DALLAS,0.082500,0.062500,0.000000,0.010000,0.010000,0
TX,75359,DALLAS,0.082500,0.062500,0.000000,0.010000,0.010000,0
TX,75360,DALLAS,0.082500,0.062500,0.000000,0.010000,0.010000,0
TX,75367,DALLAS,0.082500,0.062500,0.000000,0.010000,0.010000,0
TX,75368,IRVING,0.082500,0.062500,0.000000,0.010000,0.010000,0
TX,75370,DALLAS,0.082500,0.062500,0.000000,0.010000,0.010000,0
TX,75371,DALLAS,0.082500,0.062500,0.000000,0.010000,0.010000,0
TX,75372,DALLAS,0.082500,0.062500,0.000000,0.010000,0.010000,0
TX,75373,DALLAS,0.082500,0.062500,0.000000,0.010000,0.010000,0
TX,75374,DALLAS,0.082500,0.062500,0.000000,0.010000,0.010000,0
TX,75376,DALLAS,0.082500,0.062500,0.000000,0.010000,0.010000,0
TX,75378,DALLAS,0.082500,0.062500,0.000000,0.010000,0.010000,0
TX,75379,DALLAS,0.082500,0.062500,0.000000,0.010000,0.010000,0
TX,75380,DALLAS,0.082500,0.062500,0.000000,0.010000,0.010000,0
TX,75381,FARMERS BRANCH,0.082500,0.062500,0.000000,0.010000,0.010000,0
TX,75382,DALLAS,0.082500,0.062500,0.000000,0.010000,0.010000,0
TX,75389,GARLAND,0.082500,0.062500,0.000000,0.010000,0.010000,0
TX,75390,DALLAS,0.082500,0.062500,0.000000,0.010000,0.010000,0
TX,75391,ADDISON,0.082500,0.062500,0.000000,0.010000,0.010000,0
TX,75392,DALLAS,0.082500,0.062500,0.000000,0.010000,0.010000,0
TX,75393,DALLAS,0.082500,0.062500,0.000000,0.010000,0.010000,0
TX,75394,DALLAS,0.082500,0.062500,0.000000,0.010000,0.010000,0
TX,75395,DALLAS,0.082500,0.062500,0.000000,0.010000,0.010000,0
TX,75397,DALLAS,0.082500,0.062500,0.000000,0.010000,0.010000,0
TX,75398,DALLAS,0.082500,0.062500,0.000000,0.010000,0.010000,0
TX,75401,GREENVILLE,0.082500,0.062500,0.005000,0.015000,0.000000,0
TX,75402,CADDO MILLS,0.082500,0.062500,0.005000,0.015000,0.000000,0
TX,75403,GREENVILLE,0.082500,0.062500,0.005000,0.015000,0.000000,0
TX,75404,GREENVILLE,0.082500,0.062500,0.005000,0.015000,0.000000,0
TX,75407,PRINCETON,0.082500,0.062500,0.000000,0.020000,0.000000,0
TX,75409,MELISSA,0.082500,0.062500,0.000000,0.015000,0.005000,0
TX,75410,ALBA,0.082500,0.062500,0.005000,0.015000,0.000000,0
TX,75411,LAMAR,0.067500,0.062500,0.005000,0.000000,0.000000,0
TX,75412,RED RIVER,0.067500,0.062500,0.005000,0.000000,0.000000,0
TX,75413,BAILEY,0.077500,0.062500,0.005000,0.010000,0.000000,0
TX,75414,BELLS,0.082500,0.062500,0.000000,0.020000,0.000000,0
TX,75415,DELTA COUNTY EMERGENCY SERVICES,0.072500,0.062500,0.005000,0.000000,0.005000,0
TX,75416,BLOSSOM,0.080000,0.062500,0.005000,0.012500,0.000000,0
TX,75417,BOGATA CRIME CONTROL & PREVENTION,0.082500,0.062500,0.005000,0.010000,0.005000,0
TX,75418,BONHAM,0.082500,0.062500,0.005000,0.015000,0.000000,0
TX,75420,HOPKINS,0.067500,0.062500,0.005000,0.000000,0.000000,0
TX,75421,TOCO,0.077500,0.062500,0.005000,0.010000,0.000000,0
TX,75422,CAMPBELL,0.082500,0.062500,0.005000,0.015000,0.000000,0
TX,75423,LEONARD,0.082500,0.062500,0.005000,0.015000,0.000000,0
TX,75424,BLUE RIDGE,0.082500,0.062500,0.000000,0.020000,0.000000,0
TX,75425,LAMAR,0.067500,0.062500,0.005000,0.000000,0.000000,0
TX,75426,BOGATA CRIME CONTROL & PREVENTION,0.082500,0.062500,0.005000,0.010000,0.005000,0
TX,75428,COMMERCE,0.082500,0.062500,0.005000,0.015000,0.000000,0
TX,75429,COMMERCE,0.082500,0.062500,0.005000,0.015000,0.000000,0
TX,75431,COMO,0.077500,0.062500,0.005000,0.010000,0.000000,0
TX,75432,COOPER,0.082500,0.062500,0.005000,0.010000,0.005000,0
TX,75433,CUMBY,0.080000,0.062500,0.005000,0.012500,0.000000,0
TX,75434,LAMAR,0.067500,0.062500,0.005000,0.000000,0.000000,0
TX,75435,DEPORT,0.082500,0.062500,0.005000,0.015000,0.000000,0
TX,75436,DETROIT,0.082500,0.062500,0.005000,0.015000,0.000000,0
TX,75437,HOPKINS,0.067500,0.062500,0.005000,0.000000,0.000000,0
TX,75438,DODD CITY,0.077500,0.062500,0.005000,0.010000,0.000000,0
TX,75439,ECTOR,0.077500,0.062500,0.005000,0.010000,0.000000,0
TX,75440,EMORY,0.082500,0.062500,0.005000,0.015000,0.000000,0
TX,75441,DELTA COUNTY EMERGENCY SERVICES,0.072500,0.062500,0.005000,0.000000,0.005000,0
TX,75442,FARMERSVILLE,0.082500,0.062500,0.000000,0.020000,0.000000,0
TX,75443,FANNIN,0.067500,0.062500,0.005000,0.000000,0.000000,0
TX,75444,WOOD,0.067500,0.062500,0.005000,0.000000,0.000000,0
TX,75446,HONEY GROVE,0.082500,0.062500,0.005000,0.015000,0.000000,0
TX,75447,FANNIN,0.067500,0.062500,0.005000,0.000000,0.000000,0
TX,75448,DELTA COUNTY EMERGENCY SERVICES,0.072500,0.062500,0.005000,0.000000,0.005000,0
TX,75449,LADONIA,0.077500,0.062500,0.005000,0.010000,0.000000,0
TX,75450,DELTA COUNTY EMERGENCY SERVICES,0.072500,0.062500,0.005000,0.000000,0.005000,0
TX,75451,CAMP,0.067500,0.062500,0.005000,0.000000,0.000000,0
TX,75452,LEONARD,0.082500,0.062500,0.005000,0.015000,0.000000,0
TX,75453,LONE OAK,0.082500,0.062500,0.005000,0.015000,0.000000,0
TX,75454,MELISSA,0.082500,0.062500,0.000000,0.015000,0.005000,0
TX,75455,MOUNT PLEASANT,0.082500,0.062500,0.005000,0.015000,0.000000,0
TX,75456,MOUNT PLEASANT,0.082500,0.062500,0.005000,0.015000,0.000000,0
TX,75457,MOUNT VERNON,0.082500,0.062500,0.005000,0.015000,0.000000,0
TX,75458,HUNT,0.067500,0.062500,0.005000,0.000000,0.000000,0
TX,75459,DORCHESTER,0.082500,0.062500,0.000000,0.020000,0.000000,0
TX,75460,PARIS,0.082500,0.062500,0.005000,0.015000,0.000000,0
TX,75461,PARIS,0.082500,0.062500,0.005000,0.015000,0.000000,0
TX,75462,PARIS,0.082500,0.062500,0.005000,0.015000,0.000000,0
TX,75468,LAMAR,0.067500,0.062500,0.005000,0.000000,0.000000,0
TX,75469,PECAN GAP,0.082500,0.062500,0.005000,0.010000,0.005000,0
TX,75470,LAMAR,0.067500,0.062500,0.005000,0.000000,0.000000,0
TX,75471,HOPKINS,0.067500,0.062500,0.005000,0.000000,0.000000,0
TX,75472,EAST TAWAKONI,0.082500,0.062500,0.005000,0.015000,0.000000,0
TX,75473,LAMAR,0.067500,0.062500,0.005000,0.000000,0.000000,0
TX,75474,KAUFMAN COUNTY EMERGENCY SERVICES DISTRICT NO.3,0.082500,0.062500,0.000000,0.000000,0.020000,0
TX,75475,FANNIN,0.067500,0.062500,0.005000,0.000000,0.000000,0
TX,75476,RAVENNA,0.077500,0.062500,0.005000,0.010000,0.000000,0
TX,75477,ROXTON,0.077500,0.062500,0.005000,0.010000,0.000000,0
TX,75478,FRANKLIN,0.067500,0.062500,0.005000,0.000000,0.000000,0
TX,75479,SAVOY,0.082500,0.062500,0.005000,0.015000,0.000000,0
TX,75480,FRANKLIN,0.067500,0.062500,0.005000,0.000000,0.000000,0
TX,75481,FRANKLIN,0.067500,0.062500,0.005000,0.000000,0.000000,0
TX,75482,SULPHUR SPRINGS,0.082500,0.062500,0.005000,0.015000,0.000000,0
TX,75483,SULPHUR SPRINGS,0.082500,0.062500,0.005000,0.015000,0.000000,0
TX,75485,COLLIN,0.062500,0.062500,0.000000,0.000000,0.000000,0
TX,75486,FANNIN,0.067500,0.062500,0.005000,0.000000,0.000000,0
TX,75487,TALCO,0.077500,0.062500,0.005000,0.010000,0.000000,0
TX,75488,FANNIN,0.067500,0.062500,0.005000,0.000000,0.000000,0
TX,75489,TOM BEAN,0.082500,0.062500,0.000000,0.020000,0.000000,0
TX,75490,TRENTON,0.082500,0.062500,0.005000,0.015000,0.000000,0
TX,75491,TOM BEAN,0.082500,0.062500,0.000000,0.020000,0.000000,0
TX,75492,WINDOM,0.077500,0.062500,0.005000,0.010000,0.000000,0
TX,75493,WINFIELD,0.080000,0.062500,0.005000,0.012500,0.000000,0
TX,75494,WINNSBORO,0.082500,0.062500,0.005000,0.015000,0.000000,0
TX,75495,VAN ALSTYNE,0.082500,0.062500,0.000000,0.020000,0.000000,0
TX,75496,WOLFE CITY,0.082500,0.062500,0.005000,0.015000,0.000000,0
TX,75497,YANTIS,0.082500,0.062500,0.005000,0.015000,0.000000,0
TX,75501,LEARY,0.082500,0.062500,0.005000,0.015000,0.000000,0
TX,75503,LEARY,0.082500,0.062500,0.005000,0.015000,0.000000,0
TX,75504,TEXARKANA,0.082500,0.062500,0.005000,0.015000,0.000000,0
TX,75505,TEXARKANA,0.082500,0.062500,0.005000,0.015000,0.000000,0
TX,75507,TEXARKANA,0.082500,0.062500,0.005000,0.015000,0.000000,0
TX,75550,ANNONA,0.077500,0.062500,0.005000,0.010000,0.000000,0
TX,75551,CASS,0.082500,0.062500,0.000000,0.000000,0.020000,0
TX,75554,AVERY,0.077500,0.062500,0.005000,0.010000,0.000000,0
TX,75555,MARION,0.082500,0.062500,0.005000,0.000000,0.015000,0
TX,75556,BLOOMBURG,0.082500,0.062500,0.000000,0.010000,0.010000,0
TX,75558,MORRIS,0.067500,0.062500,0.005000,0.000000,0.000000,0
TX,75559,DE KALB,0.082500,0.062500,0.005000,0.015000,0.000000,0
TX,75560,DOUGLASSVILLE,0.065000,0.062500,0.000000,0.002500,0.000000,0
TX,75561,HOOKS,0.082500,0.062500,0.005000,0.015000,0.000000,0
TX,75562,CASS,0.062500,0.062500,0.000000,0.000000,0.000000,0
TX,75563,LINDEN,0.082500,0.062500,0.000000,0.020000,0.000000,0
TX,75564,MARION,0.082500,0.062500,0.005000,0.000000,0.015000,0
TX,75565,CASS,0.062500,0.062500,0.000000,0.000000,0.000000,0
TX,75566,CASS,0.062500,0.062500,0.000000,0.000000,0.000000,0
TX,75567,MAUD,0.082500,0.062500,0.005000,0.015000,0.000000,0
TX,75568,NAPLES,0.082500,0.062500,0.005000,0.015000,0.000000,0
TX,75569,NASH,0.082500,0.062500,0.005000,0.015000,0.000000,0
TX,75570,NEW BOSTON,0.082500,0.062500,0.005000,0.015000,0.000000,0
TX,75571,OMAHA,0.082500,0.062500,0.005000,0.015000,0.000000,0
TX,75572,ATLANTA,0.082500,0.062500,0.000000,0.020000,0.000000,0
TX,75573,REDWATER,0.082500,0.062500,0.005000,0.015000,0.000000,0
TX,75574,BOWIE,0.067500,0.062500,0.005000,0.000000,0.000000,0
TX,75599,TEXARKANA,0.082500,0.062500,0.005000,0.015000,0.000000,0
TX,75601,LONGVIEW,0.082500,0.062500,0.005000,0.015000,0.000000,0
TX,75602,LONGVIEW,0.082500,0.062500,0.005000,0.015000,0.000000,0
TX,75603,EASTON,0.082500,0.062500,0.000000,0.010000,0.010000,0
TX,75604,GREGG COUNTY EMERGENCY SERVICES DISTRICT NO. 3,0.082500,0.062500,0.005000,0.000000,0.015000,0
TX,75605,GREGG COUNTY EMERGENCY SERVICES DISTRICT NO. 3,0.082500,0.062500,0.005000,0.000000,0.015000,0
TX,75606,LONGVIEW,0.082500,0.062500,0.005000,0.015000,0.000000,0
TX,75607,LONGVIEW,0.082500,0.062500,0.005000,0.015000,0.000000,0
TX,75608,LONGVIEW,0.082500,0.062500,0.005000,0.015000,0.000000,0
TX,75615,LONGVIEW,0.082500,0.062500,0.005000,0.015000,0.000000,0
TX,75630,MARION,0.082500,0.062500,0.005000,0.000000,0.015000,0
TX,75631,BECKVILLE,0.072500,0.062500,0.000000,0.010000,0.000000,0
TX,75633,RUSK,0.082500,0.062500,0.000000,0.000000,0.020000,0
TX,75636,MORRIS,0.067500,0.062500,0.005000,0.000000,0.000000,0
TX,75637,PANOLA,0.062500,0.062500,0.000000,0.000000,0.000000,0
TX,75638,DAINGERFIELD,0.082500,0.062500,0.005000,0.015000,0.000000,0
TX,75639,PANOLA,0.062500,0.062500,0.000000,0.000000,0.000000,0
TX,75640,MARION,0.082500,0.062500,0.005000,0.000000,0.015000,0
TX,75641,EASTON,0.077500,0.062500,0.005000,0.010000,0.000000,0
TX,75642,HARRISON,0.062500,0.062500,0.000000,0.000000,0.000000,0
TX,75643,PANOLA,0.082500,0.062500,0.000000,0.020000,0.000000,0
TX,75644,GILMER,0.082500,0.062500,0.005000,0.015000,0.000000,0
TX,75645,GREGG COUNTY EMERGENCY SERVICES DISTRICT NO. 3,0.082500,0.062500,0.005000,0.000000,0.015000,0
TX,75647,GREGG,0.082500,0.062500,0.005000,0.000000,0.015000,0
TX,75650,HALLSVILLE,0.082500,0.062500,0.000000,0.020000,0.000000,0
TX,75651,MARION,0.082500,0.062500,0.005000,0.000000,0.015000,0
TX,75652,RUSK,0.082500,0.062500,0.000000,0.000000,0.020000,0
TX,75653,HENDERSON,0.082500,0.062500,0.000000,0.020000,0.000000,0
TX,75654,RUSK,0.082500,0.062500,0.000000,0.000000,0.020000,0
TX,75656,HUGHES SPRINGS,0.082500,0.062500,0.005000,0.015000,0.000000,0
TX,75657,MARION,0.082500,0.062500,0.005000,0.000000,0.015000,0
TX,75658,RUSK,0.082500,0.062500,0.000000,0.000000,0.020000,0
TX,75659,HARRISON,0.062500,0.062500,0.000000,0.000000,0.000000,0
TX,75660,GREGG COUNTY EMERGENCY SERVICES DISTRICT NO. 3,0.082500,0.062500,0.005000,0.000000,0.015000,0
TX,75661,UNCERTAIN,0.082500,0.062500,0.000000,0.020000,0.000000,0
TX,75662,RUSK,0.082500,0.062500,0.000000,0.000000,0.020000,0
TX,75663,KILGORE,0.082500,0.062500,0.005000,0.015000,0.000000,0
TX,75666,RUSK,0.082500,0.062500,0.000000,0.000000,0.020000,0
TX,75667,RUSK,0.082500,0.062500,0.000000,0.000000,0.020000,0
TX,75668,MARION,0.082500,0.062500,0.005000,0.000000,0.015000,0
TX,75669,RUSK,0.082500,0.062500,0.000000,0.000000,0.020000,0
TX,75670,MARSHALL,0.082500,0.062500,0.000000,0.020000,0.000000,0
TX,75671,MARSHALL,0.082500,0.062500,0.000000,0.020000,0.000000,0
TX,75672,MARSHALL,0.082500,0.062500,0.000000,0.020000,0.000000,0
TX,75680,RUSK,0.082500,0.062500,0.000000,0.000000,0.020000,0
TX,75681,RUSK,0.082500,0.062500,0.000000,0.000000,0.020000,0
TX,75682,RUSK,0.082500,0.062500,0.000000,0.000000,0.020000,0
TX,75683,MARION,0.082500,0.062500,0.005000,0.000000,0.015000,0
TX,75684,RUSK,0.082500,0.062500,0.000000,0.000000,0.020000,0
TX,75685,PANOLA,0.062500,0.062500,0.000000,0.000000,0.000000,0
TX,75686,PITTSBURG,0.082500,0.062500,0.005000,0.015000,0.000000,0
TX,75687,RUSK,0.082500,0.062500,0.000000,0.000000,0.020000,0
TX,75688,HARRISON,0.062500,0.062500,0.000000,0.000000,0.000000,0
TX,75689,RUSK,0.082500,0.062500,0.000000,0.000000,0.020000,0
TX,75691,RUSK,0.082500,0.062500,0.000000,0.000000,0.020000,0
TX,75692,WASKOM,0.082500,0.062500,0.000000,0.020000,0.000000,0
TX,75693,LONGVIEW,0.082500,0.062500,0.005000,0.015000,0.000000,0
TX,75694,HARRISON,0.062500,0.062500,0.000000,0.000000,0.000000,0
TX,75701,SMITH,0.082500,0.062500,0.005000,0.000000,0.015000,0
TX,75702,SMITH,0.082500,0.062500,0.005000,0.000000,0.015000,0
TX,75703,NOONDAY,0.082500,0.062500,0.005000,0.010000,0.005000,0
TX,75704,SMITH,0.082500,0.062500,0.005000,0.000000,0.015000,0
TX,75705,SMITH,0.082500,0.062500,0.005000,0.000000,0.015000,0
TX,75706,SMITH,0.082500,0.062500,0.005000,0.000000,0.015000,0
TX,75707,NEW CHAPEL HILL,0.082500,0.062500,0.005000,0.010000,0.005000,0
TX,75708,SMITH,0.082500,0.062500,0.005000,0.000000,0.015000,0
TX,75709,SMITH,0.082500,0.062500,0.005000,0.000000,0.015000,0
TX,75710,TYLER,0.082500,0.062500,0.005000,0.015000,0.000000,0
TX,75711,TYLER,0.082500,0.062500,0.005000,0.015000,0.000000,0
TX,75712,TYLER,0.082500,0.062500,0.005000,0.015000,0.000000,0
TX,75713,TYLER,0.082500,0.062500,0.005000,0.015000,0.000000,0
TX,75750,SMITH,0.082500,0.062500,0.005000,0.000000,0.015000,0
TX,75751,ATHENS,0.082500,0.062500,0.000000,0.020000,0.000000,0
TX,75752,ATHENS,0.082500,0.062500,0.000000,0.020000,0.000000,0
TX,75754,EDOM,0.072500,0.062500,0.000000,0.010000,0.000000,0
TX,75755,BIG SANDY,0.082500,0.062500,0.005000,0.012500,0.002500,0
TX,75756,BROWNSBORO,0.082500,0.062500,0.000000,0.020000,0.000000,0
TX,75757,SMITH,0.082500,0.062500,0.005000,0.000000,0.015000,0
TX,75758,CHANDLER,0.082500,0.062500,0.000000,0.020000,0.000000,0
TX,75759,CUNEY,0.082500,0.062500,0.005000,0.015000,0.000000,0
TX,75760,RUSK,0.082500,0.062500,0.000000,0.000000,0.020000,0
TX,75762,NOONDAY,0.082500,0.062500,0.005000,0.010000,0.005000,0
TX,75763,FRANKSTON,0.082500,0.062500,0.005000,0.015000,0.000000,0
TX,75764,GALLATIN,0.067500,0.062500,0.005000,0.000000,0.000000,0
TX,75765,HAWKINS,0.082500,0.062500,0.005000,0.015000,0.000000,0
TX,75766,CUNEY,0.082500,0.062500,0.005000,0.015000,0.000000,0
TX,75770,HENDERSON CO ESD 6,0.080000,0.062500,0.000000,0.000000,0.017500,0
TX,75771,SMITH,0.082500,0.062500,0.005000,0.000000,0.015000,0
TX,75772,CHEROKEE,0.067500,0.062500,0.005000,0.000000,0.000000,0
TX,75773,SMITH,0.082500,0.062500,0.005000,0.000000,0.015000,0
TX,75778,MURCHISON,0.082500,0.062500,0.000000,0.020000,0.000000,0
TX,75779,ANDERSON,0.067500,0.062500,0.005000,0.000000,0.000000,0
TX,75780,NEW SUMMERFIELD,0.082500,0.062500,0.005000,0.015000,0.000000,0
TX,75782,POYNOR,0.072500,0.062500,0.000000,0.010000,0.000000,0
TX,75783,QUITMAN,0.082500,0.062500,0.005000,0.015000,0.000000,0
TX,75784,RUSK,0.082500,0.062500,0.000000,0.000000,0.020000,0
TX,75785,RUSK,0.082500,0.062500,0.005000,0.015000,0.000000,0
TX,75788,NACOGDOCHES COUNTY HOSPITAL,0.072500,0.062500,0.000000,0.000000,0.010000,0
TX,75789,RUSK,0.082500,0.062500,0.000000,0.000000,0.020000,0
TX,75790,SMITH,0.082500,0.062500,0.005000,0.000000,0.015000,0
TX,75791,SMITH,0.082500,0.062500,0.005000,0.000000,0.015000,0
TX,75792,WINONA,0.082500,0.062500,0.005000,0.012500,0.002500,0
TX,75797,BIG SANDY,0.082500,0.062500,0.005000,0.012500,0.002500,0
TX,75798,TYLER,0.082500,0.062500,0.005000,0.015000,0.000000,0
TX,75799,TYLER,0.082500,0.062500,0.005000,0.015000,0.000000,0
TX,75801,PALESTINE,0.082500,0.062500,0.005000,0.015000,0.000000,0
TX,75802,PALESTINE,0.082500,0.062500,0.005000,0.015000,0.000000,0
TX,75803,PALESTINE,0.082500,0.062500,0.005000,0.015000,0.000000,0
TX,75831,NORTHWEST LEON COUNTY EMERGENCY SERVICES DISTRICT NO. 3,0.082500,0.062500,0.005000,0.000000,0.015000,0
TX,75832,ANDERSON,0.067500,0.062500,0.005000,0.000000,0.000000,0
TX,75833,CENTERVILLE,0.082500,0.062500,0.005000,0.015000,0.000000,0
TX,75834,TRINITY,0.062500,0.062500,0.000000,0.000000,0.000000,0
TX,75835,CROCKETT,0.082500,0.062500,0.005000,0.015000,0.000000,0
TX,75838,LIMESTONE,0.082500,0.062500,0.000000,0.000000,0.020000,0
TX,75839,ELKHART,0.080000,0.062500,0.005000,0.012500,0.000000,0
TX,75840,FAIRFIELD,0.082500,0.062500,0.000000,0.020000,0.000000,0
TX,75844,GRAPELAND,0.082500,0.062500,0.005000,0.010000,0.005000,0
TX,75845,GROVETON,0.082500,0.062500,0.000000,0.020000,0.000000,0
TX,75846,NORTHWEST LEON COUNTY EMERGENCY SERVICES DISTRICT NO. 3,0.082500,0.062500,0.005000,0.000000,0.015000,0
TX,75847,KENNARD,0.077500,0.062500,0.005000,0.010000,0.000000,0
TX,75848,STREETMAN,0.077500,0.062500,0.000000,0.015000,0.000000,0
TX,75849,LATEXO,0.077500,0.062500,0.005000,0.010000,0.000000,0
TX,75850,LEONA,0.077500,0.062500,0.005000,0.010000,0.000000,0
TX,75851,LOVELADY,0.077500,0.062500,0.005000,0.010000,0.000000,0
TX,75852,MIDWAY,0.082500,0.062500,0.005000,0.015000,0.000000,0
TX,75853,ANDERSON,0.067500,0.062500,0.005000,0.000000,0.000000,0
TX,75855,OAKWOOD,0.080000,0.062500,0.005000,0.012500,0.000000,0
TX,75856,HOUSTON,0.067500,0.062500,0.005000,0.000000,0.000000,0
TX,75858,HOUSTON,0.067500,0.062500,0.005000,0.000000,0.000000,0
TX,75859,STREETMAN,0.082500,0.062500,0.005000,0.015000,0.000000,0
TX,75860,TEAGUE,0.082500,0.062500,0.000000,0.020000,0.000000,0
TX,75861,ANDERSON,0.067500,0.062500,0.005000,0.000000,0.000000,0
TX,75862,TRINITY,0.082500,0.062500,0.000000,0.020000,0.000000,0
TX,75865,TRINITY,0.062500,0.062500,0.000000,0.000000,0.000000,0
TX,75880,ANDERSON,0.067500,0.062500,0.005000,0.000000,0.000000,0
TX,75882,PALESTINE,0.082500,0.062500,0.005000,0.015000,0.000000,0
TX,75884,ANDERSON,0.067500,0.062500,0.005000,0.000000,0.000000,0
TX,75886,ANDERSON,0.067500,0.062500,0.005000,0.000000,0.000000,0
TX,75901,LUFKIN,0.082500,0.062500,0.005000,0.015000,0.000000,0
TX,75902,LUFKIN,0.082500,0.062500,0.005000,0.015000,0.000000,0
TX,75903,LUFKIN,0.082500,0.062500,0.005000,0.015000,0.000000,0
TX,75904,HUDSON,0.082500,0.062500,0.005000,0.015000,0.000000,0
TX,75915,LUFKIN,0.082500,0.062500,0.005000,0.015000,0.000000,0
TX,75925,ALTO,0.082500,0.062500,0.005000,0.015000,0.000000,0
TX,75926,TRINITY,0.062500,0.062500,0.000000,0.000000,0.000000,0
TX,75928,NEWTON,0.082500,0.062500,0.000000,0.000000,0.020000,0
TX,75929,BROADDUS,0.077500,0.062500,0.005000,0.010000,0.000000,0
TX,75930,SABINE,0.067500,0.062500,0.005000,0.000000,0.000000,0
TX,75931,JASPER COUNTY DEV DISTRICT NO. 1,0.082500,0.062500,0.000000,0.000000,0.020000,0
TX,75932,NEWTON,0.082500,0.062500,0.000000,0.000000,0.020000,0
TX,75933,NEWTON,0.082500,0.062500,0.000000,0.000000,0.020000,0
TX,75934,POLK,0.067500,0.062500,0.005000,0.000000,0.000000,0
TX,75935,CENTER,0.082500,0.062500,0.000000,0.020000,0.000000,0
TX,75936,CHESTER,0.077500,0.062500,0.005000,0.010000,0.000000,0
TX,75937,CHIRENO,0.082500,0.062500,0.000000,0.010000,0.010000,0
TX,75938,TYLER,0.082500,0.062500,0.005000,0.000000,0.015000,0
TX,75939,CORRIGAN,0.082500,0.062500,0.005000,0.015000,0.000000,0
TX,75941,DIBOLL,0.082500,0.062500,0.005000,0.015000,0.000000,0
TX,75942,TYLER,0.067500,0.062500,0.005000,0.000000,0.000000,0
TX,75943,NACOGDOCHES COUNTY HOSPITAL,0.072500,0.062500,0.000000,0.000000,0.010000,0
TX,75944,NACOGDOCHES COUNTY HOSPITAL,0.072500,0.062500,0.000000,0.000000,0.010000,0
TX,75946,RUSK,0.082500,0.062500,0.000000,0.000000,0.020000,0
TX,75948,NEWTON,0.082500,0.062500,0.000000,0.000000,0.020000,0
TX,75949,HUNTINGTON,0.082500,0.062500,0.005000,0.015000,0.000000,0
TX,75951,NEWTON,0.082500,0.062500,0.000000,0.000000,0.020000,0
TX,75954,JOAQUIN,0.082500,0.062500,0.000000,0.020000,0.000000,0
TX,75956,NEWTON,0.082500,0.062500,0.000000,0.000000,0.020000,0
TX,75958,NACOGDOCHES COUNTY HOSPITAL,0.072500,0.062500,0.000000,0.000000,0.010000,0
TX,75959,SABINE,0.067500,0.062500,0.005000,0.000000,0.000000,0
TX,75960,POLK,0.067500,0.062500,0.005000,0.000000,0.000000,0
TX,75961,CHIRENO,0.082500,0.062500,0.000000,0.010000,0.010000,0
TX,75962,NACOGDOCHES,0.082500,0.062500,0.000000,0.010000,0.010000,0
TX,75963,NACOGDOCHES,0.082500,0.062500,0.000000,0.010000,0.010000,0
TX,75964,NACOGDOCHES,0.082500,0.062500,0.000000,0.010000,0.010000,0
TX,75965,APPLEBY,0.082500,0.062500,0.000000,0.010000,0.010000,0
TX,75966,NEWTON,0.082500,0.062500,0.000000,0.000000,0.020000,0
TX,75968,PINELAND,0.077500,0.062500,0.005000,0.010000,0.000000,0
TX,75969,ANGELINA,0.067500,0.062500,0.005000,0.000000,0.000000,0
TX,75972,SAN AUGUSTINE,0.082500,0.062500,0.005000,0.015000,0.000000,0
TX,75973,HUXLEY,0.072500,0.062500,0.000000,0.010000,0.000000,0
TX,75974,TENAHA,0.082500,0.062500,0.000000,0.020000,0.000000,0
TX,75975,RUSK,0.082500,0.062500,0.000000,0.000000,0.020000,0
TX,75976,WELLS,0.077500,0.062500,0.005000,0.010000,0.000000,0
TX,75977,NEWTON,0.082500,0.062500,0.000000,0.000000,0.020000,0
TX,75978,NACOGDOCHES COUNTY HOSPITAL,0.072500,0.062500,0.000000,0.000000,0.010000,0
TX,75979,TYLER,0.082500,0.062500,0.005000,0.000000,0.015000,0
TX,75980,JASPER,0.082500,0.062500,0.000000,0.000000,0.020000,0
TX,75990,TYLER,0.067500,0.062500,0.005000,0.000000,0.000000,0
TX,76001,ARLINGTON,0.082500,0.062500,0.000000,0.020000,0.000000,0
TX,76002,MANSFIELD,0.082500,0.062500,0.000000,0.020000,0.000000,0
TX,76003,ARLINGTON,0.082500,0.062500,0.000000,0.020000,0.000000,0
TX,76004,ARLINGTON,0.082500,0.062500,0.000000,0.020000,0.000000,0
TX,76005,ARLINGTON,0.082500,0.062500,0.000000,0.020000,0.000000,0
TX,76006,ARLINGTON,0.082500,0.062500,0.000000,0.020000,0.000000,0
TX,76007,ARLINGTON,0.082500,0.062500,0.000000,0.020000,0.000000,0
TX,76008,PARKER,0.082500,0.062500,0.005000,0.000000,0.015000,0
TX,76009,COYOTE FLATS,0.082500,0.062500,0.000000,0.000000,0.020000,0
TX,76010,GRAND PRAIRIE,0.082500,0.062500,0.000000,0.017500,0.002500,0
TX,76011,ARLINGTON,0.082500,0.062500,0.000000,0.020000,0.000000,0
TX,76012,CROWLEY,0.082500,0.062500,0.000000,0.015000,0.005000,0
TX,76013,ARLINGTON,0.082500,0.062500,0.000000,0.020000,0.000000,0
TX,76014,ARLINGTON,0.082500,0.062500,0.000000,0.020000,0.000000,0
TX,76015,MANSFIELD,0.082500,0.062500,0.000000,0.020000,0.000000,0
TX,76016,ARLINGTON,0.082500,0.062500,0.000000,0.020000,0.000000,0
TX,76017,ARLINGTON,0.082500,0.062500,0.000000,0.020000,0.000000,0
TX,76018,GRAND PRAIRIE,0.082500,0.062500,0.000000,0.017500,0.002500,0
TX,76019,ARLINGTON,0.082500,0.062500,0.000000,0.020000,0.000000,0
TX,76020,WISE COUNTY EMERGENCY SERVICES DISTRICT NO. 1,0.082500,0.062500,0.005000,0.000000,0.015000,0
TX,76021,BEDFORD,0.082500,0.062500,0.000000,0.020000,0.000000,0
TX,76022,BEDFORD,0.082500,0.062500,0.000000,0.020000,0.000000,0
TX,76023,WISE COUNTY EMERGENCY SERVICES DISTRICT NO. 1,0.082500,0.062500,0.005000,0.000000,0.015000,0
TX,76028,TARRANT,0.082500,0.062500,0.000000,0.000000,0.020000,0
TX,76031,COYOTE FLATS,0.082500,0.062500,0.000000,0.000000,0.020000,0
TX,76033,SOMERVELL,0.082500,0.062500,0.000000,0.000000,0.020000,0
TX,76034,TARRANT,0.082500,0.062500,0.000000,0.000000,0.020000,0
TX,76035,CRESSON,0.082500,0.062500,0.000000,0.015000,0.005000,0
TX,76036,TARRANT,0.082500,0.062500,0.000000,0.000000,0.020000,0
TX,76039,BEDFORD,0.082500,0.062500,0.000000,0.020000,0.000000,0
TX,76040,ARLINGTON,0.082500,0.062500,0.000000,0.020000,0.000000,0
TX,76041,ELLIS,0.062500,0.062500,0.000000,0.000000,0.000000,0
TX,76043,GLEN ROSE ETJ,0.082500,0.062500,0.000000,0.000000,0.020000,0
TX,76044,JOHNSON,0.082500,0.062500,0.000000,0.000000,0.020000,0
TX,76048,SOMERVELL,0.082500,0.062500,0.000000,0.000000,0.020000,0
TX,76049,JOHNSON,0.082500,0.062500,0.000000,0.000000,0.020000,0
TX,76050,HILL CO ESD 2A SP,0.082500,0.062500,0.005000,0.000000,0.015000,0
TX,76051,AZLE MUNICIPAL DEVELOPMENT DISTRICT SP,0.082500,0.062500,0.000000,0.012500,0.007500,0
TX,76052,TARRANT,0.082500,0.062500,0.000000,0.000000,0.020000,0
TX,76053,RICHLAND HILLS,0.082500,0.062500,0.000000,0.016250,0.003750,0
TX,76054,BEDFORD,0.082500,0.062500,0.000000,0.020000,0.000000,0
TX,76055,HILL CO ESD 2A SP,0.082500,0.062500,0.005000,0.000000,0.015000,0
TX,76058,JOHNSON,0.082500,0.062500,0.000000,0.000000,0.020000,0
TX,76059,JOHNSON,0.082500,0.062500,0.000000,0.000000,0.020000,0
TX,76060,TARRANT,0.082500,0.062500,0.000000,0.000000,0.020000,0
TX,76061,JOHNSON,0.082500,0.062500,0.000000,0.000000,0.020000,0
TX,76063,TARRANT,0.082500,0.062500,0.000000,0.000000,0.020000,0
TX,76064,MAYPEARL,0.082500,0.062500,0.000000,0.020000,0.000000,0
TX,76065,ELLIS COUNTY EMERGENCY SERVICES DISTRICT NO. 2-A,0.082500,0.062500,0.000000,0.000000,0.020000,0
TX,76066,COOL,0.082500,0.062500,0.005000,0.010000,0.005000,0
TX,76067,PARKER,0.082500,0.062500,0.005000,0.000000,0.015000,0
TX,76068,MINERAL WELLS,0.082500,0.062500,0.005000,0.015000,0.000000,0
TX,76070,GLEN ROSE ETJ,0.082500,0.062500,0.000000,0.000000,0.020000,0
TX,76071,TARRANT,0.082500,0.062500,0.000000,0.000000,0.020000,0
TX,76073,WISE,0.082500,0.062500,0.005000,0.000000,0.015000,0
TX,76077,GLEN ROSE ETJ,0.082500,0.062500,0.000000,0.000000,0.020000,0
TX,76078,WISE COUNTY EMERGENCY SERVICES DISTRICT NO. 1,0.082500,0.062500,0.005000,0.000000,0.015000,0
TX,76082,WISE COUNTY EMERGENCY SERVICES DISTRICT NO. 1,0.082500,0.062500,0.005000,0.000000,0.015000,0
TX,76084,VENUS/JOHNSON COUNTY EMERGENCY SERVICES DISTRICT NO. 1-B COMBINED AREA,0.082500,0.062500,0.000000,0.000000,0.020000,0
TX,76085,PARKER,0.082500,0.062500,0.005000,0.000000,0.015000,0
TX,76086,PARKER,0.082500,0.062500,0.005000,0.000000,0.015000,0
TX,76087,FORT WORTH,0.082500,0.062500,0.000000,0.010000,0.010000,0
TX,76088,COOL,0.082500,0.062500,0.005000,0.010000,0.005000,0
TX,76092,TROPHY CLUB,0.082500,0.062500,0.000000,0.017500,0.002500,0
TX,76093,HILL CO ESD 2A SP,0.082500,0.062500,0.005000,0.000000,0.015000,0
TX,76094,ARLINGTON,0.082500,0.062500,0.000000,0.020000,0.000000,0
TX,76095,BEDFORD,0.082500,0.062500,0.000000,0.020000,0.000000,0
TX,76096,ARLINGTON,0.082500,0.062500,0.000000,0.020000,0.000000,0
TX,76097,BURLESON,0.082500,0.062500,0.000000,0.020000,0.000000,0
TX,76098,AZLE CRIME CONTROL,0.082500,0.062500,0.005000,0.012500,0.002500,0
TX,76099,GRAPEVINE,0.082500,0.062500,0.000000,0.015000,0.005000,0
TX,76101,FORT WORTH,0.082500,0.062500,0.000000,0.010000,0.010000,0
TX,76102,GRAPEVINE,0.082500,0.062500,0.000000,0.015000,0.005000,0
TX,76103,FORT WORTH,0.082500,0.062500,0.000000,0.010000,0.010000,0
TX,76104,BEDFORD,0.082500,0.062500,0.000000,0.020000,0.000000,0
TX,76105,FORT WORTH,0.082500,0.062500,0.000000,0.010000,0.010000,0
TX,76106,FORT WORTH,0.082500,0.062500,0.000000,0.010000,0.010000,0
TX,76107,FORT WORTH,0.082500,0.062500,0.000000,0.010000,0.010000,0
TX,76108,TARRANT,0.082500,0.062500,0.000000,0.000000,0.020000,0
TX,76109,BENBROOK,0.082500,0.062500,0.000000,0.015000,0.005000,0
TX,76110,FORT WORTH,0.082500,0.062500,0.000000,0.010000,0.010000,0
TX,76111,FORT WORTH,0.082500,0.062500,0.000000,0.010000,0.010000,0
TX,76112,FORT WORTH,0.082500,0.062500,0.000000,0.010000,0.010000,0
TX,76113,FORT WORTH,0.082500,0.062500,0.000000,0.010000,0.010000,0
TX,76114,FORT WORTH,0.082500,0.062500,0.000000,0.010000,0.010000,0
TX,76115,FORT WORTH,0.082500,0.062500,0.000000,0.010000,0.010000,0
TX,76116,BENBROOK,0.082500,0.062500,0.000000,0.015000,0.005000,0
TX,76117,FORT WORTH,0.082500,0.062500,0.000000,0.010000,0.010000,0
TX,76118,RICHLAND HILLS,0.082500,0.062500,0.000000,0.016250,0.003750,0
TX,76119,FOREST HILL LIBRARY DISTRICT,0.082500,0.062500,0.000000,0.017500,0.002500,0
TX,76120,SOUTHLAKE CRIME CONTROL,0.082500,0.062500,0.000000,0.018750,0.001250,0
TX,76121,FORT WORTH,0.082500,0.062500,0.000000,0.010000,0.010000,0
TX,76122,FORT WORTH,0.082500,0.062500,0.000000,0.010000,0.010000,0
TX,76123,TARRANT,0.082500,0.062500,0.000000,0.000000,0.020000,0
TX,76124,FORT WORTH,0.082500,0.062500,0.000000,0.010000,0.010000,0
TX,76126,TARRANT,0.082500,0.062500,0.000000,0.000000,0.020000,0
TX,76127,FORT WORTH,0.082500,0.062500,0.000000,0.010000,0.010000,0
TX,76129,FORT WORTH,0.082500,0.062500,0.000000,0.010000,0.010000,0
TX,76130,FORT WORTH,0.082500,0.062500,0.000000,0.010000,0.010000,0
TX,76131,BLUE MOUND,0.082500,0.062500,0.000000,0.015000,0.005000,0
TX,76132,TARRANT,0.082500,0.062500,0.000000,0.000000,0.020000,0
TX,76133,FORT WORTH,0.082500,0.062500,0.000000,0.010000,0.010000,0
TX,76134,EULESS,0.082500,0.062500,0.000000,0.017500,0.002500,0
TX,76135,TARRANT,0.082500,0.062500,0.000000,0.000000,0.020000,0
TX,76136,LAKE WORTH CRIME CONTROL,0.082500,0.062500,0.000000,0.017500,0.002500,0
TX,76137,TARRANT,0.082500,0.062500,0.000000,0.000000,0.020000,0
TX,76140,TARRANT,0.082500,0.062500,0.000000,0.000000,0.020000,0
TX,76147,FORT WORTH,0.082500,0.062500,0.000000,0.010000,0.010000,0
TX,76148,FORT WORTH,0.082500,0.062500,0.000000,0.010000,0.010000,0
TX,76150,FORT WORTH,0.082500,0.062500,0.000000,0.010000,0.010000,0
TX,76155,FORT WORTH,0.082500,0.062500,0.000000,0.010000,0.010000,0
TX,76161,FORT WORTH,0.082500,0.062500,0.000000,0.010000,0.010000,0
TX,76162,FORT WORTH,0.082500,0.062500,0.000000,0.010000,0.010000,0
TX,76163,FORT WORTH,0.082500,0.062500,0.000000,0.010000,0.010000,0
TX,76164,DALWORTHINGTON GARDENS CRIME CONTRL,0.082500,0.062500,0.000000,0.015000,0.005000,0
TX,76166,FORT WORTH,0.082500,0.062500,0.000000,0.010000,0.010000,0
TX,76177,TARRANT,0.082500,0.062500,0.000000,0.000000,0.020000,0
TX,76179,TARRANT,0.082500,0.062500,0.000000,0.000000,0.020000,0
TX,76180,RICHLAND HILLS,0.082500,0.062500,0.000000,0.016250,0.003750,0
TX,76181,NORTH RICHLAND HILLS CRIME CONTROL,0.082500,0.062500,0.000000,0.015000,0.005000,0
TX,76182,COLLEYVILLE CRIME CONTROL,0.082500,0.062500,0.000000,0.015000,0.005000,0
TX,76185,FORT WORTH,0.082500,0.062500,0.000000,0.010000,0.010000,0
TX,76190,FORT WORTH,0.082500,0.062500,0.000000,0.010000,0.010000,0
TX,76191,FORT WORTH,0.082500,0.062500,0.000000,0.010000,0.010000,0
TX,76192,TARRANT,0.082500,0.062500,0.000000,0.000000,0.020000,0
TX,76193,FORT WORTH,0.082500,0.062500,0.000000,0.010000,0.010000,0
TX,76195,FORT WORTH,0.082500,0.062500,0.000000,0.010000,0.010000,0
TX,76196,FORT WORTH,0.082500,0.062500,0.000000,0.010000,0.010000,0
TX,76197,FORT WORTH,0.082500,0.062500,0.000000,0.010000,0.010000,0
TX,76198,FORT WORTH,0.082500,0.062500,0.000000,0.010000,0.010000,0
TX,76199,FORT WORTH,0.082500,0.062500,0.000000,0.010000,0.010000,0
TX,76201,DENTON TOURISM PUBLIC IMPROVEMENT DISTRICT,0.082500,0.062500,0.000000,0.015000,0.005000,0
TX,76202,DENTON,0.082500,0.062500,0.000000,0.015000,0.005000,0
TX,76203,DENTON,0.082500,0.062500,0.000000,0.015000,0.005000,0
TX,76204,DENTON,0.082500,0.062500,0.000000,0.015000,0.005000,0
TX,76205,DENTON TOURISM PUBLIC IMPROVEMENT DISTRICT,0.082500,0.062500,0.000000,0.015000,0.005000,0
TX,76206,DENTON,0.082500,0.062500,0.000000,0.015000,0.005000,0
TX,76207,DENTON TOURISM PUBLIC IMPROVEMENT DISTRICT,0.082500,0.062500,0.000000,0.015000,0.005000,0
TX,76208,CORINTH,0.082500,0.062500,0.000000,0.015000,0.005000,0
TX,76209,DENTON,0.082500,0.062500,0.000000,0.015000,0.005000,0
TX,76210,DENTON TOURISM PUBLIC IMPROVEMENT DISTRICT,0.082500,0.062500,0.000000,0.015000,0.005000,0
TX,76225,ALVORD,0.082500,0.062500,0.005000,0.015000,0.000000,0
TX,76226,DENTON,0.082500,0.062500,0.000000,0.015000,0.005000,0
TX,76227,CELINA,0.082500,0.062500,0.000000,0.020000,0.000000,0
TX,76228,BELLEVUE,0.082500,0.062500,0.000000,0.020000,0.000000,0
TX,76230,BOWIE,0.082500,0.062500,0.000000,0.020000,0.000000,0
TX,76233,COLLINSVILLE,0.082500,0.062500,0.000000,0.020000,0.000000,0
TX,76234,WISE COUNTY EMERGENCY SERVICES DISTRICT NO. 1,0.082500,0.062500,0.005000,0.000000,0.015000,0
TX,76238,COOKE,0.067500,0.062500,0.005000,0.000000,0.000000,0
TX,76239,COOKE,0.067500,0.062500,0.005000,0.000000,0.000000,0
TX,76240,CALLISBURG,0.082500,0.062500,0.005000,0.015000,0.000000,0
TX,76241,GAINESVILLE,0.082500,0.062500,0.005000,0.015000,0.000000,0
TX,76244,TARRANT,0.082500,0.062500,0.000000,0.000000,0.020000,0
TX,76245,GRAYSON,0.062500,0.062500,0.000000,0.000000,0.000000,0
TX,76246,WISE,0.067500,0.062500,0.005000,0.000000,0.000000,0
TX,76247,FORT WORTH,0.082500,0.062500,0.000000,0.010000,0.010000,0
TX,76248,TARRANT,0.082500,0.062500,0.000000,0.000000,0.020000,0
TX,76249,DENTON,0.082500,0.062500,0.000000,0.015000,0.005000,0
TX,76250,LINDSAY,0.082500,0.062500,0.005000,0.015000,0.000000,0
TX,76251,MONTAGUE,0.062500,0.062500,0.000000,0.000000,0.000000,0
TX,76252,MUENSTER,0.082500,0.062500,0.005000,0.015000,0.000000,0
TX,76253,COOKE,0.067500,0.062500,0.005000,0.000000,0.000000,0
TX,76255,BELLEVUE,0.082500,0.062500,0.000000,0.020000,0.000000,0
TX,76258,GUNTER,0.082500,0.062500,0.000000,0.015000,0.005000,0
TX,76259,DENTON,0.082500,0.062500,0.000000,0.015000,0.005000,0
TX,76261,CLAY,0.062500,0.062500,0.000000,0.000000,0.000000,0
TX,76262,TARRANT,0.082500,0.062500,0.000000,0.000000,0.020000,0
TX,76263,COOKE,0.067500,0.062500,0.005000,0.000000,0.000000,0
TX,76264,SADLER,0.072500,0.062500,0.000000,0.010000,0.000000,0
TX,76265,ST. JO,0.082500,0.062500,0.000000,0.020000,0.000000,0
TX,76266,DENTON,0.082500,0.062500,0.000000,0.015000,0.005000,0
TX,76267,WISE,0.067500,0.062500,0.005000,0.000000,0.000000,0
TX,76268,SOUTHMAYD,0.082500,0.062500,0.000000,0.020000,0.000000,0
TX,76270,WISE,0.067500,0.062500,0.005000,0.000000,0.000000,0
TX,76271,GUNTER,0.082500,0.062500,0.000000,0.015000,0.005000,0
TX,76272,VALLEY VIEW,0.082500,0.062500,0.005000,0.015000,0.000000,0
TX,76273,COLLINSVILLE,0.082500,0.062500,0.000000,0.020000,0.000000,0
TX,76301,WICHITA FALLS,0.082500,0.062500,0.000000,0.020000,0.000000,0
TX,76302,WICHITA FALLS,0.082500,0.062500,0.000000,0.020000,0.000000,0
TX,76305,BURKBURNETT,0.082500,0.062500,0.000000,0.020000,0.000000,0
TX,76306,ELECTRA,0.082500,0.062500,0.000000,0.020000,0.000000,0
TX,76307,WICHITA FALLS,0.082500,0.062500,0.000000,0.020000,0.000000,0
TX,76308,WICHITA FALLS,0.082500,0.062500,0.000000,0.020000,0.000000,0
TX,76309,WICHITA FALLS,0.082500,0.062500,0.000000,0.020000,0.000000,0
TX,76310,WICHITA FALLS,0.082500,0.062500,0.000000,0.020000,0.000000,0
TX,76311,WICHITA FALLS,0.082500,0.062500,0.000000,0.020000,0.000000,0
TX,76351,ARCHER CITY,0.082500,0.062500,0.005000,0.015000,0.000000,0
TX,76352,CLAY,0.062500,0.062500,0.000000,0.000000,0.000000,0
TX,76354,BURKBURNETT,0.082500,0.062500,0.000000,0.020000,0.000000,0
TX,76357,BYERS,0.072500,0.062500,0.000000,0.010000,0.000000,0
TX,76360,ELECTRA,0.082500,0.062500,0.000000,0.020000,0.000000,0
TX,76363,GOREE,0.082500,0.062500,0.000000,0.020000,0.000000,0
TX,76364,WILBARGER,0.067500,0.062500,0.005000,0.000000,0.000000,0
TX,76365,HENRIETTA,0.082500,0.062500,0.000000,0.020000,0.000000,0
TX,76366,WINDTHORST,0.082500,0.062500,0.005000,0.015000,0.000000,0
TX,76367,IOWA PARK,0.082500,0.062500,0.000000,0.020000,0.000000,0
TX,76369,WICHITA,0.062500,0.062500,0.000000,0.000000,0.000000,0
TX,76370,MEGARGEL,0.077500,0.062500,0.005000,0.010000,0.000000,0
TX,76371,MUNDAY,0.082500,0.062500,0.000000,0.020000,0.000000,0
TX,76372,NEWCASTLE,0.082500,0.062500,0.005000,0.015000,0.000000,0
TX,76373,WILBARGER,0.067500,0.062500,0.005000,0.000000,0.000000,0
TX,76374,OLNEY,0.082500,0.062500,0.005000,0.015000,0.000000,0
TX,76377,PETROLIA,0.072500,0.062500,0.000000,0.010000,0.000000,0
TX,76379,SCOTLAND,0.082500,0.062500,0.005000,0.015000,0.000000,0
TX,76380,SEYMOUR,0.082500,0.062500,0.000000,0.010000,0.010000,0
TX,76384,VERNON,0.082500,0.062500,0.005000,0.015000,0.000000,0
TX,76385,VERNON,0.082500,0.062500,0.005000,0.015000,0.000000,0
TX,76388,WEINERT,0.072500,0.062500,0.000000,0.010000,0.000000,0
TX,76389,SCOTLAND,0.082500,0.062500,0.005000,0.015000,0.000000,0
TX,76401,STEPHENVILLE,0.082500,0.062500,0.005000,0.015000,0.000000,0
TX,76402,STEPHENVILLE,0.082500,0.062500,0.005000,0.015000,0.000000,0
TX,76424,BRECKENRIDGE,0.082500,0.062500,0.000000,0.020000,0.000000,0
TX,76426,WISE,0.082500,0.062500,0.005000,0.000000,0.015000,0
TX,76427,BRYSON,0.077500,0.062500,0.000000,0.015000,0.000000,0
TX,76429,PALO PINTO COUNTY ESD 1-A SP,0.082500,0.062500,0.005000,0.000000,0.015000,0
TX,76430,ALBANY,0.082500,0.062500,0.000000,0.020000,0.000000,0
TX,76431,CHICO,0.082500,0.062500,0.005000,0.015000,0.000000,0
TX,76432,EARLY,0.082500,0.062500,0.000000,0.015000,0.005000,0
TX,76433,SOMERVELL,0.082500,0.062500,0.000000,0.000000,0.020000,0
TX,76435,CARBON,0.072500,0.062500,0.000000,0.010000,0.000000,0
TX,76436,COMANCHE,0.067500,0.062500,0.005000,0.000000,0.000000,0
TX,76437,CISCO,0.082500,0.062500,0.000000,0.020000,0.000000,0
TX,76439,DENNIS,0.082500,0.062500,0.005000,0.015000,0.000000,0
TX,76442,COMANCHE,0.082500,0.062500,0.005000,0.015000,0.000000,0
TX,76443,CROSS PLAINS,0.082500,0.062500,0.000000,0.020000,0.000000,0
TX,76444,DE LEON,0.082500,0.062500,0.005000,0.015000,0.000000,0
TX,76445,COMANCHE,0.067500,0.062500,0.005000,0.000000,0.000000,0
TX,76446,DUBLIN,0.082500,0.062500,0.005000,0.015000,0.000000,0
TX,76448,EASTLAND,0.082500,0.062500,0.000000,0.015000,0.005000,0
TX,76449,PALO PINTO COUNTY ESD 1-A SP,0.082500,0.062500,0.005000,0.000000,0.015000,0
TX,76450,PALO PINTO COUNTY ESD 1-A SP,0.082500,0.062500,0.005000,0.000000,0.015000,0
TX,76452,COMANCHE,0.067500,0.062500,0.005000,0.000000,0.000000,0
TX,76453,PALO PINTO COUNTY ESD 1-A SP,0.082500,0.062500,0.005000,0.000000,0.015000,0
TX,76454,GORMAN,0.082500,0.062500,0.000000,0.020000,0.000000,0
TX,76455,GUSTINE,0.077500,0.062500,0.005000,0.010000,0.000000,0
TX,76457,HICO,0.082500,0.062500,0.005000,0.015000,0.000000,0
TX,76458,WISE,0.082500,0.062500,0.005000,0.000000,0.015000,0
TX,76459,JACK,0.062500,0.062500,0.000000,0.000000,0.000000,0
TX,76460,YOUNG,0.067500,0.062500,0.005000,0.000000,0.000000,0
TX,76461,ERATH,0.067500,0.062500,0.005000,0.000000,0.000000,0
TX,76462,DENNIS,0.082500,0.062500,0.005000,0.015000,0.000000,0
TX,76463,PALO PINTO COUNTY ESD 1-A SP,0.082500,0.062500,0.005000,0.000000,0.015000,0
TX,76464,MORAN,0.072500,0.062500,0.000000,0.010000,0.000000,0
TX,76465,ERATH,0.067500,0.062500,0.005000,0.000000,0.000000,0
TX,76466,EASTLAND MEMORIAL HOSPITAL,0.067500,0.062500,0.000000,0.000000,0.005000,0
TX,76467,HOOD,0.067500,0.062500,0.005000,0.000000,0.000000,0
TX,76468,COMANCHE,0.067500,0.062500,0.005000,0.000000,0.000000,0
TX,76469,PUTNAM,0.072500,0.062500,0.000000,0.010000,0.000000,0
TX,76470,RANGER,0.082500,0.062500,0.000000,0.020000,0.000000,0
TX,76471,RISING STAR,0.082500,0.062500,0.000000,0.017500,0.002500,0
TX,76472,PALO PINTO COUNTY ESD 1-A SP,0.082500,0.062500,0.005000,0.000000,0.015000,0
TX,76474,COMANCHE,0.067500,0.062500,0.005000,0.000000,0.000000,0
TX,76475,PALO PINTO COUNTY ESD 1-A SP,0.082500,0.062500,0.005000,0.000000,0.015000,0
TX,76476,TOLAR,0.082500,0.062500,0.005000,0.015000,0.000000,0
TX,76481,YOUNG,0.067500,0.062500,0.005000,0.000000,0.000000,0
TX,76483,THROCKMORTON,0.082500,0.062500,0.000000,0.020000,0.000000,0
TX,76484,PALO PINTO COUNTY ESD 1-A SP,0.082500,0.062500,0.005000,0.000000,0.015000,0
TX,76485,PEASTER,0.082500,0.062500,0.005000,0.010000,0.005000,0
TX,76486,PARKER,0.082500,0.062500,0.005000,0.000000,0.015000,0
TX,76487,WISE,0.082500,0.062500,0.005000,0.000000,0.015000,0
TX,76490,PARKER,0.082500,0.062500,0.005000,0.000000,0.015000,0
TX,76491,WOODSON,0.072500,0.062500,0.000000,0.010000,0.000000,0
TX,76501,BELTON,0.082500,0.062500,0.005000,0.015000,0.000000,0
TX,76502,TEMPLE,0.082500,0.062500,0.005000,0.015000,0.000000,0
TX,76503,TEMPLE,0.082500,0.062500,0.005000,0.015000,0.000000,0
TX,76504,TEMPLE,0.082500,0.062500,0.005000,0.015000,0.000000,0
TX,76508,TEMPLE,0.082500,0.062500,0.005000,0.015000,0.000000,0
TX,76511,WILLIAMSON,0.082500,0.062500,0.000000,0.000000,0.020000,0
TX,76513,BELTON,0.082500,0.062500,0.005000,0.015000,0.000000,0
TX,76518,BUCKHOLTS,0.077500,0.062500,0.005000,0.010000,0.000000,0
TX,76519,BELL,0.067500,0.062500,0.005000,0.000000,0.000000,0
TX,76520,CAMERON,0.082500,0.062500,0.005000,0.015000,0.000000,0
TX,76522,COPPERAS COVE,0.082500,0.062500,0.005000,0.015000,0.000000,0
TX,76523,MILAM,0.067500,0.062500,0.005000,0.000000,0.000000,0
TX,76524,BRUCEVILLE-EDDY,0.082500,0.062500,0.005000,0.015000,0.000000,0
TX,76525,EVANT,0.082500,0.062500,0.005000,0.012500,0.002500,0
TX,76526,CORYELL,0.067500,0.062500,0.005000,0.000000,0.000000,0
TX,76527,WILLIAMSON COUNTY EMERGENCY SERVICES DISTRICT NO. 8,0.082500,0.062500,0.000000,0.000000,0.020000,0
TX,76528,GATESVILLE,0.082500,0.062500,0.005000,0.015000,0.000000,0
TX,76530,WILLIAMSON,0.082500,0.062500,0.000000,0.000000,0.020000,0
TX,76531,HAMILTON,0.082500,0.062500,0.005000,0.015000,0.000000,0
TX,76533,BELL,0.067500,0.062500,0.005000,0.000000,0.000000,0
TX,76534,HOLLAND,0.080000,0.062500,0.005000,0.010000,0.002500,0
TX,76537,WILLIAMSON,0.082500,0.062500,0.000000,0.000000,0.020000,0
TX,76538,CORYELL,0.067500,0.062500,0.005000,0.000000,0.000000,0
TX,76539,BURNET CO ESD NO 8 SP,0.082500,0.062500,0.000000,0.000000,0.020000,0
TX,76540,KILLEEN,0.082500,0.062500,0.005000,0.015000,0.000000,0
TX,76541,BELTON,0.082500,0.062500,0.005000,0.015000,0.000000,0
TX,76542,HARKER HEIGHTS,0.082500,0.062500,0.005000,0.015000,0.000000,0
TX,76543,KILLEEN,0.082500,0.062500,0.005000,0.015000,0.000000,0
TX,76544,KILLEEN,0.082500,0.062500,0.005000,0.015000,0.000000,0
TX,76547,KILLEEN,0.082500,0.062500,0.005000,0.015000,0.000000,0
TX,76548,HARKER HEIGHTS,0.082500,0.062500,0.005000,0.015000,0.000000,0
TX,76549,KILLEEN,0.082500,0.062500,0.005000,0.015000,0.000000,0
TX,76550,BURNET COUNTY EMERGENCY SERVICES DISTRICT NO. 7,0.082500,0.062500,0.000000,0.000000,0.020000,0
TX,76554,LITTLE RIVER-ACADEMY,0.077500,0.062500,0.005000,0.010000,0.000000,0
TX,76556,MILANO,0.082500,0.062500,0.005000,0.015000,0.000000,0
TX,76557,MOODY,0.082500,0.062500,0.005000,0.015000,0.000000,0
TX,76558,CORYELL,0.067500,0.062500,0.005000,0.000000,0.000000,0
TX,76559,HARKER HEIGHTS,0.082500,0.062500,0.005000,0.015000,0.000000,0
TX,76561,OGLESBY,0.077500,0.062500,0.005000,0.010000,0.000000,0
TX,76564,BELL,0.067500,0.062500,0.005000,0.000000,0.000000,0
TX,76565,HAMILTON,0.082500,0.062500,0.005000,0.015000,0.000000,0
TX,76566,CORYELL,0.067500,0.062500,0.005000,0.000000,0.000000,0
TX,76567,ROCKDALE,0.082500,0.062500,0.005000,0.010000,0.005000,0
TX,76569,ROGERS,0.082500,0.062500,0.005000,0.012500,0.002500,0
TX,76570,ROSEBUD,0.082500,0.062500,0.005000,0.015000,0.000000,0
TX,76571,BELL,0.082500,0.062500,0.005000,0.000000,0.015000,0
TX,76573,WILLIAMSON CO ESD NO 5 SP,0.082500,0.062500,0.000000,0.000000,0.020000,0
TX,76574,WILLIAMSON,0.082500,0.062500,0.000000,0.000000,0.020000,0
TX,76577,WILLIAMSON,0.082500,0.062500,0.000000,0.000000,0.020000,0
TX,76578,WILLIAMSON,0.082500,0.062500,0.000000,0.000000,0.020000,0
TX,76579,TEMPLE,0.082500,0.062500,0.005000,0.015000,0.000000,0
TX,76596,CORYELL,0.067500,0.062500,0.005000,0.000000,0.000000,0
TX,76597,CORYELL,0.067500,0.062500,0.005000,0.000000,0.000000,0
TX,76598,GATESVILLE,0.082500,0.062500,0.005000,0.015000,0.000000,0
TX,76599,GATESVILLE,0.082500,0.062500,0.005000,0.015000,0.000000,0
TX,76621,HILLSBORO ETJ,0.082500,0.062500,0.005000,0.000000,0.015000,0
TX,76622,HILL CO ESD 2A SP,0.082500,0.062500,0.005000,0.000000,0.015000,0
TX,76623,ELLIS,0.062500,0.062500,0.000000,0.000000,0.000000,0
TX,76624,HALLSBURG,0.077500,0.062500,0.005000,0.010000,0.000000,0
TX,76626,BLOOMING GROVE,0.077500,0.062500,0.005000,0.010000,0.000000,0
TX,76627,HILL CO ESD 2A SP,0.082500,0.062500,0.005000,0.000000,0.015000,0
TX,76628,HILL CO ESD 2A SP,0.082500,0.062500,0.005000,0.000000,0.015000,0
TX,76629,ROBERTSON,0.082500,0.062500,0.000000,0.000000,0.020000,0
TX,76630,BRUCEVILLE-EDDY,0.082500,0.062500,0.005000,0.015000,0.000000,0
TX,76631,HILL CO ESD 2A SP,0.082500,0.062500,0.005000,0.000000,0.015000,0
TX,76632,GOLINDA,0.082500,0.062500,0.005000,0.015000,0.000000,0
TX,76633,WACO,0.082500,0.062500,0.005000,0.015000,0.000000,0
TX,76634,CLIFTON,0.082500,0.062500,0.005000,0.015000,0.000000,0
TX,76635,COOLIDGE,0.072500,0.062500,0.000000,0.010000,0.000000,0
TX,76636,HILL CO ESD 2A SP,0.082500,0.062500,0.005000,0.000000,0.015000,0
TX,76637,CRANFILLS GAP,0.082500,0.062500,0.005000,0.015000,0.000000,0
TX,76638,CRAWFORD,0.082500,0.062500,0.005000,0.015000,0.000000,0
TX,76639,DAWSON,0.080000,0.062500,0.005000,0.012500,0.000000,0
TX,76640,LACY-LAKEVIEW,0.082500,0.062500,0.005000,0.015000,0.000000,0
TX,76641,FROST,0.077500,0.062500,0.005000,0.010000,0.000000,0
TX,76642,LIMESTONE,0.082500,0.062500,0.000000,0.000000,0.020000,0
TX,76643,HEWITT,0.082500,0.062500,0.005000,0.015000,0.000000,0
TX,76644,BOSQUE,0.067500,0.062500,0.005000,0.000000,0.000000,0
TX,76645,HILLSBORO ETJ,0.082500,0.062500,0.005000,0.000000,0.015000,0
TX,76648,HILL CO ESD 2A SP,0.082500,0.062500,0.005000,0.000000,0.015000,0
TX,76649,IREDELL,0.077500,0.062500,0.005000,0.010000,0.000000,0
TX,76650,HILL CO ESD 2A SP,0.082500,0.062500,0.005000,0.000000,0.015000,0
TX,76651,ITALY,0.082500,0.062500,0.000000,0.020000,0.000000,0
TX,76652,BOSQUE,0.067500,0.062500,0.005000,0.000000,0.000000,0
TX,76653,ROBERTSON,0.082500,0.062500,0.000000,0.000000,0.020000,0
TX,76654,LEROY,0.077500,0.062500,0.005000,0.010000,0.000000,0
TX,76655,GOLINDA,0.082500,0.062500,0.005000,0.015000,0.000000,0
TX,76656,LOTT,0.082500,0.062500,0.005000,0.015000,0.000000,0
TX,76657,MCGREGOR,0.082500,0.062500,0.005000,0.015000,0.000000,0
TX,76660,HILL CO ESD 2A SP,0.082500,0.062500,0.005000,0.000000,0.015000,0
TX,76661,MARLIN,0.082500,0.062500,0.005000,0.015000,0.000000,0
TX,76664,HALLSBURG,0.077500,0.062500,0.005000,0.010000,0.000000,0
TX,76665,MERIDIAN,0.082500,0.062500,0.005000,0.015000,0.000000,0
TX,76666,HILL CO ESD 2A SP,0.082500,0.062500,0.005000,0.000000,0.015000,0
TX,76667,MEXIA,0.082500,0.062500,0.000000,0.020000,0.000000,0
TX,76670,HILL CO ESD 2A SP,0.082500,0.062500,0.005000,0.000000,0.015000,0
TX,76671,MORGAN,0.077500,0.062500,0.005000,0.010000,0.000000,0
TX,76673,HILL CO ESD 2A SP,0.082500,0.062500,0.005000,0.000000,0.015000,0
TX,76676,HILL CO ESD 2A SP,0.082500,0.062500,0.005000,0.000000,0.015000,0
TX,76678,LIMESTONE,0.062500,0.062500,0.000000,0.000000,0.000000,0
TX,76679,NAVARRO,0.067500,0.062500,0.005000,0.000000,0.000000,0
TX,76680,FALLS,0.067500,0.062500,0.005000,0.000000,0.000000,0
TX,76681,RICHLAND,0.080000,0.062500,0.005000,0.012500,0.000000,0
TX,76682,RIESEL,0.080000,0.062500,0.005000,0.012500,0.000000,0
TX,76684,ROSS,0.077500,0.062500,0.005000,0.010000,0.000000,0
TX,76685,FALLS,0.067500,0.062500,0.005000,0.000000,0.000000,0
TX,76686,LIMESTONE,0.062500,0.062500,0.000000,0.000000,0.000000,0
TX,76687,ROBERTSON,0.082500,0.062500,0.000000,0.000000,0.020000,0
TX,76689,VALLEY MILLS,0.077500,0.062500,0.005000,0.010000,0.000000,0
TX,76690,SOMERVELL,0.082500,0.062500,0.000000,0.000000,0.020000,0
TX,76691,HILL CO ESD 2A SP,0.082500,0.062500,0.005000,0.000000,0.015000,0
TX,76692,WHITNEY ETJ,0.082500,0.062500,0.005000,0.000000,0.015000,0
TX,76693,WORTHAM,0.082500,0.062500,0.000000,0.020000,0.000000,0
TX,76701,WACO,0.082500,0.062500,0.005000,0.015000,0.000000,0
TX,76702,WACO,0.082500,0.062500,0.005000,0.015000,0.000000,0
TX,76703,WACO,0.082500,0.062500,0.005000,0.015000,0.000000,0
TX,76704,BELLMEAD,0.082500,0.062500,0.005000,0.015000,0.000000,0
TX,76705,BELLMEAD,0.082500,0.062500,0.005000,0.015000,0.000000,0
TX,76706,WACO,0.082500,0.062500,0.005000,0.015000,0.000000,0
TX,76707,WACO,0.082500,0.062500,0.005000,0.015000,0.000000,0
TX,76708,WACO,0.082500,0.062500,0.005000,0.015000,0.000000,0
TX,76710,WACO,0.082500,0.062500,0.005000,0.015000,0.000000,0
TX,76711,WACO,0.082500,0.062500,0.005000,0.015000,0.000000,0
TX,76712,WACO,0.082500,0.062500,0.005000,0.015000,0.000000,0
TX,76714,WACO,0.082500,0.062500,0.005000,0.015000,0.000000,0
TX,76715,WACO,0.082500,0.062500,0.005000,0.015000,0.000000,0
TX,76716,WACO,0.082500,0.062500,0.005000,0.015000,0.000000,0
TX,76797,WACO,0.082500,0.062500,0.005000,0.015000,0.000000,0
TX,76798,WACO,0.082500,0.062500,0.005000,0.015000,0.000000,0
TX,76799,WACO,0.082500,0.062500,0.005000,0.015000,0.000000,0
TX,76801,BROWNWOOD,0.082500,0.062500,0.000000,0.015000,0.005000,0
TX,76802,BROWNWOOD,0.082500,0.062500,0.000000,0.015000,0.005000,0
TX,76803,EARLY,0.082500,0.062500,0.000000,0.015000,0.005000,0
TX,76804,BROWNWOOD,0.082500,0.062500,0.000000,0.015000,0.005000,0
TX,76820,MASON COUNTY HEALTH SERVICES,0.072500,0.062500,0.000000,0.000000,0.010000,0
TX,76821,BALLINGER,0.082500,0.062500,0.005000,0.015000,0.000000,0
TX,76823,BANGS,0.082500,0.062500,0.000000,0.017500,0.002500,0
TX,76824,LAMPASAS,0.067500,0.062500,0.005000,0.000000,0.000000,0
TX,76825,BRADY,0.082500,0.062500,0.005000,0.012500,0.002500,0
TX,76827,COLEMAN,0.062500,0.062500,0.000000,0.000000,0.000000,0
TX,76828,COLEMAN,0.062500,0.062500,0.000000,0.000000,0.000000,0
TX,76831,MASON COUNTY HEALTH SERVICES,0.072500,0.062500,0.000000,0.000000,0.010000,0
TX,76832,SAN SABA,0.067500,0.062500,0.005000,0.000000,0.000000,0
TX,76834,COLEMAN,0.082500,0.062500,0.000000,0.020000,0.000000,0
TX,76836,MCCULLOCH,0.070000,0.062500,0.005000,0.000000,0.002500,0
TX,76837,EDEN,0.082500,0.062500,0.005000,0.015000,0.000000,0
TX,76841,SCHLEICHER COUNTY HEALTH SERVICES,0.072500,0.062500,0.005000,0.000000,0.005000,0
TX,76842,MASON COUNTY HEALTH SERVICES,0.072500,0.062500,0.000000,0.000000,0.010000,0
TX,76844,GOLDTHWAITE,0.082500,0.062500,0.000000,0.020000,0.000000,0
TX,76845,COLEMAN,0.062500,0.062500,0.000000,0.000000,0.000000,0
TX,76848,MENARD,0.067500,0.062500,0.005000,0.000000,0.000000,0
TX,76849,JUNCTION,0.082500,0.062500,0.000000,0.015000,0.005000,0
TX,76852,MCCULLOCH,0.070000,0.062500,0.005000,0.000000,0.002500,0
TX,76853,LOMETA,0.082500,0.062500,0.005000,0.015000,0.000000,0
TX,76854,KIMBLE,0.067500,0.062500,0.000000,0.000000,0.005000,0
TX,76855,CONCHO,0.067500,0.062500,0.005000,0.000000,0.000000,0
TX,76856,MASON,0.082500,0.062500,0.000000,0.010000,0.010000,0
TX,76857,COMANCHE,0.067500,0.062500,0.005000,0.000000,0.000000,0
TX,76858,MELVIN,0.080000,0.062500,0.005000,0.010000,0.002500,0
TX,76859,MENARD,0.082500,0.062500,0.005000,0.015000,0.000000,0
TX,76861,MILES,0.082500,0.062500,0.005000,0.015000,0.000000,0
TX,76862,CONCHO,0.067500,0.062500,0.005000,0.000000,0.000000,0
TX,76864,MULLIN,0.072500,0.062500,0.000000,0.010000,0.000000,0
TX,76865,RUNNELS,0.067500,0.062500,0.005000,0.000000,0.000000,0
TX,76866,PAINT ROCK,0.082500,0.062500,0.005000,0.015000,0.000000,0
TX,76869,MASON COUNTY HEALTH SERVICES,0.072500,0.062500,0.000000,0.000000,0.010000,0
TX,76870,MILLS,0.062500,0.062500,0.000000,0.000000,0.000000,0
TX,76871,RICHLAND SPRINGS,0.080000,0.062500,0.005000,0.012500,0.000000,0
TX,76872,MCCULLOCH,0.070000,0.062500,0.005000,0.000000,0.002500,0
TX,76873,COLEMAN,0.062500,0.062500,0.000000,0.000000,0.000000,0
TX,76874,KIMBLE,0.067500,0.062500,0.000000,0.000000,0.005000,0
TX,76875,CONCHO,0.067500,0.062500,0.005000,0.000000,0.000000,0
TX,76877,SAN SABA,0.082500,0.062500,0.005000,0.015000,0.000000,0
TX,76878,SANTA ANNA,0.082500,0.062500,0.000000,0.020000,0.000000,0
TX,76880,MILLS,0.062500,0.062500,0.000000,0.000000,0.000000,0
TX,76882,RUNNELS,0.067500,0.062500,0.005000,0.000000,0.000000,0
TX,76883,KIMBLE,0.067500,0.062500,0.000000,0.000000,0.005000,0
TX,76884,COLEMAN,0.062500,0.062500,0.000000,0.000000,0.000000,0
TX,76885,LLANO,0.062500,0.062500,0.000000,0.000000,0.000000,0
TX,76886,TOM GREEN,0.067500,0.062500,0.005000,0.000000,0.000000,0
TX,76887,MCCULLOCH,0.070000,0.062500,0.005000,0.000000,0.002500,0
TX,76888,COLEMAN,0.062500,0.062500,0.000000,0.000000,0.000000,0
TX,76890,COMANCHE,0.067500,0.062500,0.005000,0.000000,0.000000,0
TX,76901,SAN ANGELO,0.082500,0.062500,0.005000,0.015000,0.000000,0
TX,76902,SAN ANGELO,0.082500,0.062500,0.005000,0.015000,0.000000,0
TX,76903,SAN ANGELO,0.082500,0.062500,0.005000,0.015000,0.000000,0
TX,76904,SAN ANGELO,0.082500,0.062500,0.005000,0.015000,0.000000,0
TX,76905,SAN ANGELO,0.082500,0.062500,0.005000,0.015000,0.000000,0
TX,76906,SAN ANGELO,0.082500,0.062500,0.005000,0.015000,0.000000,0
TX,76908,SAN ANGELO,0.082500,0.062500,0.005000,0.015000,0.000000,0
TX,76909,SAN ANGELO,0.082500,0.062500,0.005000,0.015000,0.000000,0
TX,76930,IRION,0.062500,0.062500,0.000000,0.000000,0.000000,0
TX,76932,BIG LAKE,0.082500,0.062500,0.005000,0.015000,0.000000,0
TX,76933,BRONTE,0.082500,0.062500,0.000000,0.020000,0.000000,0
TX,76934,TOM GREEN,0.067500,0.062500,0.005000,0.000000,0.000000,0
TX,76935,SCHLEICHER COUNTY HEALTH SERVICES,0.072500,0.062500,0.005000,0.000000,0.005000,0
TX,76936,ELDORADO,0.082500,0.062500,0.005000,0.010000,0.005000,0
TX,76937,CONCHO,0.067500,0.062500,0.005000,0.000000,0.000000,0
TX,76939,TOM GREEN,0.067500,0.062500,0.005000,0.000000,0.000000,0
TX,76940,CONCHO,0.067500,0.062500,0.005000,0.000000,0.000000,0
TX,76941,MERTZON,0.072500,0.062500,0.000000,0.010000,0.000000,0
TX,76943,VAL VERDE,0.067500,0.062500,0.005000,0.000000,0.000000,0
TX,76945,ROBERT LEE,0.082500,0.062500,0.000000,0.020000,0.000000,0
TX,76949,COKE,0.062500,0.062500,0.000000,0.000000,0.000000,0
TX,76950,SONORA,0.082500,0.062500,0.000000,0.020000,0.000000,0
TX,76951,STERLING CITY,0.082500,0.062500,0.000000,0.020000,0.000000,0
TX,76953,COKE,0.062500,0.062500,0.000000,0.000000,0.000000,0
TX,76955,CONCHO,0.067500,0.062500,0.005000,0.000000,0.000000,0
TX,76957,TOM GREEN,0.067500,0.062500,0.005000,0.000000,0.000000,0
TX,76958,TOM GREEN,0.067500,0.062500,0.005000,0.000000,0.000000,0
TX,77001,HOUSTON,0.082500,0.062500,0.000000,0.010000,0.010000,0
TX,77002,HOUSTON,0.082500,0.062500,0.000000,0.010000,0.010000,0
TX,77003,HOUSTON,0.082500,0.062500,0.000000,0.010000,0.010000,0
TX,77004,HOUSTON,0.082500,0.062500,0.000000,0.010000,0.010000,0
TX,77005,HOUSTON,0.082500,0.062500,0.000000,0.010000,0.010000,0
TX,77006,HOUSTON,0.082500,0.062500,0.000000,0.010000,0.010000,0
TX,77007,HOUSTON,0.082500,0.062500,0.000000,0.010000,0.010000,0
TX,77008,HOUSTON,0.082500,0.062500,0.000000,0.010000,0.010000,0
TX,77009,HOUSTON,0.082500,0.062500,0.000000,0.010000,0.010000,0
TX,77010,HOUSTON,0.082500,0.062500,0.000000,0.010000,0.010000,0
TX,77011,HOUSTON,0.082500,0.062500,0.000000,0.010000,0.010000,0
TX,77012,HOUSTON,0.082500,0.062500,0.000000,0.010000,0.010000,0
TX,77013,HOUSTON,0.082500,0.062500,0.000000,0.010000,0.010000,0
TX,77014,HOUSTON,0.082500,0.062500,0.000000,0.010000,0.010000,0
TX,77015,HOUSTON,0.082500,0.062500,0.000000,0.010000,0.010000,0
TX,77016,HOUSTON,0.082500,0.062500,0.000000,0.010000,0.010000,0
TX,77017,HOUSTON,0.082500,0.062500,0.000000,0.010000,0.010000,0
TX,77018,HOUSTON,0.082500,0.062500,0.000000,0.010000,0.010000,0
TX,77019,HOUSTON,0.082500,0.062500,0.000000,0.010000,0.010000,0
TX,77020,HOUSTON,0.082500,0.062500,0.000000,0.010000,0.010000,0
TX,77021,HOUSTON,0.082500,0.062500,0.000000,0.010000,0.010000,0
TX,77022,HOUSTON,0.082500,0.062500,0.000000,0.010000,0.010000,0
TX,77023,HOUSTON,0.082500,0.062500,0.000000,0.010000,0.010000,0
TX,77024,HOUSTON,0.082500,0.062500,0.000000,0.010000,0.010000,0
TX,77025,HOUSTON,0.082500,0.062500,0.000000,0.010000,0.010000,0
TX,77026,HOUSTON,0.082500,0.062500,0.000000,0.010000,0.010000,0
TX,77027,HOUSTON,0.082500,0.062500,0.000000,0.010000,0.010000,0
TX,77028,HOUSTON,0.082500,0.062500,0.000000,0.010000,0.010000,0
TX,77029,HOUSTON,0.082500,0.062500,0.000000,0.010000,0.010000,0
TX,77030,HOUSTON,0.082500,0.062500,0.000000,0.010000,0.010000,0
TX,77031,HOUSTON,0.082500,0.062500,0.000000,0.010000,0.010000,0
TX,77032,HARRIS CO. ESD NO. 10,0.082500,0.062500,0.000000,0.010000,0.010000,0
TX,77033,HOUSTON,0.082500,0.062500,0.000000,0.010000,0.010000,0
TX,77034,HOUSTON,0.082500,0.062500,0.000000,0.010000,0.010000,0
TX,77035,HOUSTON,0.082500,0.062500,0.000000,0.010000,0.010000,0
TX,77036,HOUSTON,0.082500,0.062500,0.000000,0.010000,0.010000,0
TX,77037,HOUSTON,0.082500,0.062500,0.000000,0.010000,0.010000,0
TX,77038,HOUSTON,0.082500,0.062500,0.000000,0.010000,0.010000,0
TX,77039,HOUSTON,0.082500,0.062500,0.000000,0.010000,0.010000,0
TX,77040,JERSEY VILLAGE,0.082500,0.062500,0.000000,0.010000,0.010000,0
TX,77041,HARRIS CO EMERGENCY SERVICES DISTRICT NO 9 SP,0.082500,0.062500,0.000000,0.000000,0.020000,0
TX,77042,HOUSTON,0.082500,0.062500,0.000000,0.010000,0.010000,0
TX,77043,HOUSTON,0.082500,0.062500,0.000000,0.010000,0.010000,0
TX,77044,HOUSTON,0.082500,0.062500,0.000000,0.010000,0.010000,0
TX,77045,HOUSTON,0.082500,0.062500,0.000000,0.010000,0.010000,0
TX,77046,HOUSTON,0.082500,0.062500,0.000000,0.010000,0.010000,0
TX,77047,PEARLAND LOWER KIRBY MANAGEMENT DISTRICT SP,0.082500,0.062500,0.000000,0.015000,0.005000,0
TX,77048,HOUSTON,0.082500,0.062500,0.000000,0.010000,0.010000,0
TX,77049,HARRIS CO ESD NO. 60,0.082500,0.062500,0.000000,0.010000,0.010000,0
TX,77050,HOUSTON,0.082500,0.062500,0.000000,0.010000,0.010000,0
TX,77051,HOUSTON,0.082500,0.062500,0.000000,0.010000,0.010000,0
TX,77052,HOUSTON,0.082500,0.062500,0.000000,0.010000,0.010000,0
TX,77053,HOUSTON,0.082500,0.062500,0.000000,0.010000,0.010000,0
TX,77054,HOUSTON,0.082500,0.062500,0.000000,0.010000,0.010000,0
TX,77055,HOUSTON,0.082500,0.062500,0.000000,0.010000,0.010000,0
TX,77056,HOUSTON,0.082500,0.062500,0.000000,0.010000,0.010000,0
TX,77057,HOUSTON,0.082500,0.062500,0.000000,0.010000,0.010000,0
TX,77058,HOUSTON,0.082500,0.062500,0.000000,0.010000,0.010000,0
TX,77059,HOUSTON,0.082500,0.062500,0.000000,0.010000,0.010000,0
TX,77060,HOUSTON,0.082500,0.062500,0.000000,0.010000,0.010000,0
TX,77061,HOUSTON,0.082500,0.062500,0.000000,0.010000,0.010000,0
TX,77062,HOUSTON,0.082500,0.062500,0.000000,0.010000,0.010000,0
TX,77063,HOUSTON,0.082500,0.062500,0.000000,0.010000,0.010000,0
TX,77064,JERSEY VILLAGE,0.082500,0.062500,0.000000,0.010000,0.010000,0
TX,77065,JERSEY VILLAGE,0.082500,0.062500,0.000000,0.010000,0.010000,0
TX,77066,HOUSTON,0.082500,0.062500,0.000000,0.010000,0.010000,0
TX,77067,HOUSTON,0.082500,0.062500,0.000000,0.010000,0.010000,0
TX,77068,HOUSTON,0.082500,0.062500,0.000000,0.010000,0.010000,0
TX,77069,HOUSTON,0.082500,0.062500,0.000000,0.010000,0.010000,0
TX,77070,HOUSTON,0.082500,0.062500,0.000000,0.010000,0.010000,0
TX,77071,HOUSTON,0.082500,0.062500,0.000000,0.010000,0.010000,0
TX,77072,HOUSTON,0.082500,0.062500,0.000000,0.010000,0.010000,0
TX,77073,HOUSTON,0.082500,0.062500,0.000000,0.010000,0.010000,0
TX,77074,HOUSTON,0.082500,0.062500,0.000000,0.010000,0.010000,0
TX,77075,HOUSTON,0.082500,0.062500,0.000000,0.010000,0.010000,0
TX,77076,HOUSTON,0.082500,0.062500,0.000000,0.010000,0.010000,0
TX,77077,HOUSTON,0.082500,0.062500,0.000000,0.010000,0.010000,0
TX,77078,HOUSTON,0.082500,0.062500,0.000000,0.010000,0.010000,0
TX,77079,HOUSTON,0.082500,0.062500,0.000000,0.010000,0.010000,0
TX,77080,HOUSTON,0.082500,0.062500,0.000000,0.010000,0.010000,0
TX,77081,HOUSTON,0.082500,0.062500,0.000000,0.010000,0.010000,0
TX,77082,HOUSTON,0.082500,0.062500,0.000000,0.010000,0.010000,0
TX,77083,FORT BEND COUNTY EMERGENCY SERVICES DISTRICT NO.5,0.082500,0.062500,0.000000,0.010000,0.010000,0
TX,77084,JERSEY VILLAGE,0.082500,0.062500,0.000000,0.010000,0.010000,0
TX,77085,HOUSTON,0.082500,0.062500,0.000000,0.010000,0.010000,0
TX,77086,HOUSTON,0.082500,0.062500,0.000000,0.010000,0.010000,0
TX,77087,HOUSTON,0.082500,0.062500,0.000000,0.010000,0.010000,0
TX,77088,HOUSTON,0.082500,0.062500,0.000000,0.010000,0.010000,0
TX,77089,HOUSTON,0.082500,0.062500,0.000000,0.010000,0.010000,0
TX,77090,HOUSTON,0.082500,0.062500,0.000000,0.010000,0.010000,0
TX,77091,HOUSTON,0.082500,0.062500,0.000000,0.010000,0.010000,0
TX,77092,HOUSTON,0.082500,0.062500,0.000000,0.010000,0.010000,0
TX,77093,HOUSTON,0.082500,0.062500,0.000000,0.010000,0.010000,0
TX,77094,HOUSTON,0.082500,0.062500,0.000000,0.010000,0.010000,0
TX,77095,HOUSTON,0.082500,0.062500,0.000000,0.010000,0.010000,0
TX,77096,HOUSTON,0.082500,0.062500,0.000000,0.010000,0.010000,0
TX,77098,HOUSTON,0.082500,0.062500,0.000000,0.010000,0.010000,0
TX,77099,HOUSTON,0.082500,0.062500,0.000000,0.010000,0.010000,0
TX,77201,HOUSTON,0.082500,0.062500,0.000000,0.010000,0.010000,0
TX,77202,HARRIS CO ESD 16 SP,0.082500,0.062500,0.000000,0.000000,0.020000,0
TX,77203,HOUSTON,0.082500,0.062500,0.000000,0.010000,0.010000,0
TX,77204,HOUSTON,0.082500,0.062500,0.000000,0.010000,0.010000,0
TX,77205,HOUSTON,0.082500,0.062500,0.000000,0.010000,0.010000,0
TX,77206,HOUSTON,0.082500,0.062500,0.000000,0.010000,0.010000,0
TX,77207,HOUSTON,0.082500,0.062500,0.000000,0.010000,0.010000,0
TX,77208,HOUSTON,0.082500,0.062500,0.000000,0.010000,0.010000,0
TX,77210,HOUSTON,0.082500,0.062500,0.000000,0.010000,0.010000,0
TX,77212,HOUSTON,0.082500,0.062500,0.000000,0.010000,0.010000,0
TX,77213,HOUSTON,0.082500,0.062500,0.000000,0.010000,0.010000,0
TX,77215,HOUSTON,0.082500,0.062500,0.000000,0.010000,0.010000,0
TX,77216,HOUSTON,0.082500,0.062500,0.000000,0.010000,0.010000,0
TX,77217,HOUSTON,0.082500,0.062500,0.000000,0.010000,0.010000,0
TX,77218,HOUSTON,0.082500,0.062500,0.000000,0.010000,0.010000,0
TX,77219,HOUSTON,0.082500,0.062500,0.000000,0.010000,0.010000,0
TX,77220,HOUSTON,0.082500,0.062500,0.000000,0.010000,0.010000,0
TX,77221,HOUSTON,0.082500,0.062500,0.000000,0.010000,0.010000,0
TX,77222,HOUSTON,0.082500,0.062500,0.000000,0.010000,0.010000,0
TX,77223,HOUSTON,0.082500,0.062500,0.000000,0.010000,0.010000,0
TX,77224,HOUSTON,0.082500,0.062500,0.000000,0.010000,0.010000,0
TX,77225,HOUSTON,0.082500,0.062500,0.000000,0.010000,0.010000,0
TX,77226,HOUSTON,0.082500,0.062500,0.000000,0.010000,0.010000,0
TX,77227,HOUSTON,0.082500,0.062500,0.000000,0.010000,0.010000,0
TX,77228,HOUSTON,0.082500,0.062500,0.000000,0.010000,0.010000,0
TX,77229,HOUSTON,0.082500,0.062500,0.000000,0.010000,0.010000,0
TX,77230,HOUSTON,0.082500,0.062500,0.000000,0.010000,0.010000,0
TX,77231,HOUSTON,0.082500,0.062500,0.000000,0.010000,0.010000,0
TX,77233,HOUSTON,0.082500,0.062500,0.000000,0.010000,0.010000,0
TX,77234,HOUSTON,0.082500,0.062500,0.000000,0.010000,0.010000,0
TX,77235,HOUSTON,0.082500,0.062500,0.000000,0.010000,0.010000,0
TX,77236,HOUSTON,0.082500,0.062500,0.000000,0.010000,0.010000,0
TX,77237,HOUSTON,0.082500,0.062500,0.000000,0.010000,0.010000,0
TX,77238,HOUSTON,0.082500,0.062500,0.000000,0.010000,0.010000,0
TX,77240,HOUSTON,0.082500,0.062500,0.000000,0.010000,0.010000,0
TX,77241,HARRIS CO EMERGENCY SERVICES DISTRICT NO 9 SP,0.082500,0.062500,0.000000,0.000000,0.020000,0
TX,77242,HOUSTON,0.082500,0.062500,0.000000,0.010000,0.010000,0
TX,77243,HOUSTON,0.082500,0.062500,0.000000,0.010000,0.010000,0
TX,77244,HOUSTON,0.082500,0.062500,0.000000,0.010000,0.010000,0
TX,77245,HOUSTON,0.082500,0.062500,0.000000,0.010000,0.010000,0
TX,77248,HOUSTON,0.082500,0.062500,0.000000,0.010000,0.010000,0
TX,77249,HOUSTON,0.082500,0.062500,0.000000,0.010000,0.010000,0
TX,77251,HOUSTON,0.082500,0.062500,0.000000,0.010000,0.010000,0
TX,77252,HOUSTON,0.082500,0.062500,0.000000,0.010000,0.010000,0
TX,77253,HOUSTON,0.082500,0.062500,0.000000,0.010000,0.010000,0
TX,77254,HOUSTON,0.082500,0.062500,0.000000,0.010000,0.010000,0
TX,77255,HOUSTON,0.082500,0.062500,0.000000,0.010000,0.010000,0
TX,77256,HOUSTON,0.082500,0.062500,0.000000,0.010000,0.010000,0
TX,77257,HOUSTON,0.082500,0.062500,0.000000,0.010000,0.010000,0
TX,77258,HOUSTON,0.082500,0.062500,0.000000,0.010000,0.010000,0
TX,77259,HOUSTON,0.082500,0.062500,0.000000,0.010000,0.010000,0
TX,77261,HOUSTON,0.082500,0.062500,0.000000,0.010000,0.010000,0
TX,77262,HOUSTON,0.082500,0.062500,0.000000,0.010000,0.010000,0
TX,77263,HOUSTON,0.082500,0.062500,0.000000,0.010000,0.010000,0
TX,77265,HOUSTON,0.082500,0.062500,0.000000,0.010000,0.010000,0
TX,77266,HOUSTON,0.082500,0.062500,0.000000,0.010000,0.010000,0
TX,77267,HOUSTON,0.082500,0.062500,0.000000,0.010000,0.010000,0
TX,77268,HARRIS CO EMERGENCY SERVICES DISTRICT NO 17 SP,0.082500,0.062500,0.000000,0.000000,0.020000,0
TX,77269,HOUSTON,0.082500,0.062500,0.000000,0.010000,0.010000,0
TX,77270,HOUSTON,0.082500,0.062500,0.000000,0.010000,0.010000,0
TX,77271,HOUSTON,0.082500,0.062500,0.000000,0.010000,0.010000,0
TX,77272,HOUSTON,0.082500,0.062500,0.000000,0.010000,0.010000,0
TX,77273,HARRIS CO EMERGENCY SERVICES DISTRICT 28 SP,0.082500,0.062500,0.000000,0.000000,0.020000,0
TX,77274,HOUSTON,0.082500,0.062500,0.000000,0.010000,0.010000,0
TX,77275,HOUSTON,0.082500,0.062500,0.000000,0.010000,0.010000,0
TX,77277,HOUSTON,0.082500,0.062500,0.000000,0.010000,0.010000,0
TX,77279,HOUSTON,0.082500,0.062500,0.000000,0.010000,0.010000,0
TX,77280,HOUSTON,0.082500,0.062500,0.000000,0.010000,0.010000,0
TX,77282,HOUSTON,0.082500,0.062500,0.000000,0.010000,0.010000,0
TX,77284,HOUSTON,0.082500,0.062500,0.000000,0.010000,0.010000,0
TX,77287,HOUSTON,0.082500,0.062500,0.000000,0.010000,0.010000,0
TX,77288,HOUSTON,0.082500,0.062500,0.000000,0.010000,0.010000,0
TX,77289,HOUSTON,0.082500,0.062500,0.000000,0.010000,0.010000,0
TX,77290,HARRIS CO EMERGENCY SERVICES DISTRICT 28 SP,0.082500,0.062500,0.000000,0.000000,0.020000,0
TX,77291,HOUSTON,0.082500,0.062500,0.000000,0.010000,0.010000,0
TX,77292,HOUSTON,0.082500,0.062500,0.000000,0.010000,0.010000,0
TX,77293,HOUSTON,0.082500,0.062500,0.000000,0.010000,0.010000,0
TX,77297,HOUSTON,0.082500,0.062500,0.000000,0.010000,0.010000,0
TX,77299,HOUSTON,0.082500,0.062500,0.000000,0.010000,0.010000,0
TX,77301,CONROE,0.082500,0.062500,0.000000,0.020000,0.000000,0
TX,77302,MONTGOMERY CO EMERGENCY SVCS NO. 7,0.082500,0.062500,0.000000,0.000000,0.020000,0
TX,77303,CONROE,0.082500,0.062500,0.000000,0.020000,0.000000,0
TX,77304,CONROE,0.082500,0.062500,0.000000,0.020000,0.000000,0
TX,77305,CONROE,0.082500,0.062500,0.000000,0.020000,0.000000,0
TX,77306,MONTGOMERY CO EMERGENCY SVCS NO. 7,0.082500,0.062500,0.000000,0.000000,0.020000,0
TX,77315,HOUSTON,0.082500,0.062500,0.000000,0.010000,0.010000,0
TX,77316,MONTGOMERY ETJ,0.082500,0.062500,0.000000,0.000000,0.020000,0
TX,77318,WILLIS MONTGOMERY CO ESD 1 COMBINED AREA SP,0.082500,0.062500,0.000000,0.000000,0.020000,0
TX,77320,WALKER COUNTY ESD 1 SP,0.082500,0.062500,0.005000,0.000000,0.015000,0
TX,77325,HOUSTON,0.082500,0.062500,0.000000,0.010000,0.010000,0
TX,77326,POLK,0.067500,0.062500,0.005000,0.000000,0.000000,0
TX,77327,MONTGOMERY CO EMERGENCY SVCS NO. 7,0.082500,0.062500,0.000000,0.000000,0.020000,0
TX,77328,MONTGOMERY CO EMERGENCY SVCS NO. 7,0.082500,0.062500,0.000000,0.000000,0.020000,0
TX,77331,COLDSPRING,0.082500,0.062500,0.005000,0.015000,0.000000,0
TX,77332,POLK,0.067500,0.062500,0.005000,0.000000,0.000000,0
TX,77333,MONTGOMERY CO ESD 2 SP,0.082500,0.062500,0.000000,0.000000,0.020000,0
TX,77334,WALKER COUNTY ESD 1 SP,0.082500,0.062500,0.005000,0.000000,0.015000,0
TX,77335,GOODRICH,0.077500,0.062500,0.005000,0.010000,0.000000,0
TX,77336,HOUSTON,0.082500,0.062500,0.000000,0.010000,0.010000,0
TX,77337,TOMBALL,0.082500,0.062500,0.000000,0.020000,0.000000,0
TX,77338,HARRIS CO. ESD NO. 10,0.082500,0.062500,0.000000,0.010000,0.010000,0
TX,77339,EAST MONTGOME CO ESD 6 SP,0.082500,0.062500,0.000000,0.000000,0.020000,0
TX,77340,WALKER COUNTY ESD 1 SP,0.082500,0.062500,0.005000,0.000000,0.015000,0
TX,77341,HUNTSVILLE,0.082500,0.062500,0.005000,0.015000,0.000000,0
TX,77342,HUNTSVILLE,0.082500,0.062500,0.005000,0.015000,0.000000,0
TX,77343,HUNTSVILLE,0.082500,0.062500,0.005000,0.015000,0.000000,0
TX,77344,HUNTSVILLE,0.082500,0.062500,0.005000,0.015000,0.000000,0
TX,77345,HOUSTON,0.082500,0.062500,0.000000,0.010000,0.010000,0
TX,77346,HOUSTON,0.082500,0.062500,0.000000,0.010000,0.010000,0
TX,77347,HUMBLE,0.082500,0.062500,0.000000,0.010000,0.010000,0
TX,77348,HUNTSVILLE,0.082500,0.062500,0.005000,0.015000,0.000000,0
TX,77349,HUNTSVILLE,0.082500,0.062500,0.005000,0.015000,0.000000,0
TX,77350,POLK,0.067500,0.062500,0.005000,0.000000,0.000000,0
TX,77351,LIVINGSTON,0.082500,0.062500,0.005000,0.015000,0.000000,0
TX,77352,LIVINGSTON,0.082500,0.062500,0.005000,0.015000,0.000000,0
TX,77353,MAGNOLIA,0.082500,0.062500,0.000000,0.020000,0.000000,0
TX,77354,MONTGOMERY CO EMERGENCY SERVICES DISTRICT 10 SP,0.082500,0.062500,0.000000,0.000000,0.020000,0
TX,77355,MAGNOLIA,0.082500,0.062500,0.000000,0.020000,0.000000,0
TX,77356,MONTGOMERY ETJ,0.082500,0.062500,0.000000,0.000000,0.020000,0
TX,77357,WOODBRANCH,0.082500,0.062500,0.000000,0.000000,0.020000,0
TX,77358,MONTGOMERY COUNTY EMERGENCY SERVICES DISTRICT NO 1 SP,0.082500,0.062500,0.000000,0.000000,0.020000,0
TX,77359,SAN JACINTO CO ESD SP,0.072500,0.062500,0.005000,0.000000,0.005000,0
TX,77360,ONALASKA,0.082500,0.062500,0.005000,0.015000,0.000000,0
TX,77362,MONTGOMERY CO EMERGENCY SERVICES DISTRICT 10 SP,0.082500,0.062500,0.000000,0.000000,0.020000,0
TX,77363,PLANTERSVILLE,0.082500,0.062500,0.005000,0.015000,0.000000,0
TX,77364,POINT BLANK,0.082500,0.062500,0.005000,0.010000,0.005000,0
TX,77365,MONTGOMERY CO EMERGENCY SVCS NO. 7,0.082500,0.062500,0.000000,0.000000,0.020000,0
TX,77367,RIVERSIDE,0.082500,0.062500,0.005000,0.015000,0.000000,0
TX,77368,LIBERTY,0.067500,0.062500,0.005000,0.000000,0.000000,0
TX,77369,LIBERTY,0.067500,0.062500,0.005000,0.000000,0.000000,0
TX,77371,CLEVELAND,0.082500,0.062500,0.005000,0.015000,0.000000,0
TX,77372,EAST MONTGOMERY CO IMPROVEMENT DISTRICT EDZ NO 4 SP,0.082500,0.062500,0.000000,0.000000,0.020000,0
TX,77373,HOUSTON,0.082500,0.062500,0.000000,0.010000,0.010000,0
TX,77374,HARDIN,0.062500,0.062500,0.000000,0.000000,0.000000,0
TX,77375,HOUSTON,0.082500,0.062500,0.000000,0.010000,0.010000,0
TX,77376,HARDIN,0.062500,0.062500,0.000000,0.000000,0.000000,0
TX,77377,HOUSTON MTA TRANSIT,0.082500,0.062500,0.000000,0.000000,0.020000,0
TX,77378,WILLIS MONTGOMERY CO ESD 1 COMBINED AREA SP,0.082500,0.062500,0.000000,0.000000,0.020000,0
TX,77379,HOUSTON,0.082500,0.062500,0.000000,0.010000,0.010000,0
TX,77380,MONTGOMERY CO EMERGENCY SERVICES DISTRICT NO 8 SP,0.082500,0.062500,0.000000,0.010000,0.010000,0
TX,77381,SHENANDOAH,0.082500,0.062500,0.000000,0.015000,0.005000,0
TX,77382,THE WOODLANDS TOWNSHIP,0.082500,0.062500,0.000000,0.000000,0.020000,0
TX,77383,HOUSTON,0.082500,0.062500,0.000000,0.010000,0.010000,0
TX,77384,CONROE,0.082500,0.062500,0.000000,0.020000,0.000000,0
TX,77385,MONTGOMERY,0.082500,0.062500,0.000000,0.000000,0.020000,0
TX,77386,MONTGOMERY CO EMERGENCY SERVICES DISTRICT NO 8 SP,0.082500,0.062500,0.000000,0.010000,0.010000,0
TX,77387,SHENANDOAH,0.082500,0.062500,0.000000,0.015000,0.005000,0
TX,77388,HOUSTON,0.082500,0.062500,0.000000,0.010000,0.010000,0
TX,77389,THE WOODLANDS TOWNSHIP,0.082500,0.062500,0.000000,0.000000,0.020000,0
TX,77391,HOUSTON,0.082500,0.062500,0.000000,0.010000,0.010000,0
TX,77393,THE WOODLANDS TOWNSHIP,0.082500,0.062500,0.000000,0.000000,0.020000,0
TX,77396,HARRIS CO. ESD NO. 10,0.082500,0.062500,0.000000,0.010000,0.010000,0
TX,77399,POLK,0.067500,0.062500,0.005000,0.000000,0.000000,0
TX,77401,HOUSTON,0.082500,0.062500,0.000000,0.010000,0.010000,0
TX,77402,BELLAIRE,0.082500,0.062500,0.000000,0.010000,0.010000,0
TX,77404,BAY CITY,0.082500,0.062500,0.000000,0.020000,0.000000,0
TX,77406,FORT BEND CO AD 9 SP,0.082500,0.062500,0.000000,0.010000,0.010000,0
TX,77407,FORT BEND COUNTY EMERGENCY SERVICES DISTRICT NO.5,0.082500,0.062500,0.000000,0.010000,0.010000,0
TX,77410,HARRIS CO EMERGENCY SERVICES DISTRICT NO 9 SP,0.082500,0.062500,0.000000,0.000000,0.020000,0
TX,77411,HOUSTON,0.082500,0.062500,0.000000,0.010000,0.010000,0
TX,77412,RICE HOSPITAL DISTRICT,0.072500,0.062500,0.005000,0.000000,0.005000,0
TX,77413,HARRIS CO EMERGENCY SERVICES DISTRICT 48 SP,0.082500,0.062500,0.000000,0.000000,0.020000,0
TX,77414,BAY CITY,0.082500,0.062500,0.000000,0.020000,0.000000,0
TX,77415,MATAGORDA,0.062500,0.062500,0.000000,0.000000,0.000000,0
TX,77417,FORT BEND,0.082500,0.062500,0.000000,0.000000,0.020000,0
TX,77418,BELLVILLE,0.082500,0.062500,0.005000,0.015000,0.000000,0
TX,77419,MATAGORDA,0.062500,0.062500,0.000000,0.000000,0.000000,0
TX,77420,FORT BEND COUNTY EMERGENCY SERVICES DISTRICT NO. 9,0.082500,0.062500,0.000000,0.000000,0.020000,0
TX,77422,BRAZORIA,0.082500,0.062500,0.005000,0.015000,0.000000,0
TX,77423,KATY,0.082500,0.062500,0.000000,0.010000,0.010000,0
TX,77426,LAS DAMAS MGMT DIST SP,0.082500,0.062500,0.005000,0.000000,0.015000,0
TX,77428,MATAGORDA,0.062500,0.062500,0.000000,0.000000,0.000000,0
TX,77429,HOUSTON MTA TRANSIT,0.082500,0.062500,0.000000,0.000000,0.020000,0
TX,77430,FORT BEND COUNTY EMERGENCY SERVICES DISTRICT NO. 9,0.082500,0.062500,0.000000,0.000000,0.020000,0
TX,77431,BRAZORIA,0.067500,0.062500,0.005000,0.000000,0.000000,0
TX,77432,WHARTON,0.067500,0.062500,0.005000,0.000000,0.000000,0
TX,77433,HOUSTON MTA TRANSIT,0.082500,0.062500,0.000000,0.000000,0.020000,0
TX,77434,EAGLE LAKE,0.082500,0.062500,0.005000,0.010000,0.005000,0
TX,77435,FORT BEND COUNTY EMERGENCY SERVICES DISTRICT NO. 3,0.082500,0.062500,0.000000,0.000000,0.020000,0
TX,77436,WHARTON,0.067500,0.062500,0.005000,0.000000,0.000000,0
TX,77437,EL CAMPO,0.082500,0.062500,0.005000,0.015000,0.000000,0
TX,77440,MATAGORDA,0.062500,0.062500,0.000000,0.000000,0.000000,0
TX,77441,FORT BEND,0.082500,0.062500,0.000000,0.020000,0.000000,0
TX,77442,RICE HOSPITAL DISTRICT,0.072500,0.062500,0.005000,0.000000,0.005000,0
TX,77443,WHARTON,0.067500,0.062500,0.005000,0.000000,0.000000,0
TX,77444,FORT BEND COUNTY EMERGENCY SERVICES DISTRICT NO. 9,0.082500,0.062500,0.000000,0.000000,0.020000,0
TX,77445,WALLER,0.082500,0.062500,0.000000,0.010000,0.010000,0
TX,77446,PRAIRIE VIEW,0.080000,0.062500,0.000000,0.015000,0.002500,0
TX,77447,HOUSTON MTA TRANSIT,0.082500,0.062500,0.000000,0.000000,0.020000,0
TX,77448,WHARTON,0.067500,0.062500,0.005000,0.000000,0.000000,0
TX,77449,HOUSTON MTA TRANSIT,0.082500,0.062500,0.000000,0.000000,0.020000,0
TX,77450,FORT BEND CO AD 9 SP,0.082500,0.062500,0.000000,0.010000,0.010000,0
TX,77451,KENDLETON,0.082500,0.062500,0.000000,0.015000,0.005000,0
TX,77452,AUSTIN,0.067500,0.062500,0.005000,0.000000,0.000000,0
TX,77453,WHARTON,0.067500,0.062500,0.005000,0.000000,0.000000,0
TX,77454,WHARTON,0.067500,0.062500,0.005000,0.000000,0.000000,0
TX,77455,COLORADO,0.067500,0.062500,0.005000,0.000000,0.000000,0
TX,77456,MATAGORDA,0.062500,0.062500,0.000000,0.000000,0.000000,0
TX,77457,MATAGORDA,0.062500,0.062500,0.000000,0.000000,0.000000,0
TX,77458,MATAGORDA,0.062500,0.062500,0.000000,0.000000,0.000000,0
TX,77459,MISSOURI CITY,0.082500,0.062500,0.000000,0.010000,0.010000,0
TX,77460,RICE HOSPITAL DISTRICT,0.072500,0.062500,0.005000,0.000000,0.005000,0
TX,77461,FORT BEND COUNTY EMERGENCY SERVICES DISTRICT NO. 9,0.082500,0.062500,0.000000,0.000000,0.020000,0
TX,77463,BRAZORIA,0.067500,0.062500,0.005000,0.000000,0.000000,0
TX,77464,ORCHARD,0.082500,0.062500,0.000000,0.020000,0.000000,0
TX,77465,PALACIOS,0.082500,0.062500,0.000000,0.020000,0.000000,0
TX,77466,PATTISON,0.082500,0.062500,0.000000,0.020000,0.000000,0
TX,77467,WHARTON,0.067500,0.062500,0.005000,0.000000,0.000000,0
TX,77468,MATAGORDA,0.062500,0.062500,0.000000,0.000000,0.000000,0
TX,77469,FORT BEND,0.082500,0.062500,0.000000,0.000000,0.020000,0
TX,77470,COLORADO,0.067500,0.062500,0.005000,0.000000,0.000000,0
TX,77471,FORT BEND COUNTY EMERGENCY SERVICES DISTRICT NO. 3,0.082500,0.062500,0.000000,0.000000,0.020000,0
TX,77473,SAN FELIPE,0.082500,0.062500,0.005000,0.015000,0.000000,0
TX,77474,AUSTIN,0.082500,0.062500,0.005000,0.000000,0.015000,0
TX,77475,RICE HOSPITAL DISTRICT,0.072500,0.062500,0.005000,0.000000,0.005000,0
TX,77476,SIMONTON,0.082500,0.062500,0.000000,0.020000,0.000000,0
TX,77477,FORT BEND,0.082500,0.062500,0.000000,0.000000,0.020000,0
TX,77478,HOUSTON,0.082500,0.062500,0.000000,0.010000,0.010000,0
TX,77479,MISSOURI CITY,0.082500,0.062500,0.000000,0.010000,0.010000,0
TX,77480,SWEENY,0.082500,0.062500,0.005000,0.013750,0.001250,0
TX,77481,THOMPSONS,0.072500,0.062500,0.000000,0.010000,0.000000,0
TX,77482,BAY CITY,0.082500,0.062500,0.000000,0.020000,0.000000,0
TX,77483,MATAGORDA,0.062500,0.062500,0.000000,0.000000,0.000000,0
TX,77484,WALLER,0.082500,0.062500,0.000000,0.000000,0.020000,0
TX,77485,FORT BEND COUNTY EMERGENCY SERVICES DISTRICT NO. 3,0.082500,0.062500,0.000000,0.000000,0.020000,0
TX,77486,WEST COLUMBIA,0.082500,0.062500,0.005000,0.015000,0.000000,0
TX,77487,SUGAR LAND,0.082500,0.062500,0.000000,0.020000,0.000000,0
TX,77488,WHARTON,0.082500,0.062500,0.005000,0.015000,0.000000,0
TX,77489,HOUSTON/FORT BEND COUNTY ASSISTANCE DISTRICT 4 COMBINED AREA,0.082500,0.062500,0.000000,0.000000,0.020000,0
TX,77491,HOUSTON,0.082500,0.062500,0.000000,0.010000,0.010000,0
TX,77492,KATY,0.082500,0.062500,0.000000,0.010000,0.010000,0
TX,77493,KATY,0.082500,0.062500,0.000000,0.010000,0.010000,0
TX,77494,FORT BEND CO AD 9 SP,0.082500,0.062500,0.000000,0.010000,0.010000,0
TX,77496,SUGAR LAND,0.082500,0.062500,0.000000,0.020000,0.000000,0
TX,77497,STAFFORD,0.082500,0.062500,0.000000,0.020000,0.000000,0
TX,77498,FORT BEND COUNTY EMERGENCY SERVICES DISTRICT NO.5,0.082500,0.062500,0.000000,0.010000,0.010000,0
TX,77501,PASADENA,0.082500,0.062500,0.000000,0.015000,0.005000,0
TX,77502,PASADENA,0.082500,0.062500,0.000000,0.015000,0.005000,0
TX,77503,DEER PARK,0.082500,0.062500,0.000000,0.015000,0.005000,0
TX,77504,HOUSTON,0.082500,0.062500,0.000000,0.010000,0.010000,0
TX,77505,HOUSTON,0.082500,0.062500,0.000000,0.010000,0.010000,0
TX,77506,HOUSTON,0.082500,0.062500,0.000000,0.010000,0.010000,0
TX,77507,LA PORTE FIRE CONTROL PREVENTION AND EMS DISTRICT SP,0.082500,0.062500,0.000000,0.017500,0.002500,0
TX,77508,PASADENA,0.082500,0.062500,0.000000,0.015000,0.005000,0
TX,77510,HITCHCOCK,0.082500,0.062500,0.000000,0.020000,0.000000,0
TX,77511,LEAGUE CITY,0.082500,0.062500,0.000000,0.020000,0.000000,0
TX,77512,ALVIN,0.082500,0.062500,0.005000,0.015000,0.000000,0
TX,77514,ANAHUAC,0.082500,0.062500,0.000000,0.010000,0.010000,0
TX,77515,BRAZORIA,0.082500,0.062500,0.005000,0.015000,0.000000,0
TX,77516,ANGLETON,0.082500,0.062500,0.005000,0.015000,0.000000,0
TX,77517,HITCHCOCK,0.082500,0.062500,0.000000,0.020000,0.000000,0
TX,77518,KEMAH,0.082500,0.062500,0.000000,0.020000,0.000000,0
TX,77519,HARDIN,0.082500,0.062500,0.000000,0.000000,0.020000,0
TX,77520,HOUSTON,0.082500,0.062500,0.000000,0.010000,0.010000,0
TX,77521,BAYTOWN,0.082500,0.062500,0.000000,0.012500,0.007500,0
TX,77522,BAYTOWN MUNICIPAL DEV DISTRICT,0.082500,0.062500,0.000000,0.012500,0.007500,0
TX,77523,ANAHUAC,0.082500,0.062500,0.000000,0.010000,0.010000,0
TX,77530,HARRIS CO EMER DIST 50 SP,0.082500,0.062500,0.000000,0.010000,0.010000,0
TX,77531,CLUTE,0.082500,0.062500,0.005000,0.015000,0.000000,0
TX,77532,HOUSTON,0.082500,0.062500,0.000000,0.010000,0.010000,0
TX,77533,DAISETTA,0.082500,0.062500,0.005000,0.010000,0.005000,0
TX,77534,DANBURY,0.082500,0.062500,0.005000,0.015000,0.000000,0
TX,77535,DAISETTA,0.082500,0.062500,0.005000,0.010000,0.005000,0
TX,77536,DEER PARK,0.082500,0.062500,0.000000,0.015000,0.005000,0
TX,77538,DEVERS,0.082500,0.062500,0.005000,0.015000,0.000000,0
TX,77539,DICKINSON,0.082500,0.062500,0.000000,0.015000,0.005000,0
TX,77541,CLUTE,0.082500,0.062500,0.005000,0.015000,0.000000,0
TX,77542,FREEPORT,0.082500,0.062500,0.005000,0.015000,0.000000,0
TX,77545,FORT BEND COUNTY ASSISTANCE DISTRICT NO 5 SP,0.082500,0.062500,0.000000,0.000000,0.020000,0
TX,77546,HOUSTON,0.082500,0.062500,0.000000,0.010000,0.010000,0
TX,77547,HOUSTON,0.082500,0.062500,0.000000,0.010000,0.010000,0
TX,77549,FRIENDSWOOD,0.082500,0.062500,0.000000,0.020000,0.000000,0
TX,77550,GALVESTON,0.082500,0.062500,0.000000,0.020000,0.000000,0
TX,77551,GALVESTON,0.082500,0.062500,0.000000,0.020000,0.000000,0
TX,77552,GALVESTON,0.082500,0.062500,0.000000,0.020000,0.000000,0
TX,77553,GALVESTON,0.082500,0.062500,0.000000,0.020000,0.000000,0
TX,77554,GALVESTON,0.082500,0.062500,0.000000,0.020000,0.000000,0
TX,77555,GALVESTON,0.082500,0.062500,0.000000,0.020000,0.000000,0
TX,77560,CHAMBERS COUNTY HEALTH SERVICES,0.067500,0.062500,0.000000,0.000000,0.005000,0
TX,77561,LIBERTY CO ESD 7 SP,0.082500,0.062500,0.005000,0.010000,0.005000,0
TX,77562,BAYTOWN MUNICIPAL DEV DISTRICT,0.082500,0.062500,0.000000,0.012500,0.007500,0
TX,77563,BAYOU VISTA,0.082500,0.062500,0.000000,0.020000,0.000000,0
TX,77564,LIBERTY,0.082500,0.062500,0.005000,0.000000,0.015000,0
TX,77565,CLEAR LAKE SHORES,0.082500,0.062500,0.000000,0.020000,0.000000,0
TX,77566,CLUTE,0.082500,0.062500,0.005000,0.015000,0.000000,0
TX,77568,HITCHCOCK,0.082500,0.062500,0.000000,0.020000,0.000000,0
TX,77571,HOUSTON,0.082500,0.062500,0.000000,0.010000,0.010000,0
TX,77572,LA PORTE FIRE CONTROL PREVENTION AND EMS DISTRICT SP,0.082500,0.062500,0.000000,0.017500,0.002500,0
TX,77573,LEAGUE CITY,0.082500,0.062500,0.000000,0.020000,0.000000,0
TX,77574,LEAGUE CITY,0.082500,0.062500,0.000000,0.020000,0.000000,0
TX,77575,LIBERTY,0.082500,0.062500,0.005000,0.000000,0.015000,0
TX,77577,LIVERPOOL,0.077500,0.062500,0.005000,0.010000,0.000000,0
TX,77578,IOWA COLONY,0.082500,0.062500,0.005000,0.010000,0.005000,0
TX,77580,MONT BELVIEU,0.082500,0.062500,0.000000,0.015000,0.005000,0
TX,77581,HOUSTON,0.082500,0.062500,0.000000,0.010000,0.010000,0
TX,77582,LIBERTY,0.082500,0.062500,0.005000,0.000000,0.015000,0
TX,77583,FORT BEND COUNTY ASSISTANCE DISTRICT NO 5 SP,0.082500,0.062500,0.000000,0.000000,0.020000,0
TX,77584,MANVEL,0.082500,0.062500,0.005000,0.015000,0.000000,0
TX,77585,HARDIN,0.082500,0.062500,0.000000,0.000000,0.020000,0
TX,77586,EL LAGO,0.082500,0.062500,0.000000,0.010000,0.010000,0
TX,77587,HOUSTON,0.082500,0.062500,0.000000,0.010000,0.010000,0
TX,77588,PEARLAND,0.082500,0.062500,0.005000,0.015000,0.000000,0
TX,77590,TEXAS CITY,0.082500,0.062500,0.000000,0.020000,0.000000,0
TX,77591,LA MARQUE,0.082500,0.062500,0.000000,0.020000,0.000000,0
TX,77592,TEXAS CITY,0.082500,0.062500,0.000000,0.020000,0.000000,0
TX,77597,CHAMBERS COUNTY HEALTH SERVICES,0.067500,0.062500,0.000000,0.000000,0.005000,0
TX,77598,HOUSTON,0.082500,0.062500,0.000000,0.010000,0.010000,0
TX,77611,BRIDGE CITY,0.082500,0.062500,0.005000,0.015000,0.000000,0
TX,77612,NEWTON,0.082500,0.062500,0.000000,0.000000,0.020000,0
TX,77613,JEFFERSON,0.082500,0.062500,0.005000,0.000000,0.015000,0
TX,77614,NEWTON,0.082500,0.062500,0.000000,0.000000,0.020000,0
TX,77615,JASPER COUNTY EMERGENCY SERVICES DISTRICT NO. 2,0.082500,0.062500,0.000000,0.000000,0.020000,0
TX,77616,TYLER COUNTY EMERGENCY SERVICES DISTRICT NO. 6,0.082500,0.062500,0.005000,0.000000,0.015000,0
TX,77617,GALVESTON CO ESD NO 2 SP,0.082500,0.062500,0.000000,0.000000,0.020000,0
TX,77619,GROVES,0.082500,0.062500,0.005000,0.015000,0.000000,0
TX,77622,JEFFERSON COUNTY EMERGENCY SERVICES DISTRICT NO. 5,0.082500,0.062500,0.005000,0.000000,0.015000,0
TX,77623,GALVESTON CO ESD NO 2 SP,0.082500,0.062500,0.000000,0.000000,0.020000,0
TX,77624,TYLER COUNTY EMERGENCY SERVICES DISTRICT NO. 6,0.082500,0.062500,0.005000,0.000000,0.015000,0
TX,77625,VILLAGE MILLS EMERGENCY SERVICES DISTRICT NO. 8,0.082500,0.062500,0.000000,0.000000,0.020000,0
TX,77626,ORANGE,0.067500,0.062500,0.005000,0.000000,0.000000,0
TX,77627,NEDERLAND,0.082500,0.062500,0.005000,0.015000,0.000000,0
TX,77629,JEFFERSON,0.082500,0.062500,0.005000,0.000000,0.015000,0
TX,77630,BRIDGE CITY,0.082500,0.062500,0.005000,0.015000,0.000000,0
TX,77631,ORANGE,0.082500,0.062500,0.005000,0.015000,0.000000,0
TX,77632,NEWTON,0.082500,0.062500,0.000000,0.000000,0.020000,0
TX,77639,ORANGE,0.067500,0.062500,0.005000,0.000000,0.000000,0
TX,77640,JEFFERSON,0.082500,0.062500,0.005000,0.000000,0.015000,0
TX,77641,PORT ARTHUR,0.082500,0.062500,0.005000,0.015000,0.000000,0
TX,77642,GROVES,0.082500,0.062500,0.005000,0.015000,0.000000,0
TX,77643,PORT ARTHUR,0.082500,0.062500,0.005000,0.015000,0.000000,0
TX,77650,GALVESTON CO ESD NO 2 SP,0.082500,0.062500,0.000000,0.000000,0.020000,0
TX,77651,PORT NECHES,0.082500,0.062500,0.005000,0.015000,0.000000,0
TX,77655,PORT ARTHUR,0.082500,0.062500,0.005000,0.015000,0.000000,0
TX,77656,TYLER COUNTY EMERGENCY SERVICES DISTRICT NO. 6,0.082500,0.062500,0.005000,0.000000,0.015000,0
TX,77657,JEFFERSON COUNTY EMERGENCY SERVICES DISTRICT NO. 1,0.082500,0.062500,0.005000,0.000000,0.015000,0
TX,77659,HARDIN,0.082500,0.062500,0.000000,0.000000,0.020000,0
TX,77660,TYLER COUNTY EMERGENCY SERVICES DISTRICT NO. 6,0.082500,0.062500,0.005000,0.000000,0.015000,0
TX,77661,CHAMBERS CO EMERGENCY SERVICES DISTRICT 1,0.081250,0.062500,0.000000,0.000000,0.018750,0
TX,77662,JASPER COUNTY EMERGENCY SERVICES DISTRICT NO. 2,0.082500,0.062500,0.000000,0.000000,0.020000,0
TX,77663,VILLAGE MILLS EMERGENCY SERVICES DISTRICT NO. 8,0.082500,0.062500,0.000000,0.000000,0.020000,0
TX,77664,TYLER COUNTY EMERGENCY SERVICES DISTRICT NO. 6,0.082500,0.062500,0.005000,0.000000,0.015000,0
TX,77665,JEFFERSON COUNTY EMERGENCY SERVICES DISTRICT NO. 5,0.082500,0.062500,0.005000,0.000000,0.015000,0
TX,77670,VIDOR,0.082500,0.062500,0.005000,0.015000,0.000000,0
TX,77701,JEFFERSON,0.082500,0.062500,0.005000,0.000000,0.015000,0
TX,77702,BEAUMONT,0.082500,0.062500,0.005000,0.015000,0.000000,0
TX,77703,BEAUMONT,0.082500,0.062500,0.005000,0.015000,0.000000,0
TX,77704,BEAUMONT,0.082500,0.062500,0.005000,0.015000,0.000000,0
TX,77705,JEFFERSON COUNTY EMERGENCY SERVICES DISTRICT NO. 5,0.082500,0.062500,0.005000,0.000000,0.015000,0
TX,77706,BEAUMONT,0.082500,0.062500,0.005000,0.015000,0.000000,0
TX,77707,JEFFERSON,0.082500,0.062500,0.005000,0.000000,0.015000,0
TX,77708,BEAUMONT,0.082500,0.062500,0.005000,0.015000,0.000000,0
TX,77710,BEAUMONT,0.082500,0.062500,0.005000,0.015000,0.000000,0
TX,77713,JEFFERSON COUNTY EMERGENCY SERVICES DISTRICT NO. 1,0.082500,0.062500,0.005000,0.000000,0.015000,0
TX,77720,BEAUMONT,0.082500,0.062500,0.005000,0.015000,0.000000,0
TX,77725,BEAUMONT,0.082500,0.062500,0.005000,0.015000,0.000000,0
TX,77726,BEAUMONT,0.082500,0.062500,0.005000,0.015000,0.000000,0
TX,77801,BRYAN,0.082500,0.062500,0.005000,0.015000,0.000000,0
TX,77802,BRYAN,0.082500,0.062500,0.005000,0.015000,0.000000,0
TX,77803,BRAZOS,0.082500,0.062500,0.005000,0.000000,0.015000,0
TX,77805,BRYAN,0.082500,0.062500,0.005000,0.015000,0.000000,0
TX,77806,BRYAN,0.082500,0.062500,0.005000,0.015000,0.000000,0
TX,77807,ROBERTSON,0.082500,0.062500,0.000000,0.000000,0.020000,0
TX,77808,ROBERTSON,0.082500,0.062500,0.000000,0.000000,0.020000,0
TX,77830,ANDERSON,0.080000,0.062500,0.005000,0.012500,0.000000,0
TX,77831,BEDIAS,0.080000,0.062500,0.005000,0.012500,0.000000,0
TX,77833,BRENHAM,0.082500,0.062500,0.005000,0.015000,0.000000,0
TX,77834,BRENHAM,0.082500,0.062500,0.005000,0.015000,0.000000,0
TX,77835,BURTON,0.082500,0.062500,0.005000,0.015000,0.000000,0
TX,77836,CALDWELL,0.082500,0.062500,0.005000,0.015000,0.000000,0
TX,77837,ROBERTSON,0.082500,0.062500,0.000000,0.000000,0.020000,0
TX,77838,BURLESON,0.067500,0.062500,0.005000,0.000000,0.000000,0
TX,77840,COLLEGE STATION,0.082500,0.062500,0.005000,0.015000,0.000000,0
TX,77841,COLLEGE STATION,0.082500,0.062500,0.005000,0.015000,0.000000,0
TX,77842,COLLEGE STATION,0.082500,0.062500,0.005000,0.015000,0.000000,0
TX,77843,COLLEGE STATION,0.082500,0.062500,0.005000,0.015000,0.000000,0
TX,77844,COLLEGE STATION,0.082500,0.062500,0.005000,0.015000,0.000000,0
TX,77845,BRAZOS,0.082500,0.062500,0.005000,0.000000,0.015000,0
TX,77850,NORTHWEST LEON COUNTY EMERGENCY SERVICES DISTRICT NO. 3,0.082500,0.062500,0.005000,0.000000,0.015000,0
TX,77852,BURLESON,0.067500,0.062500,0.005000,0.000000,0.000000,0
TX,77853,BURLESON,0.067500,0.062500,0.005000,0.000000,0.000000,0
TX,77855,NORTHWEST LEON COUNTY EMERGENCY SERVICES DISTRICT NO. 3,0.082500,0.062500,0.005000,0.000000,0.015000,0
TX,77856,ROBERTSON,0.082500,0.062500,0.000000,0.000000,0.020000,0
TX,77857,MILAM,0.067500,0.062500,0.005000,0.000000,0.000000,0
TX,77859,ROBERTSON,0.082500,0.062500,0.000000,0.000000,0.020000,0
TX,77861,IOLA,0.080000,0.062500,0.005000,0.012500,0.000000,0
TX,77862,KURTEN,0.077500,0.062500,0.005000,0.010000,0.000000,0
TX,77863,BURLESON,0.067500,0.062500,0.005000,0.000000,0.000000,0
TX,77864,MADISONVILLE,0.082500,0.062500,0.005000,0.015000,0.000000,0
TX,77865,NORTHWEST LEON COUNTY EMERGENCY SERVICES DISTRICT NO. 3,0.082500,0.062500,0.005000,0.000000,0.015000,0
TX,77866,BRAZOS,0.082500,0.062500,0.005000,0.000000,0.015000,0
TX,77867,ROBERTSON,0.082500,0.062500,0.000000,0.000000,0.020000,0
TX,77868,BRAZOS,0.082500,0.062500,0.005000,0.000000,0.015000,0
TX,77870,ROBERTSON,0.082500,0.062500,0.000000,0.000000,0.020000,0
TX,77871,NORTHWEST LEON COUNTY EMERGENCY SERVICES DISTRICT NO. 3-A,0.082500,0.062500,0.005000,0.012500,0.002500,0
TX,77872,GRIMES,0.067500,0.062500,0.005000,0.000000,0.000000,0
TX,77873,MONTGOMERY CO ESD 2 SP,0.082500,0.062500,0.000000,0.000000,0.020000,0
TX,77875,GRIMES,0.067500,0.062500,0.005000,0.000000,0.000000,0
TX,77876,GRIMES,0.067500,0.062500,0.005000,0.000000,0.000000,0
TX,77878,SNOOK,0.082500,0.062500,0.005000,0.015000,0.000000,0
TX,77879,SNOOK,0.082500,0.062500,0.005000,0.015000,0.000000,0
TX,77880,WASHINGTON,0.067500,0.062500,0.005000,0.000000,0.000000,0
TX,77881,COLLEGE STATION,0.082500,0.062500,0.005000,0.015000,0.000000,0
TX,77882,ROBERTSON,0.082500,0.062500,0.000000,0.000000,0.020000,0
TX,77901,BLOOMINGTON,0.082500,0.062500,0.005000,0.015000,0.000000,0
TX,77902,VICTORIA,0.082500,0.062500,0.005000,0.015000,0.000000,0
TX,77903,VICTORIA,0.082500,0.062500,0.005000,0.015000,0.000000,0
TX,77904,VICTORIA,0.082500,0.062500,0.005000,0.015000,0.000000,0
TX,77905,BLOOMINGTON,0.082500,0.062500,0.005000,0.015000,0.000000,0
TX,77950,AUSTWELL,0.072500,0.062500,0.000000,0.010000,0.000000,0
TX,77951,BLOOMINGTON,0.082500,0.062500,0.005000,0.015000,0.000000,0
TX,77954,GONZALES,0.082500,0.062500,0.005000,0.000000,0.015000,0
TX,77957,EDNA,0.082500,0.062500,0.005000,0.015000,0.000000,0
TX,77960,GOLIAD,0.062500,0.062500,0.000000,0.000000,0.000000,0
TX,77961,JACKSON,0.067500,0.062500,0.005000,0.000000,0.000000,0
TX,77962,GANADO,0.082500,0.062500,0.005000,0.015000,0.000000,0
TX,77963,GOLIAD,0.082500,0.062500,0.000000,0.020000,0.000000,0
TX,77964,HALLETTSVILLE,0.082500,0.062500,0.000000,0.020000,0.000000,0
TX,77967,DEWITT,0.062500,0.062500,0.000000,0.000000,0.000000,0
TX,77968,JACKSON,0.067500,0.062500,0.005000,0.000000,0.000000,0
TX,77969,JACKSON,0.067500,0.062500,0.005000,0.000000,0.000000,0
TX,77970,LA WARD,0.077500,0.062500,0.005000,0.010000,0.000000,0
TX,77971,POINT COMFORT MUNICIPAL DEVELOPMENT DISTRICT SP,0.072500,0.062500,0.005000,0.000000,0.005000,0
TX,77973,VICTORIA,0.067500,0.062500,0.005000,0.000000,0.000000,0
TX,77974,VICTORIA,0.067500,0.062500,0.005000,0.000000,0.000000,0
TX,77975,MOULTON,0.082500,0.062500,0.000000,0.020000,0.000000,0
TX,77976,VICTORIA,0.067500,0.062500,0.005000,0.000000,0.000000,0
TX,77977,VICTORIA,0.067500,0.062500,0.005000,0.000000,0.000000,0
TX,77978,POINT COMFORT,0.082500,0.062500,0.005000,0.010000,0.005000,0
TX,77979,POINT COMFORT,0.082500,0.062500,0.005000,0.010000,0.005000,0
TX,77982,CALHOUN CO PORT OCONNOR IMPROVEMENT DISTRICT SP,0.082500,0.062500,0.005000,0.000000,0.015000,0
TX,77983,SEADRIFT,0.082500,0.062500,0.005000,0.015000,0.000000,0
TX,77984,GONZALES,0.082500,0.062500,0.005000,0.000000,0.015000,0
TX,77986,LAVACA,0.062500,0.062500,0.000000,0.000000,0.000000,0
TX,77987,LAVACA,0.062500,0.062500,0.000000,0.000000,0.000000,0
TX,77988,VICTORIA,0.067500,0.062500,0.005000,0.000000,0.000000,0
TX,77989,DEWITT,0.062500,0.062500,0.000000,0.000000,0.000000,0
TX,77990,CALHOUN,0.067500,0.062500,0.005000,0.000000,0.000000,0
TX,77991,JACKSON,0.067500,0.062500,0.005000,0.000000,0.000000,0
TX,77993,GOLIAD,0.062500,0.062500,0.000000,0.000000,0.000000,0
TX,77994,GONZALES,0.082500,0.062500,0.005000,0.000000,0.015000,0
TX,77995,YOAKUM,0.082500,0.062500,0.000000,0.020000,0.000000,0
TX,78001,LA SALLE,0.062500,0.062500,0.000000,0.000000,0.000000,0
TX,78002,ATASCOSA COUNTY EMERGENCY SERVICES DISTRICT NO.1,0.082500,0.062500,0.005000,0.000000,0.015000,0
TX,78003,MEDINA CO ESD 6 SP,0.082500,0.062500,0.005000,0.000000,0.015000,0
TX,78004,KENDALL,0.067500,0.062500,0.005000,0.000000,0.000000,0
TX,78005,FRIO COUNTY EMERGENCY SERVICES DISTRICT NO. 1,0.082500,0.062500,0.005000,0.000000,0.015000,0
TX,78006,FAIR OAKS RANCH,0.082500,0.062500,0.000000,0.015000,0.005000,0
TX,78007,MCMULLEN,0.062500,0.062500,0.000000,0.000000,0.000000,0
TX,78008,ATASCOSA,0.067500,0.062500,0.005000,0.000000,0.000000,0
TX,78009,MEDINA,0.082500,0.062500,0.005000,0.000000,0.015000,0
TX,78010,KERR,0.067500,0.062500,0.005000,0.000000,0.000000,0
TX,78011,ATASCOSA COUNTY EMERGENCY SERVICES DISTRICT NO.1,0.082500,0.062500,0.005000,0.000000,0.015000,0
TX,78012,POTEET,0.082500,0.062500,0.005000,0.015000,0.000000,0
TX,78013,KENDALL,0.067500,0.062500,0.005000,0.000000,0.000000,0
TX,78014,COTULLA,0.082500,0.062500,0.000000,0.020000,0.000000,0
TX,78015,FAIR OAKS RANCH/BULVERDE AREA RURAL LIBRARY DISTRICT,0.082500,0.062500,0.005000,0.000000,0.015000,0
TX,78016,FRIO COUNTY EMERGENCY SERVICES DISTRICT NO. 1,0.082500,0.062500,0.005000,0.000000,0.015000,0
TX,78017,DILLEY ETJ,0.082500,0.062500,0.005000,0.000000,0.015000,0
TX,78019,ENCINAL,0.082500,0.062500,0.000000,0.020000,0.000000,0
TX,78021,LA SALLE,0.062500,0.062500,0.000000,0.000000,0.000000,0
TX,78022,GEORGE WEST,0.082500,0.062500,0.005000,0.015000,0.000000,0
TX,78023,SAN ANTONIO MTA TRANSIT,0.082500,0.062500,0.000000,0.000000,0.020000,0
TX,78024,KERR,0.067500,0.062500,0.005000,0.000000,0.000000,0
TX,78025,INGRAM,0.082500,0.062500,0.005000,0.015000,0.000000,0
TX,78026,CHARLOTTE,0.082500,0.062500,0.005000,0.015000,0.000000,0
TX,78027,BLANCO COUNTY SOUTH LIBRARY DIST,0.082500,0.062500,0.005000,0.000000,0.015000,0
TX,78028,INGRAM,0.082500,0.062500,0.005000,0.015000,0.000000,0
TX,78029,KERRVILLE,0.082500,0.062500,0.005000,0.015000,0.000000,0
TX,78039,BEXAR CO ESD 5 SP,0.082500,0.062500,0.000000,0.000000,0.020000,0
TX,78040,LAREDO CITY CTD TRANSIT,0.082500,0.062500,0.005000,0.012500,0.002500,0
TX,78041,LAREDO CITY CTD TRANSIT,0.082500,0.062500,0.005000,0.012500,0.002500,0
TX,78042,LAREDO CITY CTD TRANSIT,0.082500,0.062500,0.005000,0.012500,0.002500,0
TX,78043,LAREDO CITY CTD TRANSIT,0.082500,0.062500,0.005000,0.012500,0.002500,0
TX,78044,LAREDO CITY CTD TRANSIT,0.082500,0.062500,0.005000,0.012500,0.002500,0
TX,78045,LAREDO CITY CTD TRANSIT,0.082500,0.062500,0.005000,0.012500,0.002500,0
TX,78046,EL CENIZO,0.082500,0.062500,0.005000,0.015000,0.000000,0
TX,78050,ATASCOSA,0.067500,0.062500,0.005000,0.000000,0.000000,0
TX,78052,ATASCOSA COUNTY EMERGENCY SERVICES DISTRICT NO.1,0.082500,0.062500,0.005000,0.000000,0.015000,0
TX,78054,BEXAR CO ESD 5 SP,0.082500,0.062500,0.000000,0.000000,0.020000,0
TX,78055,BANDERA,0.067500,0.062500,0.005000,0.000000,0.000000,0
TX,78056,MEDINA CO ESD 1 SP,0.082500,0.062500,0.005000,0.000000,0.015000,0
TX,78057,FRIO COUNTY EMERGENCY SERVICES DISTRICT NO. 1,0.082500,0.062500,0.005000,0.000000,0.015000,0
TX,78058,KIMBLE,0.067500,0.062500,0.000000,0.000000,0.005000,0
TX,78059,ATASCOSA COUNTY EMERGENCY SERVICES DISTRICT NO.1,0.082500,0.062500,0.005000,0.000000,0.015000,0
TX,78060,THREE RIVERS,0.082500,0.062500,0.005000,0.015000,0.000000,0
TX,78061,FRIO COUNTY EMERGENCY SERVICES DISTRICT NO. 1,0.082500,0.062500,0.005000,0.000000,0.015000,0
TX,78062,ATASCOSA,0.067500,0.062500,0.005000,0.000000,0.000000,0
TX,78063,MEDINA CO ESD 1 SP,0.082500,0.062500,0.005000,0.000000,0.015000,0
TX,78064,PLEASANTON,0.082500,0.062500,0.005000,0.015000,0.000000,0
TX,78065,ATASCOSA COUNTY EMERGENCY SERVICES DISTRICT NO.1,0.082500,0.062500,0.005000,0.000000,0.015000,0
TX,78066,MEDINA CO ESD 1 SP,0.082500,0.062500,0.005000,0.000000,0.015000,0
TX,78067,ZAPATA COUNTY ASSISTANCE DISTRICT,0.082500,0.062500,0.000000,0.000000,0.020000,0
TX,78069,ATASCOSA COUNTY EMERGENCY SERVICES DISTRICT NO.1,0.082500,0.062500,0.005000,0.000000,0.015000,0
TX,78070,COMAL COUNTY EMERGENCY SVCS NO. 3,0.082500,0.062500,0.005000,0.000000,0.015000,0
TX,78071,THREE RIVERS,0.082500,0.062500,0.005000,0.015000,0.000000,0
TX,78072,MCMULLEN,0.062500,0.062500,0.000000,0.000000,0.000000,0
TX,78073,ATASCOSA COUNTY EMERGENCY SERVICES DISTRICT NO.1,0.082500,0.062500,0.005000,0.000000,0.015000,0
TX,78074,KENDALL,0.067500,0.062500,0.005000,0.000000,0.000000,0
TX,78075,LIVE OAK,0.067500,0.062500,0.005000,0.000000,0.000000,0
TX,78076,ZAPATA COUNTY ASSISTANCE DISTRICT,0.082500,0.062500,0.000000,0.000000,0.020000,0
TX,78101,TEXAS,0.082500,0.062500,0.000000,0.000000,0.020000,0
TX,78102,BEEVILLE,0.082500,0.062500,0.005000,0.015000,0.000000,0
TX,78104,BEEVILLE,0.082500,0.062500,0.005000,0.015000,0.000000,0
TX,78107,GOLIAD,0.062500,0.062500,0.000000,0.000000,0.000000,0
TX,78108,SCHERTZ,0.082500,0.062500,0.005000,0.015000,0.000000,0
TX,78109,BEXAR COUNTY EMERGENCY SERVICES DISTRICT NO. 1,0.082500,0.062500,0.000000,0.000000,0.020000,0
TX,78111,KARNES,0.067500,0.062500,0.005000,0.000000,0.000000,0
TX,78112,WILSON COUNTY EMERGENCY SERVICES DISTRICT NO 2 SP,0.082500,0.062500,0.000000,0.000000,0.020000,0
TX,78113,TEXAS,0.082500,0.062500,0.000000,0.000000,0.020000,0
TX,78114,TEXAS,0.082500,0.062500,0.000000,0.000000,0.020000,0
TX,78115,GUADALUPE,0.067500,0.062500,0.005000,0.000000,0.000000,0
TX,78116,TEXAS,0.082500,0.062500,0.000000,0.000000,0.020000,0
TX,78117,KARNES,0.067500,0.062500,0.005000,0.000000,0.000000,0
TX,78118,KARNES CITY,0.082500,0.062500,0.005000,0.015000,0.000000,0
TX,78119,KENEDY,0.082500,0.062500,0.005000,0.015000,0.000000,0
TX,78121,TEXAS,0.082500,0.062500,0.000000,0.000000,0.020000,0
TX,78122,GONZALES,0.082500,0.062500,0.005000,0.000000,0.015000,0
TX,78123,GUADALUPE,0.067500,0.062500,0.005000,0.000000,0.000000,0
TX,78124,BEXAR CO ESD 12 SP,0.082500,0.062500,0.000000,0.000000,0.020000,0
TX,78125,BEE,0.067500,0.062500,0.005000,0.000000,0.000000,0
TX,78130,COMAL COUNTY EMERGENCY SVCS NO. 3,0.082500,0.062500,0.005000,0.000000,0.015000,0
TX,78131,NEW BRAUNFELS,0.082500,0.062500,0.005000,0.015000,0.000000,0
TX,78132,COMAL COUNTY EMERGENCY SVCS NO. 3,0.082500,0.062500,0.005000,0.000000,0.015000,0
TX,78133,COMAL COUNTY EMERGENCY SVCS NO. 3,0.082500,0.062500,0.005000,0.000000,0.015000,0
TX,78135,NEW BRAUNFELS,0.082500,0.062500,0.005000,0.015000,0.000000,0
TX,78140,NIXON/GONZALES COUNTY ESD 1 COMBINED AREA,0.082500,0.062500,0.005000,0.000000,0.015000,0
TX,78141,NORDHEIM,0.072500,0.062500,0.000000,0.010000,0.000000,0
TX,78142,BEE,0.067500,0.062500,0.005000,0.000000,0.000000,0
TX,78143,TEXAS,0.082500,0.062500,0.000000,0.000000,0.020000,0
TX,78144,KARNES,0.067500,0.062500,0.005000,0.000000,0.000000,0
TX,78145,BEE,0.067500,0.062500,0.005000,0.000000,0.000000,0
TX,78146,BEE,0.067500,0.062500,0.005000,0.000000,0.000000,0
TX,78147,POTH,0.082500,0.062500,0.000000,0.020000,0.000000,0
TX,78148,LIVE OAK,0.082500,0.062500,0.000000,0.020000,0.000000,0
TX,78150,SAN ANTONIO MTA TRANSIT,0.067500,0.062500,0.000000,0.000000,0.005000,0
TX,78151,RUNGE,0.082500,0.062500,0.005000,0.015000,0.000000,0
TX,78152,TEXAS,0.082500,0.062500,0.000000,0.000000,0.020000,0
TX,78154,GUADALUPE,0.082500,0.062500,0.000000,0.000000,0.020000,0
TX,78155,CIBOLO,0.082500,0.062500,0.005000,0.015000,0.000000,0
TX,78156,SEGUIN,0.082500,0.062500,0.005000,0.015000,0.000000,0
TX,78159,SMILEY,0.082500,0.062500,0.005000,0.010000,0.005000,0
TX,78160,TEXAS,0.082500,0.062500,0.000000,0.000000,0.020000,0
TX,78161,TEXAS,0.082500,0.062500,0.000000,0.000000,0.020000,0
TX,78162,BEE,0.067500,0.062500,0.005000,0.000000,0.000000,0
TX,78163,FAIR OAKS RANCH/BULVERDE AREA RURAL LIBRARY DISTRICT,0.082500,0.062500,0.005000,0.000000,0.015000,0
TX,78164,GONZALES,0.082500,0.062500,0.005000,0.000000,0.015000,0
TX,78201,BALCONES HEIGHTS,0.082500,0.062500,0.000000,0.010000,0.010000,0
TX,78202,SAN ANTONIO,0.082500,0.062500,0.000000,0.011250,0.008750,0
TX,78203,SAN ANTONIO,0.082500,0.062500,0.000000,0.011250,0.008750,0
TX,78204,SAN ANTONIO,0.082500,0.062500,0.000000,0.011250,0.008750,0
TX,78205,SAN ANTONIO,0.082500,0.062500,0.000000,0.011250,0.008750,0
TX,78206,SAN ANTONIO,0.082500,0.062500,0.000000,0.011250,0.008750,0
TX,78207,SAN ANTONIO,0.082500,0.062500,0.000000,0.011250,0.008750,0
TX,78208,SAN ANTONIO,0.082500,0.062500,0.000000,0.011250,0.008750,0
TX,78209,ALAMO HEIGHTS,0.082500,0.062500,0.000000,0.015000,0.005000,0
TX,78210,SAN ANTONIO,0.082500,0.062500,0.000000,0.011250,0.008750,0
TX,78211,SAN ANTONIO,0.082500,0.062500,0.000000,0.011250,0.008750,0
TX,78212,OLMOS PARK,0.082500,0.062500,0.000000,0.015000,0.005000,0
TX,78213,BALCONES HEIGHTS,0.082500,0.062500,0.000000,0.010000,0.010000,0
TX,78214,SAN ANTONIO,0.082500,0.062500,0.000000,0.011250,0.008750,0
TX,78215,SAN ANTONIO,0.082500,0.062500,0.000000,0.011250,0.008750,0
TX,78216,SAN ANTONIO,0.082500,0.062500,0.000000,0.011250,0.008750,0
TX,78217,SAN ANTONIO,0.082500,0.062500,0.000000,0.011250,0.008750,0
TX,78218,LIVE OAK,0.082500,0.062500,0.000000,0.020000,0.000000,0
TX,78219,KIRBY CRIME CONTROL AND PREVENTION DISTRICT,0.082500,0.062500,0.000000,0.012500,0.007500,0
TX,78220,CHINA GROVE,0.082500,0.062500,0.000000,0.012500,0.007500,0
TX,78221,SAN ANTONIO,0.082500,0.062500,0.000000,0.011250,0.008750,0
TX,78222,CHINA GROVE,0.082500,0.062500,0.000000,0.012500,0.007500,0
TX,78223,WILSON COUNTY EMERGENCY SERVICES DISTRICT NO 2 SP,0.082500,0.062500,0.000000,0.000000,0.020000,0
TX,78224,SAN ANTONIO,0.082500,0.062500,0.000000,0.011250,0.008750,0
TX,78225,SAN ANTONIO,0.082500,0.062500,0.000000,0.011250,0.008750,0
TX,78226,SAN ANTONIO,0.082500,0.062500,0.000000,0.011250,0.008750,0
TX,78227,SAN ANTONIO,0.082500,0.062500,0.000000,0.011250,0.008750,0
TX,78228,LEON VALLEY CRIME CONTROL AND PREVENTION DISTRICT SP,0.082500,0.062500,0.000000,0.013750,0.006250,0
TX,78229,SAN ANTONIO,0.082500,0.062500,0.000000,0.011250,0.008750,0
TX,78230,CASTLE HILLS CRIME CONTROL,0.082500,0.062500,0.000000,0.012500,0.007500,0
TX,78231,SAN ANTONIO,0.082500,0.062500,0.000000,0.011250,0.008750,0
TX,78232,HILL COUNTRY VILLAGE,0.082500,0.062500,0.000000,0.020000,0.000000,0
TX,78233,LIVE OAK,0.082500,0.062500,0.000000,0.020000,0.000000,0
TX,78234,SAN ANTONIO,0.082500,0.062500,0.000000,0.011250,0.008750,0
TX,78235,SAN ANTONIO,0.082500,0.062500,0.000000,0.011250,0.008750,0
TX,78236,ALAMO HEIGHTS,0.082500,0.062500,0.000000,0.015000,0.005000,0
TX,78237,SAN ANTONIO,0.082500,0.062500,0.000000,0.011250,0.008750,0
TX,78238,LEON VALLEY CRIME CONTROL AND PREVENTION DISTRICT SP,0.082500,0.062500,0.000000,0.013750,0.006250,0
TX,78239,BEXAR COUNTY EMERGENCY SERVICES DISTRICT NO. 1,0.082500,0.062500,0.000000,0.000000,0.020000,0
TX,78240,LEON VALLEY CRIME CONTROL AND PREVENTION DISTRICT SP,0.082500,0.062500,0.000000,0.013750,0.006250,0
TX,78241,SAN ANTONIO,0.082500,0.062500,0.000000,0.011250,0.008750,0
TX,78242,SAN ANTONIO,0.082500,0.062500,0.000000,0.011250,0.008750,0
TX,78243,SAN ANTONIO MTA TRANSIT,0.067500,0.062500,0.000000,0.000000,0.005000,0
TX,78244,BEXAR COUNTY EMERGENCY SERVICES DISTRICT NO. 1,0.082500,0.062500,0.000000,0.000000,0.020000,0
TX,78245,SAN ANTONIO MTA TRANSIT,0.082500,0.062500,0.000000,0.000000,0.020000,0
TX,78246,SAN ANTONIO,0.082500,0.062500,0.000000,0.011250,0.008750,0
TX,78247,SAN ANTONIO,0.082500,0.062500,0.000000,0.011250,0.008750,0
TX,78248,SAN ANTONIO,0.082500,0.062500,0.000000,0.011250,0.008750,0
TX,78249,SAN ANTONIO,0.082500,0.062500,0.000000,0.011250,0.008750,0
TX,78250,SAN ANTONIO,0.082500,0.062500,0.000000,0.011250,0.008750,0
TX,78251,SAN ANTONIO,0.082500,0.062500,0.000000,0.011250,0.008750,0
TX,78252,HELOTES,0.082500,0.062500,0.000000,0.020000,0.000000,0
TX,78253,SAN ANTONIO MTA TRANSIT,0.082500,0.062500,0.000000,0.000000,0.020000,0
TX,78254,BEXAR CO ESD 7 SP,0.082500,0.062500,0.000000,0.000000,0.020000,0
TX,78255,SAN ANTONIO MTA TRANSIT,0.082500,0.062500,0.000000,0.000000,0.020000,0
TX,78256,SAN ANTONIO MTA TRANSIT,0.082500,0.062500,0.000000,0.000000,0.020000,0
TX,78257,SAN ANTONIO MTA TRANSIT,0.082500,0.062500,0.000000,0.000000,0.020000,0
TX,78258,SAN ANTONIO,0.082500,0.062500,0.000000,0.011250,0.008750,0
TX,78259,SAN ANTONIO,0.082500,0.062500,0.000000,0.011250,0.008750,0
TX,78260,SAN ANTONIO,0.082500,0.062500,0.000000,0.011250,0.008750,0
TX,78261,BEXAR CO ESD 3 SP,0.082500,0.062500,0.000000,0.000000,0.020000,0
TX,78263,CHINA GROVE,0.082500,0.062500,0.000000,0.012500,0.007500,0
TX,78264,SAN ANTONIO,0.082500,0.062500,0.000000,0.011250,0.008750,0
TX,78265,SAN ANTONIO,0.082500,0.062500,0.000000,0.011250,0.008750,0
TX,78266,COMAL CO EMR DIST 5 SP,0.082500,0.062500,0.005000,0.000000,0.015000,0
TX,78268,LEON VALLEY CRIME CONTROL AND PREVENTION DISTRICT SP,0.082500,0.062500,0.000000,0.013750,0.006250,0
TX,78269,SAN ANTONIO,0.082500,0.062500,0.000000,0.011250,0.008750,0
TX,78270,SAN ANTONIO,0.082500,0.062500,0.000000,0.011250,0.008750,0
TX,78278,SAN ANTONIO,0.082500,0.062500,0.000000,0.011250,0.008750,0
TX,78279,SAN ANTONIO,0.082500,0.062500,0.000000,0.011250,0.008750,0
TX,78280,SAN ANTONIO,0.082500,0.062500,0.000000,0.011250,0.008750,0
TX,78283,SAN ANTONIO,0.082500,0.062500,0.000000,0.011250,0.008750,0
TX,78284,SAN ANTONIO,0.082500,0.062500,0.000000,0.011250,0.008750,0
TX,78285,SAN ANTONIO,0.082500,0.062500,0.000000,0.011250,0.008750,0
TX,78288,SAN ANTONIO,0.082500,0.062500,0.000000,0.011250,0.008750,0
TX,78289,SAN ANTONIO,0.082500,0.062500,0.000000,0.011250,0.008750,0
TX,78291,SAN ANTONIO,0.082500,0.062500,0.000000,0.011250,0.008750,0
TX,78292,SAN ANTONIO,0.082500,0.062500,0.000000,0.011250,0.008750,0
TX,78293,SAN ANTONIO,0.082500,0.062500,0.000000,0.011250,0.008750,0
TX,78294,SAN ANTONIO,0.082500,0.062500,0.000000,0.011250,0.008750,0
TX,78295,SAN ANTONIO,0.082500,0.062500,0.000000,0.011250,0.008750,0
TX,78296,SAN ANTONIO,0.082500,0.062500,0.000000,0.011250,0.008750,0
TX,78297,SAN ANTONIO,0.082500,0.062500,0.000000,0.011250,0.008750,0
TX,78298,SAN ANTONIO,0.082500,0.062500,0.000000,0.011250,0.008750,0
TX,78299,SAN ANTONIO,0.082500,0.062500,0.000000,0.011250,0.008750,0
TX,78330,NUECES-JIM WELLS EMERGENCY SERVICES DISTRICT NO. 5,0.082500,0.062500,0.000000,0.000000,0.020000,0
TX,78332,NUECES-JIM WELLS EMERGENCY SERVICES DISTRICT NO. 5,0.082500,0.062500,0.005000,0.000000,0.015000,0
TX,78333,ALICE,0.082500,0.062500,0.005000,0.015000,0.000000,0
TX,78335,ARANSAS PASS MUNICIPAL DEVELOPMENT,0.082500,0.062500,0.000000,0.010000,0.010000,0
TX,78336,CORPUS CHRISTI,0.082500,0.062500,0.000000,0.013750,0.006250,0
TX,78338,KENEDY,0.062500,0.062500,0.000000,0.000000,0.000000,0
TX,78339,NUECES,0.082500,0.062500,0.000000,0.000000,0.020000,0
TX,78340,BAYSIDE,0.082500,0.062500,0.000000,0.020000,0.000000,0
TX,78341,BENAVIDES,0.082500,0.062500,0.000000,0.020000,0.000000,0
TX,78342,JIM WELLS,0.067500,0.062500,0.005000,0.000000,0.000000,0
TX,78343,NUECES-JIM WELLS EMERGENCY SERVICES DISTRICT NO. 5,0.082500,0.062500,0.000000,0.000000,0.020000,0
TX,78344,WEBB,0.067500,0.062500,0.005000,0.000000,0.000000,0
TX,78347,CORPUS CHRISTI,0.082500,0.062500,0.000000,0.013750,0.006250,0
TX,78349,DUVAL,0.062500,0.062500,0.000000,0.000000,0.000000,0
TX,78350,LIVE OAK,0.067500,0.062500,0.005000,0.000000,0.000000,0
TX,78351,DRISCOLL,0.082500,0.062500,0.000000,0.015000,0.005000,0
TX,78352,SAN PATRICIO,0.062500,0.062500,0.000000,0.000000,0.000000,0
TX,78353,BROOKS COUNTY HEALTH SERVICES,0.067500,0.062500,0.000000,0.000000,0.005000,0
TX,78355,FALFURRIAS,0.082500,0.062500,0.000000,0.015000,0.005000,0
TX,78357,FREER,0.082500,0.062500,0.000000,0.017500,0.002500,0
TX,78358,FULTON,0.082500,0.062500,0.005000,0.010000,0.005000,0
TX,78359,CORPUS CHRISTI,0.082500,0.062500,0.000000,0.013750,0.006250,0
TX,78360,ZAPATA COUNTY ASSISTANCE DISTRICT,0.082500,0.062500,0.000000,0.000000,0.020000,0
TX,78361,ZAPATA COUNTY ASSISTANCE DISTRICT,0.082500,0.062500,0.000000,0.000000,0.020000,0
TX,78362,CORPUS CHRISTI,0.082500,0.062500,0.000000,0.013750,0.006250,0
TX,78363,KINGSVILLE,0.082500,0.062500,0.005000,0.015000,0.000000,0
TX,78364,KINGSVILLE,0.082500,0.062500,0.005000,0.015000,0.000000,0
TX,78368,NUECES,0.082500,0.062500,0.000000,0.000000,0.020000,0
TX,78369,WEBB,0.067500,0.062500,0.005000,0.000000,0.000000,0
TX,78370,ODEM,0.082500,0.062500,0.000000,0.020000,0.000000,0
TX,78371,WEBB,0.067500,0.062500,0.005000,0.000000,0.000000,0
TX,78372,ORANGE GROVE,0.082500,0.062500,0.005000,0.015000,0.000000,0
TX,78373,CORPUS CHRISTI,0.082500,0.062500,0.000000,0.013750,0.006250,0
TX,78374,CORPUS CHRISTI,0.082500,0.062500,0.000000,0.013750,0.006250,0
TX,78375,PREMONT,0.082500,0.062500,0.005000,0.015000,0.000000,0
TX,78376,DUVAL,0.062500,0.062500,0.000000,0.000000,0.000000,0
TX,78377,REFUGIO,0.082500,0.062500,0.000000,0.020000,0.000000,0
TX,78379,KLEBERG,0.067500,0.062500,0.005000,0.000000,0.000000,0
TX,78380,NUECES-JIM WELLS EMERGENCY SERVICES DISTRICT NO. 5,0.082500,0.062500,0.000000,0.000000,0.020000,0
TX,78381,ROCKPORT,0.082500,0.062500,0.005000,0.010000,0.005000,0
TX,78382,FULTON,0.082500,0.062500,0.005000,0.010000,0.005000,0
TX,78383,NUECES,0.082500,0.062500,0.000000,0.000000,0.020000,0
TX,78384,FREER,0.082500,0.062500,0.000000,0.017500,0.002500,0
TX,78385,KENEDY,0.062500,0.062500,0.000000,0.000000,0.000000,0
TX,78387,SINTON,0.082500,0.062500,0.000000,0.020000,0.000000,0
TX,78389,BEE,0.067500,0.062500,0.005000,0.000000,0.000000,0
TX,78390,PORTLAND,0.082500,0.062500,0.000000,0.020000,0.000000,0
TX,78391,BEE,0.067500,0.062500,0.005000,0.000000,0.000000,0
TX,78393,BAYSIDE,0.082500,0.062500,0.000000,0.020000,0.000000,0
TX,78401,CORPUS CHRISTI,0.082500,0.062500,0.000000,0.013750,0.006250,0
TX,78402,CORPUS CHRISTI,0.082500,0.062500,0.000000,0.013750,0.006250,0
TX,78403,CORPUS CHRISTI,0.082500,0.062500,0.000000,0.013750,0.006250,0
TX,78404,CORPUS CHRISTI,0.082500,0.062500,0.000000,0.013750,0.006250,0
TX,78405,CORPUS CHRISTI,0.082500,0.062500,0.000000,0.013750,0.006250,0
TX,78406,CORPUS CHRISTI,0.082500,0.062500,0.000000,0.013750,0.006250,0
TX,78407,CORPUS CHRISTI,0.082500,0.062500,0.000000,0.013750,0.006250,0
TX,78408,CORPUS CHRISTI,0.082500,0.062500,0.000000,0.013750,0.006250,0
TX,78409,CORPUS CHRISTI,0.082500,0.062500,0.000000,0.013750,0.006250,0
TX,78410,CORPUS CHRISTI,0.082500,0.062500,0.000000,0.013750,0.006250,0
TX,78411,CORPUS CHRISTI,0.082500,0.062500,0.000000,0.013750,0.006250,0
TX,78412,CORPUS CHRISTI,0.082500,0.062500,0.000000,0.013750,0.006250,0
TX,78413,CORPUS CHRISTI,0.082500,0.062500,0.000000,0.013750,0.006250,0
TX,78414,CORPUS CHRISTI,0.082500,0.062500,0.000000,0.013750,0.006250,0
TX,78415,CORPUS CHRISTI,0.082500,0.062500,0.000000,0.013750,0.006250,0
TX,78416,CORPUS CHRISTI,0.082500,0.062500,0.000000,0.013750,0.006250,0
TX,78417,CORPUS CHRISTI,0.082500,0.062500,0.000000,0.013750,0.006250,0
TX,78418,CORPUS CHRISTI,0.082500,0.062500,0.000000,0.013750,0.006250,0
TX,78419,CORPUS CHRISTI,0.082500,0.062500,0.000000,0.013750,0.006250,0
TX,78426,CORPUS CHRISTI,0.082500,0.062500,0.000000,0.013750,0.006250,0
TX,78427,CORPUS CHRISTI,0.082500,0.062500,0.000000,0.013750,0.006250,0
TX,78460,CORPUS CHRISTI,0.082500,0.062500,0.000000,0.013750,0.006250,0
TX,78463,CORPUS CHRISTI,0.082500,0.062500,0.000000,0.013750,0.006250,0
TX,78465,CORPUS CHRISTI,0.082500,0.062500,0.000000,0.013750,0.006250,0
TX,78466,CORPUS CHRISTI,0.082500,0.062500,0.000000,0.013750,0.006250,0
TX,78467,CORPUS CHRISTI,0.082500,0.062500,0.000000,0.013750,0.006250,0
TX,78468,CORPUS CHRISTI,0.082500,0.062500,0.000000,0.013750,0.006250,0
TX,78469,CORPUS CHRISTI,0.082500,0.062500,0.000000,0.013750,0.006250,0
TX,78480,CORPUS CHRISTI,0.082500,0.062500,0.000000,0.013750,0.006250,0
TX,78501,MCALLEN,0.082500,0.062500,0.000000,0.020000,0.000000,0
TX,78502,MCALLEN,0.082500,0.062500,0.000000,0.020000,0.000000,0
TX,78503,MCALLEN,0.082500,0.062500,0.000000,0.020000,0.000000,0
TX,78504,EDINBURG,0.082500,0.062500,0.000000,0.020000,0.000000,0
TX,78505,MCALLEN,0.082500,0.062500,0.000000,0.020000,0.000000,0
TX,78516,ALAMO,0.082500,0.062500,0.000000,0.020000,0.000000,0
TX,78520,BROWNSVILLE,0.082500,0.062500,0.000000,0.020000,0.000000,0
TX,78521,BROWNSVILLE,0.082500,0.062500,0.000000,0.020000,0.000000,0
TX,78522,BROWNSVILLE,0.082500,0.062500,0.000000,0.020000,0.000000,0
TX,78523,BROWNSVILLE,0.082500,0.062500,0.000000,0.020000,0.000000,0
TX,78526,BROWNSVILLE,0.082500,0.062500,0.000000,0.020000,0.000000,0
TX,78535,COMBES,0.082500,0.062500,0.000000,0.017500,0.002500,0
TX,78536,STARR,0.062500,0.062500,0.000000,0.000000,0.000000,0
TX,78537,ALAMO,0.082500,0.062500,0.000000,0.020000,0.000000,0
TX,78538,ELSA,0.082500,0.062500,0.000000,0.015000,0.005000,0
TX,78539,EDINBURG,0.082500,0.062500,0.000000,0.020000,0.000000,0
TX,78540,EDINBURG,0.082500,0.062500,0.000000,0.020000,0.000000,0
TX,78541,EDINBURG,0.082500,0.062500,0.000000,0.020000,0.000000,0
TX,78542,EDINBURG,0.082500,0.062500,0.000000,0.020000,0.000000,0
TX,78543,ELSA,0.082500,0.062500,0.000000,0.015000,0.005000,0
TX,78545,STARR,0.062500,0.062500,0.000000,0.000000,0.000000,0
TX,78547,STARR,0.062500,0.062500,0.000000,0.000000,0.000000,0
TX,78548,LA GRULLA,0.082500,0.062500,0.000000,0.020000,0.000000,0
TX,78549,HIDALGO,0.062500,0.062500,0.000000,0.000000,0.000000,0
TX,78550,HARLINGEN,0.082500,0.062500,0.000000,0.020000,0.000000,0
TX,78551,HARLINGEN,0.082500,0.062500,0.000000,0.020000,0.000000,0
TX,78552,COMBES,0.082500,0.062500,0.000000,0.017500,0.002500,0
TX,78553,HARLINGEN,0.082500,0.062500,0.000000,0.020000,0.000000,0
TX,78557,EDINBURG,0.082500,0.062500,0.000000,0.020000,0.000000,0
TX,78558,HIDALGO,0.062500,0.062500,0.000000,0.000000,0.000000,0
TX,78559,LA FERIA,0.082500,0.062500,0.000000,0.020000,0.000000,0
TX,78560,LA JOYA,0.082500,0.062500,0.000000,0.020000,0.000000,0
TX,78561,WILLACY,0.062500,0.062500,0.000000,0.000000,0.000000,0
TX,78562,LA VILLA,0.082500,0.062500,0.000000,0.020000,0.000000,0
TX,78563,HIDALGO,0.062500,0.062500,0.000000,0.000000,0.000000,0
TX,78564,ZAPATA COUNTY ASSISTANCE DISTRICT,0.082500,0.062500,0.000000,0.000000,0.020000,0
TX,78565,HIDALGO,0.062500,0.062500,0.000000,0.000000,0.000000,0
TX,78566,BROWNSVILLE,0.082500,0.062500,0.000000,0.020000,0.000000,0
TX,78567,LOS INDIOS,0.080000,0.062500,0.000000,0.017500,0.000000,0
TX,78568,CAMERON,0.062500,0.062500,0.000000,0.000000,0.000000,0
TX,78569,LYFORD,0.082500,0.062500,0.000000,0.020000,0.000000,0
TX,78570,LA FERIA,0.082500,0.062500,0.000000,0.020000,0.000000,0
TX,78572,PALMVIEW MDD SL,0.082500,0.062500,0.000000,0.015000,0.005000,0
TX,78573,ALTON,0.082500,0.062500,0.000000,0.020000,0.000000,0
TX,78574,PALMVIEW MDD SL,0.082500,0.062500,0.000000,0.015000,0.005000,0
TX,78575,BROWNSVILLE,0.082500,0.062500,0.000000,0.020000,0.000000,0
TX,78576,LA JOYA,0.082500,0.062500,0.000000,0.020000,0.000000,0
TX,78577,HIDALGO,0.082500,0.062500,0.000000,0.020000,0.000000,0
TX,78578,BROWNSVILLE,0.082500,0.062500,0.000000,0.020000,0.000000,0
TX,78579,PROGRESO,0.082500,0.062500,0.000000,0.020000,0.000000,0
TX,78580,RAYMONDVILLE,0.082500,0.062500,0.000000,0.020000,0.000000,0
TX,78582,ESCOBARES,0.082500,0.062500,0.000000,0.020000,0.000000,0
TX,78583,RIO HONDO MUNICIPAL DEVELOPMENT DISTRICT SP,0.080000,0.062500,0.000000,0.015000,0.002500,0
TX,78584,ESCOBARES,0.082500,0.062500,0.000000,0.020000,0.000000,0
TX,78585,STARR,0.062500,0.062500,0.000000,0.000000,0.000000,0
TX,78586,BROWNSVILLE,0.082500,0.062500,0.000000,0.020000,0.000000,0
TX,78588,STARR,0.062500,0.062500,0.000000,0.000000,0.000000,0
TX,78589,ALAMO,0.082500,0.062500,0.000000,0.020000,0.000000,0
TX,78590,SAN PERLITA,0.062500,0.062500,0.000000,0.000000,0.000000,0
TX,78591,STARR,0.062500,0.062500,0.000000,0.000000,0.000000,0
TX,78592,CAMERON,0.062500,0.062500,0.000000,0.000000,0.000000,0
TX,78593,LA FERIA,0.082500,0.062500,0.000000,0.020000,0.000000,0
TX,78594,WILLACY,0.062500,0.062500,0.000000,0.000000,0.000000,0
TX,78595,SULLIVAN CITY CRIME CONTROL,0.082500,0.062500,0.000000,0.010000,0.010000,0
TX,78596,SULLIVAN CITY CRIME CONTROL,0.082500,0.062500,0.000000,0.010000,0.010000,0
TX,78597,SOUTH PADRE ISLAND,0.082500,0.062500,0.000000,0.020000,0.000000,0
TX,78598,WILLACY,0.062500,0.062500,0.000000,0.000000,0.000000,0
TX,78599,ELSA,0.082500,0.062500,0.000000,0.015000,0.005000,0
TX,78602,BASTROP-TRAVIS EMERGENCY SERVICES DISTRICT NO. 1-A,0.082500,0.062500,0.005000,0.000000,0.015000,0
TX,78604,GONZALES,0.082500,0.062500,0.005000,0.000000,0.015000,0
TX,78605,BURNET COUNTY EMERGENCY SERVICES DISTRICT NO. 7,0.082500,0.062500,0.000000,0.000000,0.020000,0
TX,78606,COMAL COUNTY EMERGENCY SVCS NO. 3,0.082500,0.062500,0.005000,0.000000,0.015000,0
TX,78607,LLANO,0.062500,0.062500,0.000000,0.000000,0.000000,0
TX,78608,BURNET CO ESD NO 8 SP,0.082500,0.062500,0.000000,0.000000,0.020000,0
TX,78609,LLANO,0.062500,0.062500,0.000000,0.000000,0.000000,0
TX,78610,TRAVIS,0.082500,0.062500,0.000000,0.000000,0.020000,0
TX,78611,BURNET COUNTY EMERGENCY SERVICES DISTRICT NO. 7,0.082500,0.062500,0.000000,0.000000,0.020000,0
TX,78612,E TRAVIS CO GATEWY LIB SP,0.082500,0.062500,0.000000,0.000000,0.020000,0
TX,78613,WILLIAMSON COUNTY EMERGENCY SERVICES DISTRICT NO. 2,0.082500,0.062500,0.000000,0.000000,0.020000,0
TX,78614,GONZALES,0.082500,0.062500,0.005000,0.000000,0.015000,0
TX,78615,WILLIAMSON,0.082500,0.062500,0.000000,0.000000,0.020000,0
TX,78616,CALDWELL,0.082500,0.062500,0.005000,0.000000,0.015000,0
TX,78617,AUSTIN,0.082500,0.062500,0.000000,0.010000,0.010000,0
TX,78618,MASON COUNTY HEALTH SERVICES,0.072500,0.062500,0.000000,0.000000,0.010000,0
TX,78619,DRIPPING SPRINGS LIBRARY DISTRICT,0.082500,0.062500,0.005000,0.000000,0.015000,0
TX,78620,DRIPPING SPRINGS LIBRARY DISTRICT,0.082500,0.062500,0.005000,0.000000,0.015000,0
TX,78621,ELGIN/BASTROP-TRAVIS COUNTY EMERGENCY SERVICES DISTRICT NO. 1-A COMBINED AREA,0.082500,0.062500,0.005000,0.000000,0.015000,0
TX,78622,CALDWELL,0.067500,0.062500,0.005000,0.000000,0.000000,0
TX,78623,COMAL COUNTY EMERGENCY SVCS NO. 3,0.082500,0.062500,0.005000,0.000000,0.015000,0
TX,78624,FREDERICKSBURG,0.082500,0.062500,0.005000,0.015000,0.000000,0
TX,78626,WILLIAMSON COUNTY EMERGENCY SERVICES DISTRICT NO. 9,0.082500,0.062500,0.000000,0.000000,0.020000,0
TX,78627,GEORGETOWN,0.082500,0.062500,0.000000,0.020000,0.000000,0
TX,78628,WILLIAMSON COUNTY EMERGENCY SERVICES DISTRICT NO. 9,0.082500,0.062500,0.000000,0.000000,0.020000,0
TX,78629,GONZALES,0.082500,0.062500,0.005000,0.000000,0.015000,0
TX,78630,CEDAR PARK,0.082500,0.062500,0.000000,0.020000,0.000000,0
TX,78631,KIMBLE,0.067500,0.062500,0.000000,0.000000,0.005000,0
TX,78632,GONZALES,0.082500,0.062500,0.005000,0.000000,0.015000,0
TX,78633,WILLIAMSON COUNTY EMERGENCY SERVICES DISTRICT NO. 8,0.082500,0.062500,0.000000,0.000000,0.020000,0
TX,78634,WILLIAMSON COUNTY EMERGENCY SERVICES DISTRICT NO. 9,0.082500,0.062500,0.000000,0.000000,0.020000,0
TX,78635,BLANCO CO ESD 2 SP,0.082500,0.062500,0.005000,0.000000,0.015000,0
TX,78636,BLANCO COUNTY NORTH LIBRARY DIST,0.082500,0.062500,0.005000,0.000000,0.015000,0
TX,78638,GONZALES,0.082500,0.062500,0.005000,0.000000,0.015000,0
TX,78639,BURNET,0.082500,0.062500,0.000000,0.000000,0.020000,0
TX,78640,HAYS,0.082500,0.062500,0.005000,0.000000,0.015000,0
TX,78641,WILLIAMSON COUNTY EMERGENCY SERVICES DISTRICT NO. 9,0.082500,0.062500,0.000000,0.000000,0.020000,0
TX,78642,LIBERTY HILL PUB LIB DIST,0.082500,0.062500,0.000000,0.000000,0.020000,0
TX,78643,HORSESHOE BAY,0.082500,0.062500,0.000000,0.020000,0.000000,0
TX,78644,MARTINDALE ETJ,0.082500,0.062500,0.005000,0.000000,0.015000,0
TX,78645,AUSTIN MTA TRANSIT,0.082500,0.062500,0.000000,0.000000,0.020000,0
TX,78646,LEANDER,0.082500,0.062500,0.000000,0.010000,0.010000,0
TX,78648,LULING,0.082500,0.062500,0.005000,0.015000,0.000000,0
TX,78650,BASTROP-TRAVIS EMERGENCY SERVICES DISTRICT NO. 1-A,0.082500,0.062500,0.005000,0.000000,0.015000,0
TX,78651,TRAVIS COUNTY EMERGENCY SVCS NO. 4,0.082500,0.062500,0.000000,0.000000,0.020000,0
TX,78652,TRAVIS CO EMERGENCY SERVICE DISTRICT 5,0.082500,0.062500,0.000000,0.000000,0.020000,0
TX,78653,TRAVIS,0.082500,0.062500,0.000000,0.000000,0.020000,0
TX,78654,BURNET,0.082500,0.062500,0.000000,0.000000,0.020000,0
TX,78655,MARTINDALE ETJ,0.082500,0.062500,0.005000,0.000000,0.015000,0
TX,78656,MARTINDALE ETJ,0.082500,0.062500,0.005000,0.000000,0.015000,0
TX,78657,COTTONWOOD SHORES CRIME CONTROL,0.082500,0.062500,0.000000,0.015000,0.005000,0
TX,78658,GONZALES,0.082500,0.062500,0.005000,0.000000,0.015000,0
TX,78659,BASTROP,0.082500,0.062500,0.005000,0.000000,0.015000,0
TX,78660,WILLIAMSON COUNTY EMERGENCY SERVICES DISTRICT NO. 9-B,0.082500,0.062500,0.000000,0.015000,0.005000,0
TX,78661,CALDWELL,0.067500,0.062500,0.005000,0.000000,0.000000,0
TX,78662,BASTROP,0.067500,0.062500,0.005000,0.000000,0.000000,0
TX,78663,BURNET CO ESD 6 SP,0.082500,0.062500,0.000000,0.000000,0.020000,0
TX,78664,WILLIAMSON COUNTY EMERGENCY SERVICES DISTRICT NO. 9,0.082500,0.062500,0.000000,0.000000,0.020000,0
TX,78665,WILLIAMSON COUNTY EMERGENCY SERVICES DISTRICT NO. 9,0.082500,0.062500,0.000000,0.000000,0.020000,0
TX,78666,COMAL COUNTY EMERGENCY SVCS NO. 3,0.082500,0.062500,0.005000,0.000000,0.015000,0
TX,78667,SAN MARCOS,0.082500,0.062500,0.005000,0.015000,0.000000,0
TX,78669,LAKE TRAVIS COMMUNITY LIBRARY DISTRICT,0.082500,0.062500,0.000000,0.000000,0.020000,0
TX,78670,STAPLES,0.082500,0.062500,0.005000,0.010000,0.005000,0
TX,78671,BLANCO CO ESD 2 SP,0.082500,0.062500,0.005000,0.000000,0.015000,0
TX,78672,LLANO,0.062500,0.062500,0.000000,0.000000,0.000000,0
TX,78673,WILLIAMSON,0.082500,0.062500,0.000000,0.000000,0.020000,0
TX,78674,WEIR,0.082500,0.062500,0.000000,0.010000,0.010000,0
TX,78675,GILLESPIE,0.067500,0.062500,0.005000,0.000000,0.000000,0
TX,78676,COMAL COUNTY EMERGENCY SVCS NO. 3,0.082500,0.062500,0.005000,0.000000,0.015000,0
TX,78677,GONZALES,0.082500,0.062500,0.005000,0.000000,0.015000,0
TX,78680,ROUND ROCK,0.082500,0.062500,0.000000,0.020000,0.000000,0
TX,78681,WILLIAMSON COUNTY EMERGENCY SERVICES DISTRICT NO. 2,0.082500,0.062500,0.000000,0.000000,0.020000,0
TX,78682,ROUND ROCK,0.082500,0.062500,0.000000,0.020000,0.000000,0
TX,78683,ROUND ROCK,0.082500,0.062500,0.000000,0.020000,0.000000,0
TX,78691,TRAVIS CO DIST 2 SP,0.082500,0.062500,0.000000,0.015000,0.005000,0
TX,78701,AUSTIN,0.082500,0.062500,0.000000,0.010000,0.010000,0
TX,78702,AUSTIN,0.082500,0.062500,0.000000,0.010000,0.010000,0
TX,78703,AUSTIN,0.082500,0.062500,0.000000,0.010000,0.010000,0
TX,78704,AUSTIN,0.082500,0.062500,0.000000,0.010000,0.010000,0
TX,78705,AUSTIN,0.082500,0.062500,0.000000,0.010000,0.010000,0
TX,78708,AUSTIN,0.082500,0.062500,0.000000,0.010000,0.010000,0
TX,78709,AUSTIN,0.082500,0.062500,0.000000,0.010000,0.010000,0
TX,78710,AUSTIN,0.082500,0.062500,0.000000,0.010000,0.010000,0
TX,78711,AUSTIN,0.082500,0.062500,0.000000,0.010000,0.010000,0
TX,78712,AUSTIN,0.082500,0.062500,0.000000,0.010000,0.010000,0
TX,78713,AUSTIN,0.082500,0.062500,0.000000,0.010000,0.010000,0
TX,78714,AUSTIN,0.082500,0.062500,0.000000,0.010000,0.010000,0
TX,78715,AUSTIN,0.082500,0.062500,0.000000,0.010000,0.010000,0
TX,78716,AUSTIN,0.082500,0.062500,0.000000,0.010000,0.010000,0
TX,78717,WILLIAMSON COUNTY EMERGENCY SERVICES DISTRICT NO. 2,0.082500,0.062500,0.000000,0.000000,0.020000,0
TX,78718,AUSTIN,0.082500,0.062500,0.000000,0.010000,0.010000,0
TX,78719,AUSTIN,0.082500,0.062500,0.000000,0.010000,0.010000,0
TX,78720,AUSTIN,0.082500,0.062500,0.000000,0.010000,0.010000,0
TX,78721,AUSTIN,0.082500,0.062500,0.000000,0.010000,0.010000,0
TX,78722,AUSTIN,0.082500,0.062500,0.000000,0.010000,0.010000,0
TX,78723,AUSTIN,0.082500,0.062500,0.000000,0.010000,0.010000,0
TX,78724,AUSTIN,0.082500,0.062500,0.000000,0.010000,0.010000,0
TX,78725,AUSTIN,0.082500,0.062500,0.000000,0.010000,0.010000,0
TX,78726,CEDAR PARK,0.082500,0.062500,0.000000,0.020000,0.000000,0
TX,78727,AUSTIN,0.082500,0.062500,0.000000,0.010000,0.010000,0
TX,78728,WILLIAMSON COUNTY EMERGENCY SERVICES DISTRICT NO. 9,0.082500,0.062500,0.000000,0.000000,0.020000,0
TX,78729,AUSTIN,0.082500,0.062500,0.000000,0.010000,0.010000,0
TX,78730,AUSTIN,0.082500,0.062500,0.000000,0.010000,0.010000,0
TX,78731,AUSTIN,0.082500,0.062500,0.000000,0.010000,0.010000,0
TX,78732,AUSTIN,0.082500,0.062500,0.000000,0.010000,0.010000,0
TX,78733,AUSTIN,0.082500,0.062500,0.000000,0.010000,0.010000,0
TX,78734,LAKE TRAVIS COMMUNITY LIBRARY DISTRICT,0.082500,0.062500,0.000000,0.000000,0.020000,0
TX,78735,TRAVIS,0.082500,0.062500,0.000000,0.000000,0.020000,0
TX,78736,DRIPPING SPRINGS LIBRARY DISTRICT,0.082500,0.062500,0.005000,0.000000,0.015000,0
TX,78737,DRIPPING SPRINGS LIBRARY DISTRICT,0.082500,0.062500,0.005000,0.000000,0.015000,0
TX,78738,LAKE TRAVIS COMMUNITY LIBRARY DISTRICT,0.082500,0.062500,0.000000,0.000000,0.020000,0
TX,78739,TRAVIS,0.082500,0.062500,0.000000,0.000000,0.020000,0
TX,78741,AUSTIN,0.082500,0.062500,0.000000,0.010000,0.010000,0
TX,78742,AUSTIN,0.082500,0.062500,0.000000,0.010000,0.010000,0
TX,78744,AUSTIN,0.082500,0.062500,0.000000,0.010000,0.010000,0
TX,78745,AUSTIN,0.082500,0.062500,0.000000,0.010000,0.010000,0
TX,78746,AUSTIN,0.082500,0.062500,0.000000,0.010000,0.010000,0
TX,78747,TRAVIS,0.082500,0.062500,0.000000,0.000000,0.020000,0
TX,78748,TRAVIS CO EMERGENCY SERVICE DISTRICT 5,0.082500,0.062500,0.000000,0.000000,0.020000,0
TX,78749,AUSTIN,0.082500,0.062500,0.000000,0.010000,0.010000,0
TX,78750,AUSTIN,0.082500,0.062500,0.000000,0.010000,0.010000,0
TX,78751,AUSTIN,0.082500,0.062500,0.000000,0.010000,0.010000,0
TX,78752,AUSTIN,0.082500,0.062500,0.000000,0.010000,0.010000,0
TX,78753,AUSTIN,0.082500,0.062500,0.000000,0.010000,0.010000,0
TX,78754,AUSTIN,0.082500,0.062500,0.000000,0.010000,0.010000,0
TX,78755,AUSTIN,0.082500,0.062500,0.000000,0.010000,0.010000,0
TX,78756,AUSTIN,0.082500,0.062500,0.000000,0.010000,0.010000,0
TX,78757,AUSTIN,0.082500,0.062500,0.000000,0.010000,0.010000,0
TX,78758,AUSTIN,0.082500,0.062500,0.000000,0.010000,0.010000,0
TX,78759,AUSTIN,0.082500,0.062500,0.000000,0.010000,0.010000,0
TX,78760,AUSTIN,0.082500,0.062500,0.000000,0.010000,0.010000,0
TX,78761,AUSTIN,0.082500,0.062500,0.000000,0.010000,0.010000,0
TX,78762,AUSTIN,0.082500,0.062500,0.000000,0.010000,0.010000,0
TX,78763,AUSTIN,0.082500,0.062500,0.000000,0.010000,0.010000,0
TX,78764,AUSTIN,0.082500,0.062500,0.000000,0.010000,0.010000,0
TX,78765,AUSTIN,0.082500,0.062500,0.000000,0.010000,0.010000,0
TX,78766,AUSTIN,0.082500,0.062500,0.000000,0.010000,0.010000,0
TX,78767,AUSTIN,0.082500,0.062500,0.000000,0.010000,0.010000,0
TX,78768,AUSTIN,0.082500,0.062500,0.000000,0.010000,0.010000,0
TX,78772,AUSTIN,0.082500,0.062500,0.000000,0.010000,0.010000,0
TX,78773,AUSTIN,0.082500,0.062500,0.000000,0.010000,0.010000,0
TX,78774,AUSTIN,0.082500,0.062500,0.000000,0.010000,0.010000,0
TX,78778,AUSTIN,0.082500,0.062500,0.000000,0.010000,0.010000,0
TX,78779,AUSTIN,0.082500,0.062500,0.000000,0.010000,0.010000,0
TX,78783,AUSTIN,0.082500,0.062500,0.000000,0.010000,0.010000,0
TX,78799,AUSTIN,0.082500,0.062500,0.000000,0.010000,0.010000,0
TX,78801,UVALDE COUNTY HEALTH SERVICES,0.082500,0.062500,0.005000,0.000000,0.015000,0
TX,78802,UVALDE,0.082500,0.062500,0.005000,0.010000,0.005000,0
TX,78827,ASHERTON,0.077500,0.062500,0.005000,0.010000,0.000000,0
TX,78828,REAL,0.067500,0.062500,0.005000,0.000000,0.000000,0
TX,78829,ZAVALA CO ASSISTANCE DISTRICT SP,0.067500,0.062500,0.000000,0.000000,0.005000,0
TX,78830,BIG WELLS,0.077500,0.062500,0.005000,0.010000,0.000000,0
TX,78832,BRACKETTVILLE,0.082500,0.062500,0.005000,0.010000,0.005000,0
TX,78833,CAMP WOOD,0.077500,0.062500,0.005000,0.010000,0.000000,0
TX,78834,CARRIZO SPRINGS,0.082500,0.062500,0.005000,0.015000,0.000000,0
TX,78836,DIMMIT,0.067500,0.062500,0.005000,0.000000,0.000000,0
TX,78837,VAL VERDE,0.067500,0.062500,0.005000,0.000000,0.000000,0
TX,78838,UVALDE COUNTY HEALTH SERVICES,0.082500,0.062500,0.005000,0.000000,0.015000,0
TX,78839,CRYSTAL CITY,0.082500,0.062500,0.000000,0.020000,0.000000,0
TX,78840,DEL RIO,0.082500,0.062500,0.005000,0.015000,0.000000,0
TX,78841,DEL RIO,0.082500,0.062500,0.005000,0.015000,0.000000,0
TX,78842,DEL RIO,0.082500,0.062500,0.005000,0.015000,0.000000,0
TX,78843,DEL RIO,0.082500,0.062500,0.005000,0.015000,0.000000,0
TX,78847,VAL VERDE,0.067500,0.062500,0.005000,0.000000,0.000000,0
TX,78850,MEDINA CO ESD 6 SP,0.082500,0.062500,0.005000,0.000000,0.015000,0
TX,78851,TERRELL,0.077500,0.062500,0.015000,0.000000,0.000000,0
TX,78852,EAGLE PASS,0.082500,0.062500,0.005000,0.010000,0.005000,0
TX,78853,EAGLE PASS,0.082500,0.062500,0.005000,0.010000,0.005000,0
TX,78860,MAVERICK COUNTY LFW AND CDC,0.072500,0.062500,0.005000,0.000000,0.005000,0
TX,78861,HONDO MEDINA CO ESD 6 COMBINED AREA SP,0.082500,0.062500,0.005000,0.000000,0.015000,0
TX,78870,UVALDE COUNTY HEALTH SERVICES,0.082500,0.062500,0.005000,0.000000,0.015000,0
TX,78871,VAL VERDE,0.067500,0.062500,0.005000,0.000000,0.000000,0
TX,78872,ZAVALA CO ASSISTANCE DISTRICT SP,0.067500,0.062500,0.000000,0.000000,0.005000,0
TX,78873,LEAKEY,0.082500,0.062500,0.005000,0.015000,0.000000,0
TX,78877,SPOFFORD,0.072500,0.062500,0.005000,0.000000,0.005000,0
TX,78879,UVALDE COUNTY HEALTH SERVICES,0.082500,0.062500,0.005000,0.000000,0.015000,0
TX,78880,ROCKSPRINGS,0.080000,0.062500,0.000000,0.017500,0.000000,0
TX,78881,UVALDE COUNTY HEALTH SERVICES,0.082500,0.062500,0.005000,0.000000,0.015000,0
TX,78883,BANDERA,0.067500,0.062500,0.005000,0.000000,0.000000,0
TX,78884,UVALDE COUNTY HEALTH SERVICES,0.072500,0.062500,0.005000,0.000000,0.005000,0
TX,78885,BANDERA,0.067500,0.062500,0.005000,0.000000,0.000000,0
TX,78886,MEDINA CO ESD 6 SP,0.082500,0.062500,0.005000,0.000000,0.015000,0
TX,78931,AUSTIN,0.067500,0.062500,0.005000,0.000000,0.000000,0
TX,78932,CARMINE,0.082500,0.062500,0.005000,0.015000,0.000000,0
TX,78933,AUSTIN,0.082500,0.062500,0.005000,0.000000,0.015000,0
TX,78934,COLUMBUS,0.082500,0.062500,0.005000,0.015000,0.000000,0
TX,78935,COLUMBUS,0.082500,0.062500,0.005000,0.015000,0.000000,0
TX,78938,FAYETTE,0.077500,0.062500,0.005000,0.010000,0.000000,0
TX,78940,FAYETTEVILLE,0.082500,0.062500,0.005000,0.015000,0.000000,0
TX,78941,GONZALES,0.082500,0.062500,0.005000,0.000000,0.015000,0
TX,78942,GIDDINGS,0.082500,0.062500,0.005000,0.015000,0.000000,0
TX,78943,COLORADO,0.067500,0.062500,0.005000,0.000000,0.000000,0
TX,78944,INDUSTRY,0.082500,0.062500,0.005000,0.015000,0.000000,0
TX,78945,LA GRANGE,0.082500,0.062500,0.005000,0.015000,0.000000,0
TX,78946,FAYETTE,0.067500,0.062500,0.005000,0.000000,0.000000,0
TX,78947,LEXINGTON,0.082500,0.062500,0.005000,0.015000,0.000000,0
TX,78948,LEE,0.067500,0.062500,0.005000,0.000000,0.000000,0
TX,78949,FAYETTE,0.067500,0.062500,0.005000,0.000000,0.000000,0
TX,78950,AUSTIN,0.067500,0.062500,0.005000,0.000000,0.000000,0
TX,78951,COLORADO,0.067500,0.062500,0.005000,0.000000,0.000000,0
TX,78952,FAYETTE,0.067500,0.062500,0.005000,0.000000,0.000000,0
TX,78953,BASTROP,0.067500,0.062500,0.005000,0.000000,0.000000,0
TX,78954,ROUND TOP,0.082500,0.062500,0.005000,0.015000,0.000000,0
TX,78956,SCHULENBURG,0.082500,0.062500,0.005000,0.015000,0.000000,0
TX,78957,BASTROP,0.082500,0.062500,0.005000,0.000000,0.015000,0
TX,78959,GONZALES,0.082500,0.062500,0.005000,0.000000,0.015000,0
TX,78960,FAYETTE,0.067500,0.062500,0.005000,0.000000,0.000000,0
TX,78961,ROUND TOP,0.082500,0.062500,0.005000,0.015000,0.000000,0
TX,78962,WEIMAR,0.082500,0.062500,0.005000,0.015000,0.000000,0
TX,78963,FAYETTE,0.067500,0.062500,0.005000,0.000000,0.000000,0
TX,79001,ADRIAN,0.077500,0.062500,0.005000,0.010000,0.000000,0
TX,79002,MCLEAN,0.082500,0.062500,0.000000,0.020000,0.000000,0
TX,79003,WHEELER,0.062500,0.062500,0.000000,0.000000,0.000000,0
TX,79005,BOOKER,0.077500,0.062500,0.000000,0.015000,0.000000,0
TX,79007,BORGER,0.082500,0.062500,0.000000,0.020000,0.000000,0
TX,79008,BORGER,0.082500,0.062500,0.000000,0.020000,0.000000,0
TX,79009,BOVINA,0.082500,0.062500,0.000000,0.020000,0.000000,0
TX,79010,POTTER COUNTY ASSISTANCE DISTRICT 1 SP,0.082500,0.062500,0.000000,0.000000,0.020000,0
TX,79011,WHEELER,0.062500,0.062500,0.000000,0.000000,0.000000,0
TX,79012,POTTER COUNTY ASSISTANCE DISTRICT 1 SP,0.082500,0.062500,0.000000,0.000000,0.020000,0
TX,79013,CACTUS,0.072500,0.062500,0.000000,0.010000,0.000000,0
TX,79014,CANADIAN,0.082500,0.062500,0.000000,0.020000,0.000000,0
TX,79015,RANDALL,0.082500,0.062500,0.000000,0.000000,0.020000,0
TX,79016,CANYON,0.082500,0.062500,0.000000,0.020000,0.000000,0
TX,79018,CHANNING,0.072500,0.062500,0.000000,0.010000,0.000000,0
TX,79019,CLAUDE,0.082500,0.062500,0.005000,0.015000,0.000000,0
TX,79021,HALE,0.067500,0.062500,0.005000,0.000000,0.000000,0
TX,79022,DALHART,0.082500,0.062500,0.000000,0.020000,0.000000,0
TX,79024,DARROUZETT,0.082500,0.062500,0.000000,0.020000,0.000000,0
TX,79025,DEAF SMITH,0.067500,0.062500,0.005000,0.000000,0.000000,0
TX,79027,DIMMITT,0.082500,0.062500,0.005000,0.015000,0.000000,0
TX,79029,DUMAS,0.082500,0.062500,0.000000,0.020000,0.000000,0
TX,79031,EARTH,0.077500,0.062500,0.000000,0.015000,0.000000,0
TX,79032,EDMONSON,0.077500,0.062500,0.005000,0.010000,0.000000,0
TX,79033,OCHILTREE,0.062500,0.062500,0.000000,0.000000,0.000000,0
TX,79034,FOLLETT,0.082500,0.062500,0.000000,0.020000,0.000000,0
TX,79035,FRIONA,0.082500,0.062500,0.000000,0.020000,0.000000,0
TX,79036,FRITCH,0.082500,0.062500,0.000000,0.017500,0.002500,0
TX,79039,GROOM,0.082500,0.062500,0.000000,0.020000,0.000000,0
TX,79040,GRUVER,0.082500,0.062500,0.000000,0.020000,0.000000,0
TX,79041,HALE CENTER,0.082500,0.062500,0.005000,0.015000,0.000000,0
TX,79042,HAPPY,0.077500,0.062500,0.005000,0.010000,0.000000,0
TX,79043,HART,0.082500,0.062500,0.005000,0.015000,0.000000,0
TX,79044,HARTLEY,0.062500,0.062500,0.000000,0.000000,0.000000,0
TX,79045,DIMMITT,0.082500,0.062500,0.005000,0.015000,0.000000,0
TX,79046,HIGGINS,0.080000,0.062500,0.000000,0.017500,0.000000,0
TX,79051,DALLAM,0.062500,0.062500,0.000000,0.000000,0.000000,0
TX,79052,KRESS,0.077500,0.062500,0.005000,0.010000,0.000000,0
TX,79053,PARMER,0.062500,0.062500,0.000000,0.000000,0.000000,0
TX,79054,LEFORS,0.072500,0.062500,0.000000,0.010000,0.000000,0
TX,79056,LIPSCOMB,0.062500,0.062500,0.000000,0.000000,0.000000,0
TX,79057,DONLEY COUNTY ASSISTANCE DISTRICT NO. 2,0.082500,0.062500,0.000000,0.000000,0.020000,0
TX,79058,POTTER COUNTY ASSISTANCE DISTRICT 1 SP,0.082500,0.062500,0.000000,0.000000,0.020000,0
TX,79059,MIAMI,0.082500,0.062500,0.000000,0.020000,0.000000,0
TX,79061,MOBEETIE,0.072500,0.062500,0.000000,0.010000,0.000000,0
TX,79062,HUTCHINSON,0.062500,0.062500,0.000000,0.000000,0.000000,0
TX,79063,NAZARETH,0.082500,0.062500,0.005000,0.015000,0.000000,0
TX,79064,OLTON,0.082500,0.062500,0.000000,0.020000,0.000000,0
TX,79065,PAMPA,0.082500,0.062500,0.000000,0.020000,0.000000,0
TX,79066,PAMPA,0.082500,0.062500,0.000000,0.020000,0.000000,0
TX,79068,PANHANDLE,0.082500,0.062500,0.000000,0.020000,0.000000,0
TX,79070,PERRYTON,0.082500,0.062500,0.000000,0.020000,0.000000,0
TX,79072,PLAINVIEW,0.082500,0.062500,0.005000,0.015000,0.000000,0
TX,79073,PLAINVIEW,0.082500,0.062500,0.005000,0.015000,0.000000,0
TX,79077,COLLINGSWORTH,0.062500,0.062500,0.000000,0.000000,0.000000,0
TX,79078,SANFORD,0.072500,0.062500,0.000000,0.010000,0.000000,0
TX,79079,SHAMROCK,0.080000,0.062500,0.000000,0.017500,0.000000,0
TX,79080,SKELLYTOWN,0.082500,0.062500,0.000000,0.020000,0.000000,0
TX,79081,SPEARMAN,0.082500,0.062500,0.000000,0.020000,0.000000,0
TX,79082,CASTRO,0.067500,0.062500,0.005000,0.000000,0.000000,0
TX,79083,STINNETT,0.082500,0.062500,0.000000,0.020000,0.000000,0
TX,79084,STRATFORD,0.077500,0.062500,0.000000,0.015000,0.000000,0
TX,79085,CASTRO,0.067500,0.062500,0.005000,0.000000,0.000000,0
TX,79086,SUNRAY,0.082500,0.062500,0.000000,0.020000,0.000000,0
TX,79087,TEXLINE,0.072500,0.062500,0.000000,0.010000,0.000000,0
TX,79088,TULIA,0.082500,0.062500,0.005000,0.015000,0.000000,0
TX,79091,RANDALL COUNTY ASSISTANCE DISTRICT NO 1 SP,0.067500,0.062500,0.000000,0.000000,0.005000,0
TX,79092,VEGA,0.082500,0.062500,0.005000,0.015000,0.000000,0
TX,79093,OCHILTREE,0.062500,0.062500,0.000000,0.000000,0.000000,0
TX,79094,ARMSTRONG,0.067500,0.062500,0.005000,0.000000,0.000000,0
TX,79095,WELLINGTON,0.082500,0.062500,0.000000,0.020000,0.000000,0
TX,79096,WHEELER,0.080000,0.062500,0.000000,0.017500,0.000000,0
TX,79097,WHITE DEER,0.082500,0.062500,0.000000,0.020000,0.000000,0
TX,79098,POTTER COUNTY ASSISTANCE DISTRICT 1 SP,0.082500,0.062500,0.000000,0.000000,0.020000,0
TX,79101,AMARILLO,0.082500,0.062500,0.000000,0.020000,0.000000,0
TX,79102,AMARILLO,0.082500,0.062500,0.000000,0.020000,0.000000,0
TX,79103,AMARILLO,0.082500,0.062500,0.000000,0.020000,0.000000,0
TX,79104,AMARILLO,0.082500,0.062500,0.000000,0.020000,0.000000,0
TX,79105,AMARILLO,0.082500,0.062500,0.000000,0.020000,0.000000,0
TX,79106,AMARILLO,0.082500,0.062500,0.000000,0.020000,0.000000,0
TX,79107,AMARILLO,0.082500,0.062500,0.000000,0.020000,0.000000,0
TX,79108,POTTER,0.082500,0.062500,0.000000,0.000000,0.020000,0
TX,79109,AMARILLO,0.082500,0.062500,0.000000,0.020000,0.000000,0
TX,79110,AMARILLO,0.082500,0.062500,0.000000,0.020000,0.000000,0
TX,79111,AMARILLO,0.082500,0.062500,0.000000,0.020000,0.000000,0
TX,79114,AMARILLO,0.082500,0.062500,0.000000,0.020000,0.000000,0
TX,79116,AMARILLO,0.082500,0.062500,0.000000,0.020000,0.000000,0
TX,79117,AMARILLO,0.082500,0.062500,0.000000,0.020000,0.000000,0
TX,79118,RANDALL,0.082500,0.062500,0.000000,0.000000,0.020000,0
TX,79119,RANDALL,0.082500,0.062500,0.000000,0.000000,0.020000,0
TX,79120,AMARILLO,0.082500,0.062500,0.000000,0.020000,0.000000,0
TX,79121,AMARILLO,0.082500,0.062500,0.000000,0.020000,0.000000,0
TX,79124,POTTER,0.082500,0.062500,0.000000,0.000000,0.020000,0
TX,79159,AMARILLO,0.082500,0.062500,0.000000,0.020000,0.000000,0
TX,79166,AMARILLO,0.082500,0.062500,0.000000,0.020000,0.000000,0
TX,79168,AMARILLO,0.082500,0.062500,0.000000,0.020000,0.000000,0
TX,79172,AMARILLO,0.082500,0.062500,0.000000,0.020000,0.000000,0
TX,79174,AMARILLO,0.082500,0.062500,0.000000,0.020000,0.000000,0
TX,79178,AMARILLO,0.082500,0.062500,0.000000,0.020000,0.000000,0
TX,79185,RANDALL COUNTY ASSISTANCE DISTRICT NO 1 SP,0.067500,0.062500,0.000000,0.000000,0.005000,0
TX,79189,AMARILLO,0.082500,0.062500,0.000000,0.020000,0.000000,0
TX,79201,COTTLE,0.082500,0.062500,0.000000,0.000000,0.020000,0
TX,79220,DICKENS,0.067500,0.062500,0.005000,0.000000,0.000000,0
TX,79221,FLOYD,0.062500,0.062500,0.000000,0.000000,0.000000,0
TX,79223,COTTLE,0.082500,0.062500,0.000000,0.000000,0.020000,0
TX,79225,CHILLICOTHE,0.080000,0.062500,0.005000,0.012500,0.000000,0
TX,79226,DONLEY COUNTY ASSISTANCE DISTRICT NO. 2,0.082500,0.062500,0.000000,0.000000,0.020000,0
TX,79227,CROWELL,0.080000,0.062500,0.000000,0.017500,0.000000,0
TX,79229,DICKENS,0.082500,0.062500,0.005000,0.015000,0.000000,0
TX,79230,CHILDRESS,0.067500,0.062500,0.005000,0.000000,0.000000,0
TX,79231,FLOYD,0.062500,0.062500,0.000000,0.000000,0.000000,0
TX,79233,ESTELLINE,0.082500,0.062500,0.000000,0.020000,0.000000,0
TX,79234,FLOYD,0.062500,0.062500,0.000000,0.000000,0.000000,0
TX,79235,FLOYDADA,0.080000,0.062500,0.000000,0.017500,0.000000,0
TX,79236,KING,0.062500,0.062500,0.000000,0.000000,0.000000,0
TX,79237,DONLEY COUNTY ASSISTANCE DISTRICT NO. 2,0.082500,0.062500,0.000000,0.000000,0.020000,0
TX,79239,LAKEVIEW,0.072500,0.062500,0.000000,0.010000,0.000000,0
TX,79240,DONLEY COUNTY ASSISTANCE DISTRICT NO. 2,0.082500,0.062500,0.000000,0.000000,0.020000,0
TX,79241,LOCKNEY,0.077500,0.062500,0.000000,0.015000,0.000000,0
TX,79243,CROSBY,0.067500,0.062500,0.005000,0.000000,0.000000,0
TX,79244,MATADOR,0.082500,0.062500,0.000000,0.020000,0.000000,0
TX,79245,DONLEY COUNTY ASSISTANCE DISTRICT NO. 2,0.082500,0.062500,0.000000,0.000000,0.020000,0
TX,79247,CHILLICOTHE,0.080000,0.062500,0.005000,0.012500,0.000000,0
TX,79248,COTTLE,0.082500,0.062500,0.000000,0.000000,0.020000,0
TX,79250,PETERSBURG,0.082500,0.062500,0.005000,0.015000,0.000000,0
TX,79251,COLLINGSWORTH,0.062500,0.062500,0.000000,0.000000,0.000000,0
TX,79252,COTTLE,0.082500,0.062500,0.000000,0.000000,0.020000,0
TX,79255,QUITAQUE,0.082500,0.062500,0.000000,0.020000,0.000000,0
TX,79256,ROARING SPRINGS,0.082500,0.062500,0.000000,0.020000,0.000000,0
TX,79257,SILVERTON,0.080000,0.062500,0.000000,0.017500,0.000000,0
TX,79258,FLOYD,0.062500,0.062500,0.000000,0.000000,0.000000,0
TX,79259,CHILDRESS,0.067500,0.062500,0.005000,0.000000,0.000000,0
TX,79261,TURKEY,0.082500,0.062500,0.000000,0.020000,0.000000,0
TX,79311,ABERNATHY,0.082500,0.062500,0.005000,0.015000,0.000000,0
TX,79312,AMHERST,0.075000,0.062500,0.000000,0.012500,0.000000,0
TX,79313,ANTON,0.082500,0.062500,0.000000,0.020000,0.000000,0
TX,79314,COCHRAN,0.062500,0.062500,0.000000,0.000000,0.000000,0
TX,79316,BROWNFIELD,0.082500,0.062500,0.005000,0.015000,0.000000,0
TX,79322,CROSBYTON,0.082500,0.062500,0.005000,0.015000,0.000000,0
TX,79323,DENVER CITY,0.082500,0.062500,0.000000,0.020000,0.000000,0
TX,79324,BAILEY,0.067500,0.062500,0.005000,0.000000,0.000000,0
TX,79325,BOVINA,0.082500,0.062500,0.000000,0.020000,0.000000,0
TX,79326,LAMB,0.062500,0.062500,0.000000,0.000000,0.000000,0
TX,79329,IDALOU,0.082500,0.062500,0.005000,0.015000,0.000000,0
TX,79330,POST,0.082500,0.062500,0.000000,0.020000,0.000000,0
TX,79331,LAMESA,0.082500,0.062500,0.005000,0.015000,0.000000,0
TX,79336,HOCKLEY,0.082500,0.062500,0.000000,0.020000,0.000000,0
TX,79338,LEVELLAND,0.082500,0.062500,0.000000,0.020000,0.000000,0
TX,79339,LITTLEFIELD,0.082500,0.062500,0.000000,0.020000,0.000000,0
TX,79342,GAINES,0.062500,0.062500,0.000000,0.000000,0.000000,0
TX,79343,LORENZO,0.077500,0.062500,0.005000,0.010000,0.000000,0
TX,79344,BAILEY,0.067500,0.062500,0.005000,0.000000,0.000000,0
TX,79345,MEADOW,0.077500,0.062500,0.005000,0.010000,0.000000,0
TX,79346,MORTON,0.082500,0.062500,0.000000,0.020000,0.000000,0
TX,79347,SUDAN,0.082500,0.062500,0.000000,0.020000,0.000000,0
TX,79350,NEW DEAL,0.082500,0.062500,0.005000,0.015000,0.000000,0
TX,79351,O'DONNELL,0.077500,0.062500,0.005000,0.010000,0.000000,0
TX,79353,HOCKLEY,0.062500,0.062500,0.000000,0.000000,0.000000,0
TX,79355,PLAINS,0.077500,0.062500,0.000000,0.015000,0.000000,0
TX,79356,POST,0.082500,0.062500,0.000000,0.020000,0.000000,0
TX,79357,RALLS,0.082500,0.062500,0.005000,0.015000,0.000000,0
TX,79358,ROPESVILLE,0.082500,0.062500,0.000000,0.020000,0.000000,0
TX,79359,SEAGRAVES,0.082500,0.062500,0.000000,0.020000,0.000000,0
TX,79360,SEMINOLE,0.082500,0.062500,0.000000,0.020000,0.000000,0
TX,79363,SHALLOWATER,0.082500,0.062500,0.005000,0.015000,0.000000,0
TX,79364,SLATON,0.082500,0.062500,0.005000,0.015000,0.000000,0
TX,79366,BUFFALO SPRINGS,0.077500,0.062500,0.005000,0.010000,0.000000,0
TX,79367,HOCKLEY,0.082500,0.062500,0.000000,0.020000,0.000000,0
TX,79369,LAMB,0.062500,0.062500,0.000000,0.000000,0.000000,0
TX,79370,SPUR,0.082500,0.062500,0.005000,0.015000,0.000000,0
TX,79371,SUDAN,0.082500,0.062500,0.000000,0.020000,0.000000,0
TX,79372,SUNDOWN,0.082500,0.062500,0.000000,0.020000,0.000000,0
TX,79373,TAHOKA,0.082500,0.062500,0.005000,0.015000,0.000000,0
TX,79376,TERRY,0.067500,0.062500,0.005000,0.000000,0.000000,0
TX,79377,DAWSON,0.067500,0.062500,0.005000,0.000000,0.000000,0
TX,79378,WELLMAN,0.077500,0.062500,0.005000,0.010000,0.000000,0
TX,79379,WHITEFACE,0.077500,0.062500,0.000000,0.015000,0.000000,0
TX,79380,HOCKLEY,0.062500,0.062500,0.000000,0.000000,0.000000,0
TX,79381,WILSON,0.077500,0.062500,0.005000,0.010000,0.000000,0
TX,79382,LUBBOCK,0.082500,0.062500,0.005000,0.015000,0.000000,0
TX,79383,NEW HOME,0.067500,0.062500,0.005000,0.000000,0.000000,0
TX,79401,LUBBOCK,0.082500,0.062500,0.005000,0.015000,0.000000,0
TX,79402,LUBBOCK,0.082500,0.062500,0.005000,0.015000,0.000000,0
TX,79403,LUBBOCK,0.082500,0.062500,0.005000,0.015000,0.000000,0
TX,79404,LUBBOCK,0.082500,0.062500,0.005000,0.015000,0.000000,0
TX,79406,LUBBOCK,0.082500,0.062500,0.005000,0.015000,0.000000,0
TX,79407,HOCKLEY,0.082500,0.062500,0.000000,0.020000,0.000000,0
TX,79408,LUBBOCK,0.082500,0.062500,0.005000,0.015000,0.000000,0
TX,79409,LUBBOCK,0.082500,0.062500,0.005000,0.015000,0.000000,0
TX,79410,LUBBOCK,0.082500,0.062500,0.005000,0.015000,0.000000,0
TX,79411,LUBBOCK,0.082500,0.062500,0.005000,0.015000,0.000000,0
TX,79412,LUBBOCK,0.082500,0.062500,0.005000,0.015000,0.000000,0
TX,79413,LUBBOCK,0.082500,0.062500,0.005000,0.015000,0.000000,0
TX,79414,LUBBOCK,0.082500,0.062500,0.005000,0.015000,0.000000,0
TX,79415,LUBBOCK,0.082500,0.062500,0.005000,0.015000,0.000000,0
TX,79416,LUBBOCK,0.082500,0.062500,0.005000,0.015000,0.000000,0
TX,79423,LUBBOCK,0.082500,0.062500,0.005000,0.015000,0.000000,0
TX,79424,LUBBOCK,0.082500,0.062500,0.005000,0.015000,0.000000,0
TX,79430,LUBBOCK,0.082500,0.062500,0.005000,0.015000,0.000000,0
TX,79452,LUBBOCK,0.082500,0.062500,0.005000,0.015000,0.000000,0
TX,79453,LUBBOCK,0.082500,0.062500,0.005000,0.015000,0.000000,0
TX,79457,LUBBOCK,0.082500,0.062500,0.005000,0.015000,0.000000,0
TX,79464,LUBBOCK,0.082500,0.062500,0.005000,0.015000,0.000000,0
TX,79490,LUBBOCK,0.082500,0.062500,0.005000,0.015000,0.000000,0
TX,79491,LUBBOCK,0.082500,0.062500,0.005000,0.015000,0.000000,0
TX,79493,LUBBOCK,0.082500,0.062500,0.005000,0.015000,0.000000,0
TX,79499,LUBBOCK,0.082500,0.062500,0.005000,0.015000,0.000000,0
TX,79501,ANSON,0.082500,0.062500,0.000000,0.020000,0.000000,0
TX,79502,ASPERMONT,0.082500,0.062500,0.000000,0.020000,0.000000,0
TX,79503,HASKELL,0.062500,0.062500,0.000000,0.000000,0.000000,0
TX,79504,BAIRD,0.082500,0.062500,0.000000,0.020000,0.000000,0
TX,79505,BENJAMIN,0.082500,0.062500,0.000000,0.020000,0.000000,0
TX,79506,BLACKWELL,0.072500,0.062500,0.000000,0.010000,0.000000,0
TX,79508,BUFFALO GAP,0.082500,0.062500,0.000000,0.020000,0.000000,0
TX,79510,CLYDE,0.082500,0.062500,0.000000,0.020000,0.000000,0
TX,79511,COAHOMA,0.077500,0.062500,0.000000,0.015000,0.000000,0
TX,79512,COLORADO CITY,0.082500,0.062500,0.005000,0.015000,0.000000,0
TX,79516,SCURRY,0.067500,0.062500,0.005000,0.000000,0.000000,0
TX,79517,BORDEN,0.072500,0.062500,0.010000,0.000000,0.000000,0
TX,79518,KENT,0.062500,0.062500,0.000000,0.000000,0.000000,0
TX,79519,RUNNELS,0.067500,0.062500,0.005000,0.000000,0.000000,0
TX,79520,HAMLIN,0.082500,0.062500,0.000000,0.015000,0.005000,0
TX,79521,HASKELL,0.082500,0.062500,0.000000,0.020000,0.000000,0
TX,79525,HAWLEY,0.082500,0.062500,0.000000,0.020000,0.000000,0
TX,79526,MITCHELL,0.067500,0.062500,0.005000,0.000000,0.000000,0
TX,79527,BORDEN,0.072500,0.062500,0.010000,0.000000,0.000000,0
TX,79528,JAYTON,0.072500,0.062500,0.000000,0.010000,0.000000,0
TX,79529,KNOX CITY,0.082500,0.062500,0.000000,0.020000,0.000000,0
TX,79530,LAWN,0.072500,0.062500,0.000000,0.010000,0.000000,0
TX,79532,LORAINE,0.082500,0.062500,0.005000,0.015000,0.000000,0
TX,79533,LUEDERS,0.072500,0.062500,0.000000,0.010000,0.000000,0
TX,79534,FISHER,0.062500,0.062500,0.000000,0.000000,0.000000,0
TX,79535,NOLAN,0.062500,0.062500,0.000000,0.000000,0.000000,0
TX,79536,MERKEL,0.082500,0.062500,0.000000,0.020000,0.000000,0
TX,79537,NOLAN,0.062500,0.062500,0.000000,0.000000,0.000000,0
TX,79538,NOVICE,0.082500,0.062500,0.000000,0.020000,0.000000,0
TX,79539,O'BRIEN,0.072500,0.062500,0.000000,0.010000,0.000000,0
TX,79540,STONEWALL,0.062500,0.062500,0.000000,0.000000,0.000000,0
TX,79541,CALLAHAN,0.062500,0.062500,0.000000,0.000000,0.000000,0
TX,79543,ROBY,0.072500,0.062500,0.000000,0.010000,0.000000,0
TX,79544,ROCHESTER,0.072500,0.062500,0.000000,0.010000,0.000000,0
TX,79545,ROSCOE,0.082500,0.062500,0.000000,0.020000,0.000000,0
TX,79546,ROTAN,0.082500,0.062500,0.000000,0.020000,0.000000,0
TX,79547,RULE,0.082500,0.062500,0.000000,0.020000,0.000000,0
TX,79548,HASKELL,0.062500,0.062500,0.000000,0.000000,0.000000,0
TX,79549,SNYDER,0.082500,0.062500,0.005000,0.015000,0.000000,0
TX,79550,SNYDER,0.082500,0.062500,0.005000,0.015000,0.000000,0
TX,79553,STAMFORD,0.082500,0.062500,0.000000,0.020000,0.000000,0
TX,79556,SWEETWATER,0.082500,0.062500,0.000000,0.015000,0.005000,0
TX,79560,JONES,0.062500,0.062500,0.000000,0.000000,0.000000,0
TX,79561,TRENT,0.082500,0.062500,0.000000,0.020000,0.000000,0
TX,79562,TUSCOLA CRIME CONTROL AND PREVENTION DISTRICT SL,0.082500,0.062500,0.000000,0.012500,0.007500,0
TX,79563,TYE,0.082500,0.062500,0.000000,0.020000,0.000000,0
TX,79565,WESTBROOK,0.077500,0.062500,0.005000,0.010000,0.000000,0
TX,79566,RUNNELS,0.067500,0.062500,0.005000,0.000000,0.000000,0
TX,79567,WINTERS,0.082500,0.062500,0.005000,0.015000,0.000000,0
TX,79601,ABILENE,0.082500,0.062500,0.000000,0.020000,0.000000,0
TX,79602,ABILENE,0.082500,0.062500,0.000000,0.020000,0.000000,0
TX,79603,ABILENE,0.082500,0.062500,0.000000,0.020000,0.000000,0
TX,79604,ABILENE,0.082500,0.062500,0.000000,0.020000,0.000000,0
TX,79605,ABILENE,0.082500,0.062500,0.000000,0.020000,0.000000,0
TX,79606,ABILENE,0.082500,0.062500,0.000000,0.020000,0.000000,0
TX,79607,ABILENE,0.082500,0.062500,0.000000,0.020000,0.000000,0
TX,79608,ABILENE,0.082500,0.062500,0.000000,0.020000,0.000000,0
TX,79697,ABILENE,0.082500,0.062500,0.000000,0.020000,0.000000,0
TX,79698,ABILENE,0.082500,0.062500,0.000000,0.020000,0.000000,0
TX,79699,ABILENE,0.082500,0.062500,0.000000,0.020000,0.000000,0
TX,79701,MIDLAND,0.082500,0.062500,0.005000,0.012500,0.002500,0
TX,79702,MIDLAND,0.082500,0.062500,0.005000,0.012500,0.002500,0
TX,79703,MIDLAND,0.082500,0.062500,0.005000,0.012500,0.002500,0
TX,79704,MIDLAND,0.082500,0.062500,0.005000,0.012500,0.002500,0
TX,79705,MIDLAND,0.082500,0.062500,0.005000,0.012500,0.002500,0
TX,79706,MIDLAND,0.082500,0.062500,0.005000,0.012500,0.002500,0
TX,79707,ODESSA,0.082500,0.062500,0.005000,0.012500,0.002500,0
TX,79708,MIDLAND,0.082500,0.062500,0.005000,0.012500,0.002500,0
TX,79710,MIDLAND,0.082500,0.062500,0.005000,0.012500,0.002500,0
TX,79711,MIDLAND,0.082500,0.062500,0.005000,0.012500,0.002500,0
TX,79712,MIDLAND,0.082500,0.062500,0.005000,0.012500,0.002500,0
TX,79713,ACKERLY,0.077500,0.062500,0.005000,0.010000,0.000000,0
TX,79714,ANDREWS,0.082500,0.062500,0.000000,0.020000,0.000000,0
TX,79718,REEVES COUNTY HOSPITAL DISTRICT,0.082500,0.062500,0.000000,0.000000,0.020000,0
TX,79719,WARD,0.062500,0.062500,0.000000,0.000000,0.000000,0
TX,79720,BIG SPRING,0.082500,0.062500,0.000000,0.020000,0.000000,0
TX,79721,BIG SPRING,0.082500,0.062500,0.000000,0.020000,0.000000,0
TX,79730,PECOS,0.062500,0.062500,0.000000,0.000000,0.000000,0
TX,79731,CRANE,0.082500,0.062500,0.000000,0.015000,0.005000,0
TX,79733,FORSAN,0.072500,0.062500,0.000000,0.010000,0.000000,0
TX,79734,JEFF DAVIS CO EMERGENCY SVCS NO. 1,0.082500,0.062500,0.005000,0.000000,0.015000,0
TX,79735,FORT STOCKTON,0.082500,0.062500,0.000000,0.020000,0.000000,0
TX,79738,BORDEN,0.072500,0.062500,0.010000,0.000000,0.000000,0
TX,79739,REAGAN,0.067500,0.062500,0.005000,0.000000,0.000000,0
TX,79740,PECOS,0.062500,0.062500,0.000000,0.000000,0.000000,0
TX,79741,ECTOR CO AD,0.082500,0.062500,0.000000,0.000000,0.020000,0
TX,79742,GRANDFALLS,0.082500,0.062500,0.000000,0.020000,0.000000,0
TX,79743,PECOS,0.062500,0.062500,0.000000,0.000000,0.000000,0
TX,79744,IRAAN,0.082500,0.062500,0.000000,0.020000,0.000000,0
TX,79745,KERMIT,0.082500,0.062500,0.005000,0.010000,0.005000,0
TX,79748,HOWARD,0.062500,0.062500,0.000000,0.000000,0.000000,0
TX,79749,MARTIN,0.062500,0.062500,0.000000,0.000000,0.000000,0
TX,79752,MCCAMEY,0.082500,0.062500,0.000000,0.020000,0.000000,0
TX,79754,LOVING,0.062500,0.062500,0.000000,0.000000,0.000000,0
TX,79755,MIDLAND,0.070000,0.062500,0.005000,0.000000,0.002500,0
TX,79756,MONAHANS,0.082500,0.062500,0.000000,0.020000,0.000000,0
TX,79758,ECTOR CO AD,0.082500,0.062500,0.000000,0.000000,0.020000,0
TX,79759,ECTOR CO AD,0.082500,0.062500,0.000000,0.000000,0.020000,0
TX,79760,ODESSA,0.082500,0.062500,0.000000,0.012500,0.007500,0
TX,79761,ECTOR CO AD,0.082500,0.062500,0.000000,0.000000,0.020000,0
TX,79762,ECTOR CO AD,0.082500,0.062500,0.000000,0.000000,0.020000,0
TX,79763,ECTOR CO AD,0.082500,0.062500,0.000000,0.000000,0.020000,0
TX,79764,ECTOR CO AD,0.082500,0.062500,0.000000,0.000000,0.020000,0
TX,79765,ODESSA,0.082500,0.062500,0.005000,0.012500,0.002500,0
TX,79766,ODESSA,0.082500,0.062500,0.005000,0.012500,0.002500,0
TX,79768,ODESSA,0.082500,0.062500,0.000000,0.012500,0.007500,0
TX,79769,ECTOR CO AD,0.082500,0.062500,0.000000,0.000000,0.020000,0
TX,79770,REEVES COUNTY HOSPITAL DISTRICT,0.082500,0.062500,0.000000,0.000000,0.020000,0
TX,79772,REEVES COUNTY HOSPITAL DISTRICT,0.082500,0.062500,0.000000,0.000000,0.020000,0
TX,79776,ECTOR CO AD,0.082500,0.062500,0.000000,0.000000,0.020000,0
TX,79777,PYOTE,0.072500,0.062500,0.000000,0.010000,0.000000,0
TX,79778,RANKIN,0.082500,0.062500,0.000000,0.020000,0.000000,0
TX,79780,REEVES COUNTY HOSPITAL DISTRICT,0.082500,0.062500,0.000000,0.000000,0.020000,0
TX,79781,PECOS,0.062500,0.062500,0.000000,0.000000,0.000000,0
TX,79782,STANTON,0.080000,0.062500,0.000000,0.017500,0.000000,0
TX,79783,MARTIN,0.062500,0.062500,0.000000,0.000000,0.000000,0
TX,79785,REEVES COUNTY HOSPITAL DISTRICT,0.082500,0.062500,0.000000,0.000000,0.020000,0
TX,79786,REEVES COUNTY HOSPITAL DISTRICT,0.082500,0.062500,0.000000,0.000000,0.020000,0
TX,79788,WICKETT,0.072500,0.062500,0.000000,0.010000,0.000000,0
TX,79789,WINK,0.082500,0.062500,0.005000,0.010000,0.005000,0
TX,79821,ANTHONY,0.082500,0.062500,0.005000,0.010000,0.005000,0
TX,79830,ALVIN,0.082500,0.062500,0.005000,0.015000,0.000000,0
TX,79831,ALPINE,0.082500,0.062500,0.005000,0.015000,0.000000,0
TX,79832,ALPINE,0.082500,0.062500,0.005000,0.015000,0.000000,0
TX,79834,BREWSTER COUNTY EMERGENCY SVCS NO. 1,0.082500,0.062500,0.005000,0.000000,0.015000,0
TX,79835,EL PASO CTD TRANSIT,0.082500,0.062500,0.005000,0.010000,0.005000,0
TX,79836,SAN ELIZARIO,0.082500,0.062500,0.005000,0.010000,0.005000,0
TX,79837,DELL CITY,0.072500,0.062500,0.000000,0.010000,0.000000,0
TX,79838,EL PASO COUNTY EMERGENCY SVCS NO. 2,0.072500,0.062500,0.005000,0.000000,0.005000,0
TX,79839,EL PASO COUNTY EMERGENCY SVCS NO. 2,0.072500,0.062500,0.005000,0.000000,0.005000,0
TX,79842,BREWSTER,0.067500,0.062500,0.005000,0.000000,0.000000,0
TX,79843,MARFA,0.080000,0.062500,0.000000,0.017500,0.000000,0
TX,79845,PRESIDIO,0.082500,0.062500,0.000000,0.015000,0.005000,0
TX,79846,PRESIDIO,0.062500,0.062500,0.000000,0.000000,0.000000,0
TX,79847,CULBERSON,0.062500,0.062500,0.000000,0.000000,0.000000,0
TX,79848,TERRELL,0.077500,0.062500,0.015000,0.000000,0.000000,0
TX,79849,SAN ELIZARIO,0.082500,0.062500,0.005000,0.010000,0.005000,0
TX,79851,HUDSPETH,0.062500,0.062500,0.000000,0.000000,0.000000,0
TX,79852,BREWSTER,0.067500,0.062500,0.005000,0.000000,0.000000,0
TX,79853,EL PASO COUNTY EMERGENCY SVCS NO. 2,0.072500,0.062500,0.005000,0.000000,0.005000,0
TX,79854,JEFF DAVIS CO EMERGENCY SVCS NO. 1,0.082500,0.062500,0.005000,0.000000,0.015000,0
TX,79855,VAN HORN,0.080000,0.062500,0.000000,0.017500,0.000000,0
TX,79901,EL PASO CTD TRANSIT,0.082500,0.062500,0.005000,0.010000,0.005000,0
TX,79902,EL PASO CTD TRANSIT,0.082500,0.062500,0.005000,0.010000,0.005000,0
TX,79903,EL PASO CTD TRANSIT,0.082500,0.062500,0.005000,0.010000,0.005000,0
TX,79904,EL PASO CTD TRANSIT,0.082500,0.062500,0.005000,0.010000,0.005000,0
TX,79905,EL PASO CTD TRANSIT,0.082500,0.062500,0.005000,0.010000,0.005000,0
TX,79906,EL PASO,0.082500,0.062500,0.005000,0.010000,0.005000,0
TX,79907,EL PASO CTD TRANSIT,0.082500,0.062500,0.005000,0.010000,0.005000,0
TX,79908,EL PASO,0.082500,0.062500,0.005000,0.010000,0.005000,0
TX,79910,EL PASO CTD TRANSIT,0.082500,0.062500,0.005000,0.010000,0.005000,0
TX,79911,EL PASO CTD TRANSIT,0.082500,0.062500,0.005000,0.010000,0.005000,0
TX,79912,EL PASO CTD TRANSIT,0.082500,0.062500,0.005000,0.010000,0.005000,0
TX,79913,EL PASO CTD TRANSIT,0.082500,0.062500,0.005000,0.010000,0.005000,0
TX,79914,EL PASO CTD TRANSIT,0.082500,0.062500,0.005000,0.010000,0.005000,0
TX,79915,EL PASO CTD TRANSIT,0.082500,0.062500,0.005000,0.010000,0.005000,0
TX,79916,EL PASO,0.082500,0.062500,0.005000,0.010000,0.005000,0
TX,79917,EL PASO CTD TRANSIT,0.082500,0.062500,0.005000,0.010000,0.005000,0
TX,79918,EL PASO COUNTY EMERGENCY SVCS NO. 2,0.072500,0.062500,0.005000,0.000000,0.005000,0
TX,79920,EL PASO CTD TRANSIT,0.082500,0.062500,0.005000,0.010000,0.005000,0
TX,79922,EL PASO CTD TRANSIT,0.082500,0.062500,0.005000,0.010000,0.005000,0
TX,79923,EL PASO CTD TRANSIT,0.082500,0.062500,0.005000,0.010000,0.005000,0
TX,79924,EL PASO CTD TRANSIT,0.082500,0.062500,0.005000,0.010000,0.005000,0
TX,79925,EL PASO,0.082500,0.062500,0.005000,0.010000,0.005000,0
TX,79926,EL PASO CTD TRANSIT,0.082500,0.062500,0.005000,0.010000,0.005000,0
TX,79927,EL PASO,0.082500,0.062500,0.005000,0.000000,0.015000,0
TX,79928,EL PASO,0.082500,0.062500,0.005000,0.000000,0.015000,0
TX,79929,EL PASO CTD TRANSIT,0.082500,0.062500,0.005000,0.010000,0.005000,0
TX,79930,EL PASO CTD TRANSIT,0.082500,0.062500,0.005000,0.010000,0.005000,0
TX,79931,EL PASO CTD TRANSIT,0.082500,0.062500,0.005000,0.010000,0.005000,0
TX,79932,EL PASO CTD TRANSIT,0.082500,0.062500,0.005000,0.010000,0.005000,0
TX,79934,EL PASO CTD TRANSIT,0.082500,0.062500,0.005000,0.010000,0.005000,0
TX,79935,EL PASO CTD TRANSIT,0.082500,0.062500,0.005000,0.010000,0.005000,0
TX,79936,EL PASO,0.082500,0.062500,0.005000,0.000000,0.015000,0
TX,79937,EL PASO CTD TRANSIT,0.082500,0.062500,0.005000,0.010000,0.005000,0
TX,79938,EL PASO CTD TRANSIT,0.082500,0.062500,0.005000,0.010000,0.005000,0
TX,79940,EL PASO CTD TRANSIT,0.082500,0.062500,0.005000,0.010000,0.005000,0
TX,79941,EL PASO CTD TRANSIT,0.082500,0.062500,0.005000,0.010000,0.005000,0
TX,79942,EL PASO CTD TRANSIT,0.082500,0.062500,0.005000,0.010000,0.005000,0
TX,79943,EL PASO CTD TRANSIT,0.082500,0.062500,0.005000,0.010000,0.005000,0
TX,79944,EL PASO CTD TRANSIT,0.082500,0.062500,0.005000,0.010000,0.005000,0
TX,79945,EL PASO CTD TRANSIT,0.082500,0.062500,0.005000,0.010000,0.005000,0
TX,79946,EL PASO CTD TRANSIT,0.082500,0.062500,0.005000,0.010000,0.005000,0
TX,79947,EL PASO CTD TRANSIT,0.082500,0.062500,0.005000,0.010000,0.005000,0
TX,79948,EL PASO CTD TRANSIT,0.082500,0.062500,0.005000,0.010000,0.005000,0
TX,79949,EL PASO CTD TRANSIT,0.082500,0.062500,0.005000,0.010000,0.005000,0
TX,79950,EL PASO CTD TRANSIT,0.082500,0.062500,0.005000,0.010000,0.005000,0
TX,79951,EL PASO CTD TRANSIT,0.082500,0.062500,0.005000,0.010000,0.005000,0
TX,79952,EL PASO CTD TRANSIT,0.082500,0.062500,0.005000,0.010000,0.005000,0
TX,79953,EL PASO CTD TRANSIT,0.082500,0.062500,0.005000,0.010000,0.005000,0
TX,79954,EL PASO CTD TRANSIT,0.082500,0.062500,0.005000,0.010000,0.005000,0
TX,79955,EL PASO CTD TRANSIT,0.082500,0.062500,0.005000,0.010000,0.005000,0
TX,79958,EL PASO CTD TRANSIT,0.082500,0.062500,0.005000,0.010000,0.005000,0
TX,79960,EL PASO CTD TRANSIT,0.082500,0.062500,0.005000,0.010000,0.005000,0
TX,79961,EL PASO CTD TRANSIT,0.082500,0.062500,0.005000,0.010000,0.005000,0
TX,79968,EL PASO CTD TRANSIT,0.082500,0.062500,0.005000,0.010000,0.005000,0
TX,79976,EL PASO CTD TRANSIT,0.082500,0.062500,0.005000,0.010000,0.005000,0
TX,79978,EL PASO CTD TRANSIT,0.082500,0.062500,0.005000,0.010000,0.005000,0
TX,79980,EL PASO CTD TRANSIT,0.082500,0.062500,0.005000,0.010000,0.005000,0
TX,79995,EL PASO CTD TRANSIT,0.082500,0.062500,0.005000,0.010000,0.005000,0
TX,79996,EL PASO CTD TRANSIT,0.082500,0.062500,0.005000,0.010000,0.005000,0
TX,79997,EL PASO CTD TRANSIT,0.082500,0.062500,0.005000,0.010000,0.005000,0
TX,79998,EL PASO CTD TRANSIT,0.082500,0.062500,0.005000,0.010000,0.005000,0
TX,79999,EL PASO CTD TRANSIT,0.082500,0.062500,0.005000,0.010000,0.005000,0
TX,88240,GAINES,0.062500,0.062500,0.000000,0.000000,0.000000,0
TX,88510,EL PASO CTD TRANSIT,0.082500,0.062500,0.005000,0.010000,0.005000,0
TX,88511,EL PASO CTD TRANSIT,0.082500,0.062500,0.005000,0.010000,0.005000,0
TX,88512,EL PASO CTD TRANSIT,0.082500,0.062500,0.005000,0.010000,0.005000,0
TX,88513,EL PASO CTD TRANSIT,0.082500,0.062500,0.005000,0.010000,0.005000,0
TX,88514,EL PASO CTD TRANSIT,0.082500,0.062500,0.005000,0.010000,0.005000,0
TX,88515,EL PASO CTD TRANSIT,0.082500,0.062500,0.005000,0.010000,0.005000,0
TX,88517,EL PASO CTD TRANSIT,0.082500,0.062500,0.005000,0.010000,0.005000,0
TX,88518,EL PASO CTD TRANSIT,0.082500,0.062500,0.005000,0.010000,0.005000,0
TX,88519,EL PASO CTD TRANSIT,0.082500,0.062500,0.005000,0.010000,0.005000,0
TX,88520,EL PASO CTD TRANSIT,0.082500,0.062500,0.005000,0.010000,0.005000,0
TX,88521,EL PASO CTD TRANSIT,0.082500,0.062500,0.005000,0.010000,0.005000,0
TX,88523,EL PASO CTD TRANSIT,0.082500,0.062500,0.005000,0.010000,0.005000,0
TX,88524,EL PASO CTD TRANSIT,0.082500,0.062500,0.005000,0.010000,0.005000,0
TX,88525,EL PASO CTD TRANSIT,0.082500,0.062500,0.005000,0.010000,0.005000,0
TX,88526,EL PASO CTD TRANSIT,0.082500,0.062500,0.005000,0.010000,0.005000,0
TX,88527,EL PASO CTD TRANSIT,0.082500,0.062500,0.005000,0.010000,0.005000,0
TX,88528,EL PASO CTD TRANSIT,0.082500,0.062500,0.005000,0.010000,0.005000,0
TX,88529,EL PASO CTD TRANSIT,0.082500,0.062500,0.005000,0.010000,0.005000,0
TX,88530,EL PASO CTD TRANSIT,0.082500,0.062500,0.005000,0.010000,0.005000,0
TX,88531,EL PASO CTD TRANSIT,0.082500,0.062500,0.005000,0.010000,0.005000,0
TX,88532,EL PASO CTD TRANSIT,0.082500,0.062500,0.005000,0.010000,0.005000,0
TX,88533,EL PASO CTD TRANSIT,0.082500,0.062500,0.005000,0.010000,0.005000,0
TX,88534,EL PASO CTD TRANSIT,0.082500,0.062500,0.005000,0.010000,0.005000,0
TX,88535,EL PASO CTD TRANSIT,0.082500,0.062500,0.005000,0.010000,0.005000,0
TX,88536,EL PASO CTD TRANSIT,0.082500,0.062500,0.005000,0.010000,0.005000,0
TX,88538,EL PASO CTD TRANSIT,0.082500,0.062500,0.005000,0.010000,0.005000,0
TX,88539,EL PASO CTD TRANSIT,0.082500,0.062500,0.005000,0.010000,0.005000,0
TX,88540,EL PASO CTD TRANSIT,0.082500,0.062500,0.005000,0.010000,0.005000,0
TX,88541,EL PASO CTD TRANSIT,0.082500,0.062500,0.005000,0.010000,0.005000,0
TX,88542,EL PASO CTD TRANSIT,0.082500,0.062500,0.005000,0.010000,0.005000,0
TX,88543,EL PASO CTD TRANSIT,0.082500,0.062500,0.005000,0.010000,0.005000,0
TX,88544,EL PASO CTD TRANSIT,0.082500,0.062500,0.005000,0.010000,0.005000,0
TX,88545,EL PASO CTD TRANSIT,0.082500,0.062500,0.005000,0.010000,0.005000,0
TX,88546,EL PASO CTD TRANSIT,0.082500,0.062500,0.005000,0.010000,0.005000,0
TX,88547,EL PASO CTD TRANSIT,0.082500,0.062500,0.005000,0.010000,0.005000,0
TX,88548,EL PASO CTD TRANSIT,0.082500,0.062500,0.005000,0.010000,0.005000,0
TX,88549,EL PASO CTD TRANSIT,0.082500,0.062500,0.005000,0.010000,0.005000,0
TX,88550,EL PASO CTD TRANSIT,0.082500,0.062500,0.005000,0.010000,0.005000,0
TX,88553,EL PASO CTD TRANSIT,0.082500,0.062500,0.005000,0.010000,0.005000,0
TX,88554,EL PASO CTD TRANSIT,0.082500,0.062500,0.005000,0.010000,0.005000,0
TX,88555,EL PASO CTD TRANSIT,0.082500,0.062500,0.005000,0.010000,0.005000,0
TX,88556,EL PASO CTD TRANSIT,0.082500,0.062500,0.005000,0.010000,0.005000,0
TX,88557,EL PASO CTD TRANSIT,0.082500,0.062500,0.005000,0.010000,0.005000,0
TX,88558,EL PASO CTD TRANSIT,0.082500,0.062500,0.005000,0.010000,0.005000,0
TX,88559,EL PASO CTD TRANSIT,0.082500,0.062500,0.005000,0.010000,0.005000,0
TX,88560,EL PASO CTD TRANSIT,0.082500,0.062500,0.005000,0.010000,0.005000,0
TX,88561,EL PASO CTD TRANSIT,0.082500,0.062500,0.005000,0.010000,0.005000,0
TX,88562,EL PASO CTD TRANSIT,0.082500,0.062500,0.005000,0.010000,0.005000,0
TX,88563,EL PASO CTD TRANSIT,0.082500,0.062500,0.005000,0.010000,0.005000,0
TX,88565,EL PASO CTD TRANSIT,0.082500,0.062500,0.005000,0.010000,0.005000,0
TX,88566,EL PASO CTD TRANSIT,0.082500,0.062500,0.005000,0.010000,0.005000,0
TX,88567,EL PASO CTD TRANSIT,0.082500,0.062500,0.005000,0.010000,0.005000,0
TX,88568,EL PASO CTD TRANSIT,0.082500,0.062500,0.005000,0.010000,0.005000,0
TX,88569,EL PASO CTD TRANSIT,0.082500,0.062500,0.005000,0.010000,0.005000,0
TX,88570,EL PASO CTD TRANSIT,0.082500,0.062500,0.005000,0.010000,0.005000,0
TX,88571,EL PASO CTD TRANSIT,0.082500,0.062500,0.005000,0.010000,0.005000,0
TX,88572,EL PASO CTD TRANSIT,0.082500,0.062500,0.005000,0.010000,0.005000,0
TX,88573,EL PASO CTD TRANSIT,0.082500,0.062500,0.005000,0.010000,0.005000,0
TX,88574,EL PASO CTD TRANSIT,0.082500,0.062500,0.005000,0.010000,0.005000,0
TX,88575,EL PASO CTD TRANSIT,0.082500,0.062500,0.005000,0.010000,0.005000,0
TX,88576,EL PASO CTD TRANSIT,0.082500,0.062500,0.005000,0.010000,0.005000,0
TX,88577,EL PASO CTD TRANSIT,0.082500,0.062500,0.005000,0.010000,0.005000,0
TX,88578,EL PASO CTD TRANSIT,0.082500,0.062500,0.005000,0.010000,0.005000,0
TX,88579,EL PASO CTD TRANSIT,0.082500,0.062500,0.005000,0.010000,0.005000,0
TX,88580,EL PASO CTD TRANSIT,0.082500,0.062500,0.005000,0.010000,0.005000,0
TX,88581,EL PASO CTD TRANSIT,0.082500,0.062500,0.005000,0.010000,0.005000,0
TX,88582,EL PASO CTD TRANSIT,0.082500,0.062500,0.005000,0.010000,0.005000,0
TX,88583,EL PASO CTD TRANSIT,0.082500,0.062500,0.005000,0.010000,0.005000,0
TX,88584,EL PASO CTD TRANSIT,0.082500,0.062500,0.005000,0.010000,0.005000,0
TX,88585,EL PASO CTD TRANSIT,0.082500,0.062500,0.005000,0.010000,0.005000,0
TX,88586,EL PASO CTD TRANSIT,0.082500,0.062500,0.005000,0.010000,0.005000,0
TX,88587,EL PASO CTD TRANSIT,0.082500,0.062500,0.005000,0.010000,0.005000,0
TX,88588,EL PASO CTD TRANSIT,0.082500,0.062500,0.005000,0.010000,0.005000,0
TX,88589,EL PASO CTD TRANSIT,0.082500,0.062500,0.005000,0.010000,0.005000,0
TX,88590,EL PASO CTD TRANSIT,0.082500,0.062500,0.005000,0.010000,0.005000,0
TX,88595,EL PASO CTD TRANSIT,0.082500,0.062500,0.005000,0.010000,0.005000,0
